opportunity_key,opportunity_id_business,lead_key,sales_rep_key,channel_key,created_date,created_date_key,close_date,close_date_key,status,estimated_value_brl,discount_pct,won_value_brl,sales_cycle_days,source_system,anomaly_flag
1,OP-000001,8,21,2,2024-06-10,20240610,2024-08-17,20240817,Lost,84300.0,0.1607,0.0,68.0,CRM,False
2,OP-000002,13,9,2,2024-09-07,20240907,2024-10-06,20241006,Lost,13100.0,0.0232,0.0,29.0,CRM,False
3,OP-000003,18,16,5,2025-06-20,20250620,,,Open,129700.0,0.0157,0.0,194.0,CRM,False
4,OP-000004,22,13,1,2024-03-12,20240312,,,Open,157100.0,0.1431,0.0,659.0,CRM,False
5,OP-000005,36,12,2,2025-06-25,20250625,2025-08-09,20250809,Lost,10100.0,0.1072,0.0,45.0,CRM,False
6,OP-000006,45,6,4,2024-12-04,20241204,,,Open,11400.0,0.0477,0.0,392.0,CRM,False
7,OP-000007,57,16,4,2025-12-16,20251216,2026-01-21,20260121,Lost,123400.0,0.1735,0.0,36.0,CRM,False
8,OP-000008,61,6,1,2024-02-04,20240204,2024-03-22,20240322,Lost,69600.0,0.0501,0.0,47.0,CRM,False
9,OP-000009,80,21,2,2024-04-10,20240410,2024-07-07,20240707,Lost,69700.0,0.0602,0.0,88.0,CRM,False
10,OP-000010,85,24,2,2024-10-31,20241031,2024-12-30,20241230,Won,8700.0,0.0733,8062.08,60.0,CRM,False
11,OP-000011,93,7,2,2025-07-09,20250709,2025-07-31,20250731,Lost,186600.0,0.0695,0.0,22.0,CRM,False
12,OP-000012,94,1,2,2024-05-03,20240503,2024-07-15,20240715,Won,123800.0,0.1255,108265.23,73.0,CRM,False
13,OP-000013,99,16,3,2024-06-16,20240616,2024-08-28,20240828,Lost,78700.0,0.0784,0.0,73.0,CRM,False
14,OP-000014,119,21,6,2026-01-23,20260123,2026-02-18,20260218,Lost,346100.0,0.0784,0.0,26.0,CRM,False
15,OP-000015,126,4,1,2024-12-11,20241211,,,Open,101700.0,0.099,0.0,385.0,CRM,False
16,OP-000016,137,22,3,2024-10-19,20241019,2024-12-13,20241213,Won,20100.0,0.0732,18627.95,55.0,CRM,False
17,OP-000017,143,20,1,2024-11-29,20241129,,,Open,431300.0,0.0601,0.0,397.0,CRM,False
18,OP-000018,160,21,2,2025-09-13,20250913,2025-11-04,20251104,Won,399800.0,0.0112,395328.77,52.0,CRM,False
19,OP-000019,163,1,5,2025-07-10,20250710,2025-08-19,20250819,Won,168500.0,0.0204,165059.88,40.0,CRM,False
20,OP-000020,167,1,1,2024-12-10,20241210,2025-01-28,20250128,Won,144600.0,0.0645,135272.72,49.0,CRM,False
21,OP-000021,171,16,5,2024-07-07,20240707,2024-10-01,20241001,Won,31500.0,0.0694,29314.49,86.0,CRM,False
22,OP-000022,187,6,3,2025-04-28,20250428,,,Open,51400.0,0.1491,0.0,247.0,CRM,False
23,OP-000023,195,5,6,2025-06-10,20250610,2025-08-14,20250814,Lost,350400.0,0.0351,0.0,65.0,CRM,False
24,OP-000024,200,7,2,2024-09-14,20240914,2024-10-11,20241011,Won,96100.0,0.1229,84287.16,27.0,CRM,False
25,OP-000025,209,1,6,2025-11-06,20251106,2026-01-24,20260124,Lost,36200.0,0.046,0.0,79.0,CRM,False
26,OP-000026,211,23,1,2025-04-12,20250412,2025-06-02,20250602,Lost,17100.0,0.126,0.0,51.0,CRM,False
27,OP-000027,218,7,6,2024-05-10,20240510,2024-06-17,20240617,Lost,12800.0,0.0748,0.0,38.0,CRM,False
28,OP-000028,236,6,3,2025-02-07,20250207,2025-02-21,20250221,Won,41900.0,0.0859,38298.85,14.0,CRM,False
29,OP-000029,237,2,3,2025-10-05,20251005,2025-11-27,20251127,Won,27800.0,0.0788,25608.49,53.0,CRM,False
30,OP-000030,253,13,5,2025-11-21,20251121,2026-02-07,20260207,Lost,26400.0,0.0014,0.0,78.0,CRM,False
31,OP-000031,254,17,1,2025-03-25,20250325,,,Open,341600.0,0.1327,0.0,281.0,CRM,False
32,OP-000032,264,7,1,2026-02-03,20260203,2026-03-18,20260318,Lost,28400.0,0.0564,0.0,43.0,CRM,False
33,OP-000033,266,9,6,2025-03-29,20250329,2025-05-25,20250525,Won,7800.0,0.1114,6931.03,57.0,CRM,False
34,OP-000034,282,22,6,2024-03-16,20240316,2024-05-07,20240507,Won,46700.0,0.0,46700.0,52.0,CRM,False
35,OP-000035,295,11,5,2025-07-23,20250723,2025-09-12,20250912,Lost,18200.0,0.0908,0.0,51.0,CRM,False
36,OP-000036,296,21,3,2025-02-23,20250223,2025-03-10,20250310,Won,119400.0,0.1535,101067.89,15.0,CRM,False
37,OP-000037,304,1,5,2024-03-30,20240330,2024-05-05,20240505,Won,148000.0,0.0992,133312.52,36.0,CRM,False
38,OP-000038,339,17,2,2025-12-08,20251208,2025-12-27,20251227,Won,117400.0,0.1648,98049.39,19.0,CRM,False
39,OP-000039,348,17,2,2024-08-11,20240811,,,Open,22700.0,0.1229,0.0,507.0,CRM,False
40,OP-000040,351,21,4,2024-04-26,20240426,2024-06-16,20240616,Lost,48000.0,0.1106,0.0,51.0,CRM,False
41,OP-000041,364,7,3,2025-06-23,20250623,2025-08-15,20250815,Won,162300.0,0.0647,151802.86,53.0,CRM,False
42,OP-000042,370,5,6,2024-06-06,20240606,2024-07-04,20240704,Lost,58900.0,0.0586,0.0,28.0,CRM,False
43,OP-000043,404,1,1,2025-11-25,20251125,2026-01-19,20260119,Lost,10900.0,0.0746,0.0,55.0,CRM,False
44,OP-000044,414,7,2,2024-03-30,20240330,2024-04-14,20240414,Won,10300.0,0.1067,9201.47,15.0,CRM,False
45,OP-000045,428,1,5,2025-08-01,20250801,2025-08-24,20250824,Won,10900.0,0.1699,9048.39,23.0,CRM,False
46,OP-000046,465,11,1,2024-03-30,20240330,2024-04-12,20240412,Won,26400.0,0.0112,26105.02,13.0,CRM,False
47,OP-000047,515,21,4,2024-03-26,20240326,2024-04-17,20240417,Won,117200.0,0.0505,111281.97,22.0,CRM,False
48,OP-000048,522,6,1,2024-09-03,20240903,2024-11-03,20241103,Lost,7500.0,0.1101,0.0,61.0,CRM,False
49,OP-000049,528,16,6,2025-02-18,20250218,2025-04-26,20250426,Lost,18800.0,0.0993,0.0,67.0,CRM,False
50,OP-000050,541,1,1,2025-11-14,20251114,2026-01-08,20260108,Won,13400.0,0.0003,13395.87,55.0,CRM,False
51,OP-000051,568,19,3,2024-09-20,20240920,2024-11-15,20241115,Won,12100.0,0.0053,12035.98,56.0,CRM,False
52,OP-000052,600,11,1,2025-03-24,20250324,2025-04-29,20250429,Lost,81500.0,0.1289,0.0,36.0,CRM,False
53,OP-000053,629,18,4,2025-01-16,20250116,2025-03-03,20250303,Won,151800.0,0.0,151800.0,46.0,CRM,False
54,OP-000054,679,22,3,2024-12-01,20241201,2024-12-25,20241225,Won,16100.0,0.0204,15770.78,24.0,CRM,False
55,OP-000055,685,14,3,2025-03-02,20250302,2025-05-12,20250512,Won,74500.0,0.0972,67257.38,71.0,CRM,False
56,OP-000056,690,9,2,2025-11-22,20251122,2025-12-24,20251224,Won,76000.0,0.0773,70128.62,32.0,CRM,False
57,OP-000057,693,17,4,2025-11-15,20251115,2025-12-28,20251228,Lost,24200.0,0.0519,0.0,43.0,CRM,False
58,OP-000058,696,17,5,2024-07-29,20240729,2024-10-01,20241001,Won,7900.0,0.057,7449.93,64.0,CRM,False
59,OP-000059,718,13,1,2025-11-04,20251104,2026-01-02,20260102,Won,11200.0,0.0544,10590.56,59.0,CRM,False
60,OP-000060,731,6,2,2025-01-22,20250122,2025-03-09,20250309,Won,244600.0,0.1139,216728.21,46.0,CRM,False
61,OP-000061,739,19,4,2024-05-03,20240503,2024-05-19,20240519,Lost,11800.0,0.1058,0.0,16.0,CRM,False
62,OP-000062,769,15,3,2024-11-24,20241124,,,Open,35100.0,0.1088,0.0,402.0,CRM,False
63,OP-000063,775,1,3,2024-03-12,20240312,2024-05-04,20240504,Won,14700.0,0.0483,13990.29,53.0,CRM,False
64,OP-000064,785,1,5,2025-11-19,20251119,2026-02-02,20260202,Lost,32300.0,0.0971,0.0,75.0,CRM,False
65,OP-000065,795,1,1,2025-07-22,20250722,2025-08-21,20250821,Lost,43400.0,0.0212,0.0,30.0,CRM,False
66,OP-000066,814,18,3,2024-12-10,20241210,2025-02-02,20250202,Won,66200.0,0.0238,64626.43,54.0,CRM,False
67,OP-000067,839,16,5,2024-12-21,20241221,2025-03-08,20250308,Lost,30000.0,0.1515,0.0,77.0,CRM,False
68,OP-000068,843,11,1,2024-01-18,20240118,,,Open,14800.0,0.0774,0.0,713.0,CRM,False
69,OP-000069,864,1,6,2024-06-21,20240621,2024-09-10,20240910,Won,132400.0,0.0823,121499.06,81.0,CRM,False
70,OP-000070,880,21,3,2025-10-15,20251015,2025-11-24,20251124,Won,6200.0,0.1143,5491.54,40.0,CRM,False
71,OP-000071,892,21,2,2024-09-04,20240904,,,Open,4300.0,0.0962,0.0,483.0,CRM,False
72,OP-000072,894,14,5,2025-02-01,20250201,2025-04-09,20250409,Won,13000.0,0.1325,11277.6,67.0,CRM,False
73,OP-000073,899,8,1,2025-02-16,20250216,2025-02-27,20250227,Won,25300.0,0.0104,25036.56,11.0,CRM,False
74,OP-000074,907,13,1,2024-11-24,20241124,2024-12-12,20241212,Lost,61900.0,0.1092,0.0,18.0,CRM,False
75,OP-000075,946,19,2,2024-05-18,20240518,2024-07-30,20240730,Lost,5300.0,0.1558,0.0,73.0,CRM,False
76,OP-000076,948,13,4,2025-07-09,20250709,2025-08-28,20250828,Won,27200.0,0.0885,24792.45,50.0,CRM,False
77,OP-000077,954,4,1,2025-04-20,20250420,,,Open,17100.0,0.1012,0.0,255.0,CRM,False
78,OP-000078,963,6,5,2025-07-25,20250725,,,Open,52600.0,0.1055,0.0,159.0,CRM,False
79,OP-000079,964,6,4,2025-11-28,20251128,2025-12-15,20251215,Won,21100.0,0.0866,19272.8,17.0,CRM,False
80,OP-000080,969,3,1,2025-06-17,20250617,2025-07-22,20250722,Lost,78400.0,0.0521,0.0,35.0,CRM,False
81,OP-000081,985,8,2,2025-06-04,20250604,2025-06-19,20250619,Lost,219500.0,0.0129,0.0,15.0,CRM,False
82,OP-000082,999,2,1,2024-10-17,20241017,2024-12-21,20241221,Lost,294700.0,0.0045,0.0,65.0,CRM,False
83,OP-000083,1000,21,1,2025-08-07,20250807,2025-08-29,20250829,Won,118900.0,0.1471,101404.32,22.0,CRM,False
84,OP-000084,1008,6,3,2025-04-30,20250430,2025-05-13,20250513,Won,43000.0,0.0986,38761.35,13.0,CRM,False
85,OP-000085,1010,8,1,2025-04-29,20250429,2025-07-11,20250711,Won,95300.0,0.1393,82026.33,73.0,CRM,False
86,OP-000086,1029,13,3,2024-02-06,20240206,2024-03-29,20240329,Lost,116800.0,0.0937,0.0,52.0,CRM,False
87,OP-000087,1042,11,3,2024-05-28,20240528,2024-08-04,20240804,Lost,16400.0,0.0998,0.0,68.0,CRM,False
88,OP-000088,1044,22,1,2024-08-14,20240814,2024-10-09,20241009,Lost,15600.0,0.1592,0.0,56.0,CRM,False
89,OP-000089,1059,17,5,2026-01-17,20260117,2026-03-27,20260327,Won,95900.0,0.0225,93744.74,69.0,CRM,False
90,OP-000090,1071,16,1,2024-06-02,20240602,2024-08-11,20240811,Won,10100.0,0.0827,9265.11,70.0,CRM,False
91,OP-000091,1073,20,5,2025-01-28,20250128,,,Open,72800.0,0.0609,0.0,337.0,CRM,False
92,OP-000092,1078,22,6,2025-03-05,20250305,2025-03-28,20250328,Lost,87600.0,0.0605,0.0,23.0,CRM,False
93,OP-000093,1082,1,3,2024-03-28,20240328,2024-06-14,20240614,Won,20000.0,0.0574,18851.61,78.0,CRM,False
94,OP-000094,1091,18,1,2024-03-06,20240306,2024-05-01,20240501,Lost,29100.0,0.0464,0.0,56.0,CRM,False
95,OP-000095,1093,11,3,2025-07-27,20250727,2025-09-06,20250906,Won,299100.0,0.0433,286160.04,41.0,CRM,False
96,OP-000096,1112,1,6,2024-06-30,20240630,2024-09-27,20240927,Won,25000.0,0.0824,22939.25,89.0,CRM,False
97,OP-000097,1169,7,6,2024-09-20,20240920,,,Open,17400.0,0.0718,0.0,467.0,CRM,False
98,OP-000098,1182,17,6,2025-09-28,20250928,,,Open,74900.0,0.1177,0.0,94.0,CRM,False
99,OP-000099,1215,15,2,2024-10-10,20241010,2024-11-14,20241114,Lost,231800.0,0.0654,0.0,35.0,CRM,False
100,OP-000100,1223,20,5,2024-06-30,20240630,,,Open,23200.0,0.0379,0.0,549.0,CRM,False
101,OP-000101,1249,17,1,2025-03-25,20250325,2025-05-14,20250514,Won,26000.0,0.1446,22240.1,50.0,CRM,False
102,OP-000102,1259,16,1,2025-01-06,20250106,2025-03-20,20250320,Won,255500.0,0.1597,214705.27,73.0,CRM,False
103,OP-000103,1266,11,3,2025-04-27,20250427,2025-05-24,20250524,Lost,14700.0,0.1356,0.0,27.0,CRM,False
104,OP-000104,1268,11,4,2024-03-05,20240305,2024-03-30,20240330,Lost,15000.0,0.0441,0.0,25.0,CRM,False
105,OP-000105,1278,4,5,2025-10-31,20251031,2025-12-31,20251231,Won,20300.0,0.1562,17128.69,61.0,CRM,False
106,OP-000106,1279,17,1,2025-11-20,20251120,2026-02-09,20260209,Won,21800.0,0.171,18073.1,81.0,CRM,False
107,OP-000107,1286,4,2,2025-10-22,20251022,2025-12-16,20251216,Lost,99000.0,0.1049,0.0,55.0,CRM,False
108,OP-000108,1318,11,1,2024-10-12,20241012,,,Open,294700.0,0.0739,0.0,445.0,CRM,False
109,OP-000109,1322,2,1,2024-09-06,20240906,2024-11-29,20241129,Won,12100.0,0.1114,10752.13,84.0,CRM,False
110,OP-000110,1335,4,1,2024-01-23,20240123,2024-03-20,20240320,Lost,40000.0,0.0513,0.0,57.0,CRM,False
111,OP-000111,1376,6,4,2024-06-06,20240606,2024-07-17,20240717,Won,40900.0,0.0712,37989.51,41.0,CRM,False
112,OP-000112,1388,11,4,2024-07-07,20240707,2024-08-23,20240823,Won,158900.0,0.0983,143284.81,47.0,CRM,False
113,OP-000113,1416,5,2,2025-10-05,20251005,2025-12-24,20251224,Won,18900.0,0.0626,17716.55,80.0,CRM,False
114,OP-000114,1438,18,4,2024-08-10,20240810,2024-09-06,20240906,Won,4900.0,0.2106,3868.3,27.0,CRM,False
115,OP-000115,1457,2,4,2024-11-15,20241115,2025-02-02,20250202,Lost,82600.0,0.0436,0.0,79.0,CRM,False
116,OP-000116,1467,3,3,2025-06-14,20250614,2025-09-09,20250909,Won,98200.0,0.0962,88751.67,87.0,CRM,False
117,OP-000117,1468,1,3,2024-10-23,20241023,2025-01-04,20250104,Won,434200.0,0.0767,400909.05,73.0,CRM,False
118,OP-000118,1469,17,4,2025-12-04,20251204,2025-12-18,20251218,Won,542800.0,0.0535,513773.21,14.0,CRM,False
119,OP-000119,1479,7,4,2024-01-22,20240122,2024-02-29,20240229,Won,17300.0,0.0815,15889.94,38.0,CRM,False
120,OP-000120,1492,11,6,2025-02-23,20250223,2025-04-04,20250404,Won,18700.0,0.1593,15721.55,40.0,CRM,False
121,OP-000121,1495,11,6,2025-04-22,20250422,2025-05-10,20250510,Lost,24800.0,0.1804,0.0,18.0,CRM,False
122,OP-000122,1509,5,3,2025-04-19,20250419,2025-06-11,20250611,Won,105400.0,0.1059,94239.67,53.0,CRM,False
123,OP-000123,1513,11,6,2025-04-12,20250412,2025-05-02,20250502,Won,65600.0,0.0265,63861.99,20.0,CRM,False
124,OP-000124,1524,16,4,2024-09-23,20240923,2024-11-17,20241117,Won,24300.0,0.1725,20108.86,55.0,CRM,False
125,OP-000125,1536,15,1,2025-05-03,20250503,2025-07-17,20250717,Won,21000.0,0.1253,18369.01,75.0,CRM,False
126,OP-000126,1544,22,3,2024-12-26,20241226,2025-01-15,20250115,Won,297600.0,0.0497,282803.22,20.0,CRM,False
127,OP-000127,1564,6,3,2025-05-13,20250513,2025-07-27,20250727,Won,142800.0,0.0831,130926.93,75.0,CRM,False
128,OP-000128,1573,1,3,2025-09-17,20250917,2025-12-01,20251201,Lost,59200.0,0.117,0.0,75.0,CRM,False
129,OP-000129,1574,15,5,2024-06-21,20240621,2024-08-26,20240826,Lost,10800.0,0.0729,0.0,66.0,CRM,False
130,OP-000130,1592,21,3,2024-02-09,20240209,2024-03-20,20240320,Won,39400.0,0.1101,35062.46,40.0,CRM,False
131,OP-000131,1609,12,3,2025-05-17,20250517,2025-07-20,20250720,Lost,42900.0,0.0836,0.0,64.0,CRM,False
132,OP-000132,1626,5,2,2024-05-31,20240531,2024-07-22,20240722,Won,146900.0,0.117,129715.72,52.0,CRM,False
133,OP-000133,1642,10,2,2025-09-19,20250919,,,Open,103800.0,0.0935,0.0,103.0,CRM,False
134,OP-000134,1657,21,3,2024-03-08,20240308,2024-05-24,20240524,Won,217500.0,0.0855,198893.91,77.0,CRM,False
135,OP-000135,1660,12,3,2025-05-16,20250516,2025-07-28,20250728,Won,10100.0,0.1351,8735.2,73.0,CRM,False
136,OP-000136,1703,6,1,2024-01-17,20240117,,,Open,18000.0,0.1194,0.0,714.0,CRM,False
137,OP-000137,1718,12,1,2024-03-18,20240318,2024-04-02,20240402,Won,12100.0,0.0975,10920.51,15.0,CRM,False
138,OP-000138,1727,18,3,2025-08-22,20250822,2025-09-23,20250923,Won,12300.0,0.0296,11935.52,32.0,CRM,False
139,OP-000139,1728,2,6,2024-07-16,20240716,2024-09-01,20240901,Won,76800.0,0.0697,71450.16,47.0,CRM,False
140,OP-000140,1730,20,4,2024-03-06,20240306,2024-05-28,20240528,Lost,148700.0,0.0,0.0,83.0,CRM,False
141,OP-000141,1755,21,3,2025-10-03,20251003,2025-12-14,20251214,Won,383900.0,0.0726,356035.76,72.0,CRM,False
142,OP-000142,1773,6,3,2025-11-17,20251117,2026-02-14,20260214,Won,48000.0,0.1262,41943.64,89.0,CRM,False
143,OP-000143,1791,16,3,2024-10-17,20241017,2024-11-06,20241106,Won,18400.0,0.0846,16842.82,20.0,CRM,False
144,OP-000144,1792,18,2,2024-12-24,20241224,,,Open,157100.0,0.007,0.0,372.0,CRM,False
145,OP-000145,1809,2,3,2025-08-18,20250818,,,Open,52300.0,0.0392,0.0,135.0,CRM,False
146,OP-000146,1812,7,3,2024-11-14,20241114,2024-12-08,20241208,Won,13000.0,0.0308,12599.85,24.0,CRM,False
147,OP-000147,1849,14,3,2024-12-28,20241228,2025-02-21,20250221,Won,27700.0,0.1282,24147.95,357.0,CRM,True
148,OP-000148,1857,18,4,2024-05-08,20240508,2024-07-15,20240715,Won,191400.0,0.0941,173394.44,68.0,CRM,False
149,OP-000149,1859,14,6,2024-05-07,20240507,2024-07-12,20240712,Lost,13300.0,0.1059,0.0,66.0,CRM,False
150,OP-000150,1876,6,5,2024-01-27,20240127,2024-03-23,20240323,Lost,49700.0,0.0587,0.0,56.0,CRM,False
151,OP-000151,1889,1,5,2025-09-06,20250906,2025-10-29,20251029,Lost,17000.0,0.0869,0.0,53.0,CRM,False
152,OP-000152,1892,12,4,2025-12-19,20251219,2026-03-05,20260305,Lost,26500.0,0.1357,0.0,76.0,CRM,False
153,OP-000153,1894,1,6,2025-04-11,20250411,2025-05-23,20250523,Won,6000.0,0.1312,5212.88,42.0,CRM,False
154,OP-000154,1898,1,1,2025-02-22,20250222,,,Open,265200.0,0.0607,0.0,312.0,CRM,False
155,OP-000155,1930,11,2,2024-03-28,20240328,2024-05-12,20240512,Lost,49600.0,0.0618,0.0,45.0,CRM,False
156,OP-000156,1954,24,5,2025-02-04,20250204,2025-04-24,20250424,Won,45100.0,0.1549,38114.7,79.0,CRM,False
157,OP-000157,1957,21,1,2024-06-28,20240628,2024-09-02,20240902,Won,25800.0,0.0277,25085.42,66.0,CRM,False
158,OP-000158,1960,22,3,2024-02-23,20240223,2024-04-16,20240416,Won,314100.0,0.0609,294974.74,53.0,CRM,False
159,OP-000159,1989,4,5,2024-01-28,20240128,2024-02-13,20240213,Won,279500.0,0.1275,243867.62,16.0,CRM,False
160,OP-000160,1992,17,1,2025-11-28,20251128,,,Open,11300.0,0.0475,0.0,33.0,CRM,False
161,OP-000161,1995,9,2,2025-01-24,20250124,2025-02-09,20250209,Won,31600.0,0.1223,27736.63,16.0,CRM,False
162,OP-000162,2004,20,2,2025-05-20,20250520,2025-08-10,20250810,Won,42800.0,0.0747,39602.39,82.0,CRM,False
163,OP-000163,2026,19,5,2025-05-11,20250511,2025-07-14,20250714,Lost,57500.0,0.0647,0.0,64.0,CRM,False
164,OP-000164,2042,1,3,2025-09-28,20250928,2025-11-30,20251130,Won,14600.0,0.1068,13040.59,63.0,CRM,False
165,OP-000165,2044,24,1,2025-10-08,20251008,2025-11-16,20251116,Won,24300.0,0.0337,23481.12,39.0,CRM,False
166,OP-000166,2046,11,5,2024-05-12,20240512,2024-07-15,20240715,Won,9900.0,0.0891,9017.45,64.0,CRM,False
167,OP-000167,2055,8,3,2025-04-20,20250420,2025-07-16,20250716,Won,19500.0,0.107,17413.43,87.0,CRM,False
168,OP-000168,2083,11,3,2024-11-12,20241112,2024-12-28,20241228,Won,132400.0,0.0322,128140.03,46.0,CRM,False
169,OP-000169,2112,6,5,2024-02-19,20240219,2024-05-11,20240511,Won,33100.0,0.187,26911.83,82.0,CRM,False
170,OP-000170,2127,1,1,2024-08-26,20240826,2024-09-25,20240925,Won,80600.0,0.1418,69173.11,30.0,CRM,False
171,OP-000171,2136,7,5,2024-06-10,20240610,2024-08-19,20240819,Won,68800.0,0.0444,65746.71,70.0,CRM,False
172,OP-000172,2143,2,4,2025-10-10,20251010,2025-12-20,20251220,Lost,116200.0,0.076,0.0,71.0,CRM,False
173,OP-000173,2144,17,2,2024-02-18,20240218,,,Open,26000.0,0.096,0.0,682.0,CRM,False
174,OP-000174,2146,3,2,2025-08-28,20250828,2025-10-30,20251030,Lost,13000.0,0.0447,0.0,63.0,CRM,False
175,OP-000175,2147,12,3,2024-11-14,20241114,2024-12-05,20241205,Won,270100.0,0.1346,233753.79,21.0,CRM,False
176,OP-000176,2156,1,3,2024-04-30,20240430,,,Open,67300.0,0.0344,0.0,610.0,CRM,False
177,OP-000177,2158,16,2,2025-06-09,20250609,2025-07-30,20250730,Lost,163300.0,0.1228,0.0,51.0,CRM,False
178,OP-000178,2159,5,1,2025-08-22,20250822,2025-10-27,20251027,Lost,14200.0,0.0727,0.0,66.0,CRM,False
179,OP-000179,2171,23,1,2025-08-08,20250808,2025-09-04,20250904,Lost,69600.0,0.1102,0.0,27.0,CRM,False
180,OP-000180,2184,24,1,2024-07-01,20240701,2024-09-02,20240902,Lost,120000.0,0.077,0.0,63.0,CRM,False
181,OP-000181,2191,6,5,2024-01-21,20240121,2024-02-01,20240201,Won,13100.0,0.0516,12423.73,11.0,CRM,False
182,OP-000182,2203,16,4,2024-07-05,20240705,2024-08-15,20240815,Won,110300.0,0.0819,101267.86,41.0,CRM,False
183,OP-000183,2209,6,2,2025-04-25,20250425,2025-06-11,20250611,Won,350400.0,0.1044,313808.32,47.0,CRM,False
184,OP-000184,2210,24,3,2024-08-21,20240821,2024-09-23,20240923,Lost,33800.0,0.0273,0.0,33.0,CRM,False
185,OP-000185,2217,21,6,2025-08-11,20250811,2025-08-30,20250830,Lost,18200.0,0.1002,0.0,19.0,CRM,False
186,OP-000186,2225,22,2,2024-06-07,20240607,2024-08-12,20240812,Lost,210200.0,0.0459,0.0,66.0,CRM,False
187,OP-000187,2234,11,4,2025-08-17,20250817,2025-09-21,20250921,Won,38100.0,0.1022,34205.19,35.0,CRM,False
188,OP-000188,2247,21,5,2024-08-28,20240828,2024-11-16,20241116,Lost,191400.0,0.0579,0.0,80.0,CRM,False
189,OP-000189,2252,16,3,2024-07-31,20240731,2024-08-24,20240824,Won,121800.0,0.049,115835.45,24.0,CRM,False
190,OP-000190,2256,13,1,2024-09-15,20240915,,,Open,17800.0,0.0528,0.0,472.0,CRM,False
191,OP-000191,2270,11,1,2024-06-12,20240612,2024-07-17,20240717,Won,20100.0,0.0,20100.0,35.0,CRM,False
192,OP-000192,2271,16,5,2026-01-16,20260116,2026-02-28,20260228,Won,31100.0,0.0874,28381.54,43.0,CRM,False
193,OP-000193,2272,7,1,2025-10-15,20251015,2025-12-14,20251214,Won,118500.0,0.1191,104386.39,60.0,CRM,False
194,OP-000194,2284,13,5,2024-10-16,20241016,,,Open,1129600.0,0.0876,0.0,441.0,CRM,False
195,OP-000195,2293,4,6,2024-10-27,20241027,2024-11-12,20241112,Won,28800.0,0.1374,24842.74,16.0,CRM,False
196,OP-000196,2303,2,6,2025-06-25,20250625,2025-07-23,20250723,Lost,19600.0,0.1194,0.0,28.0,CRM,False
197,OP-000197,2332,21,1,2025-10-27,20251027,,,Open,47400.0,0.0917,0.0,65.0,CRM,False
198,OP-000198,2375,1,1,2025-02-19,20250219,2025-03-27,20250327,Won,15100.0,0.0633,14144.57,36.0,CRM,False
199,OP-000199,2383,6,6,2025-02-03,20250203,2025-04-28,20250428,Won,352800.0,0.114,312573.01,84.0,CRM,False
200,OP-000200,2384,17,3,2024-01-28,20240128,2024-04-26,20240426,Won,10200.0,0.1094,9084.09,89.0,CRM,False
201,OP-000201,2390,12,2,2025-09-22,20250922,2025-12-05,20251205,Won,16100.0,0.0615,15110.4,74.0,CRM,False
202,OP-000202,2405,23,1,2024-11-26,20241126,2024-12-23,20241223,Won,200600.0,0.0682,186914.08,27.0,CRM,False
203,OP-000203,2429,15,3,2024-04-18,20240418,,,Open,54500.0,0.0728,0.0,622.0,CRM,False
204,OP-000204,2430,8,3,2025-07-16,20250716,2025-08-02,20250802,Won,507200.0,0.1439,434200.48,17.0,CRM,False
205,OP-000205,2449,21,1,2025-07-11,20250711,2025-09-11,20250911,Lost,40900.0,0.1338,0.0,62.0,CRM,False
206,OP-000206,2460,6,4,2025-09-25,20250925,2025-11-03,20251103,Won,94600.0,0.0973,85396.82,39.0,CRM,False
207,OP-000207,2480,19,4,2024-08-22,20240822,,,Open,365100.0,0.1105,0.0,496.0,CRM,False
208,OP-000208,2500,23,1,2025-02-23,20250223,2025-03-18,20250318,Lost,19200.0,0.0191,0.0,23.0,CRM,False
209,OP-000209,2509,12,4,2024-01-28,20240128,2024-04-11,20240411,Won,15200.0,0.1199,13377.3,74.0,CRM,False
210,OP-000210,2514,6,1,2024-05-08,20240508,2024-05-19,20240519,Lost,220300.0,0.1141,0.0,11.0,CRM,False
211,OP-000211,2518,13,1,2024-07-29,20240729,2024-08-28,20240828,Won,68300.0,0.1204,60076.96,30.0,CRM,False
212,OP-000212,2522,8,3,2024-08-15,20240815,2024-11-03,20241103,Won,244700.0,0.1013,219902.61,80.0,CRM,False
213,OP-000213,2527,10,2,2024-02-09,20240209,,,Open,44800.0,0.0611,0.0,691.0,CRM,False
214,OP-000214,2528,24,5,2024-02-16,20240216,2024-04-01,20240401,Lost,18400.0,0.1197,0.0,45.0,CRM,False
215,OP-000215,2537,2,5,2024-06-08,20240608,2024-06-29,20240629,Lost,20100.0,0.1076,0.0,21.0,CRM,False
216,OP-000216,2547,6,5,2025-01-24,20250124,,,Open,110800.0,0.1032,0.0,341.0,CRM,False
217,OP-000217,2577,6,6,2025-04-09,20250409,,,Open,78400.0,0.1114,0.0,266.0,CRM,False
218,OP-000218,2608,6,5,2025-06-01,20250601,,,Open,46400.0,0.0716,0.0,213.0,CRM,False
219,OP-000219,2631,2,3,2025-01-21,20250121,2025-03-30,20250330,Lost,28200.0,0.0076,0.0,68.0,CRM,False
220,OP-000220,2667,17,4,2025-09-17,20250917,2025-12-12,20251212,Won,434200.0,0.0837,397860.19,86.0,CRM,False
221,OP-000221,2670,2,5,2024-10-08,20241008,2024-11-22,20241122,Lost,16000.0,0.0641,0.0,45.0,CRM,False
222,OP-000222,2682,3,1,2024-07-11,20240711,2024-07-27,20240727,Lost,17300.0,0.0346,0.0,16.0,CRM,False
223,OP-000223,2686,16,3,2024-03-29,20240329,,,Open,112100.0,0.0479,0.0,642.0,CRM,False
224,OP-000224,2688,17,3,2025-10-20,20251020,2025-12-27,20251227,Won,15800.0,0.129,13762.04,68.0,CRM,False
225,OP-000225,2693,1,6,2025-01-05,20250105,,,Open,63900.0,0.0465,0.0,360.0,CRM,False
226,OP-000226,2694,24,3,2026-01-08,20260108,2026-03-23,20260323,Lost,255000.0,0.0977,0.0,74.0,CRM,False
227,OP-000227,2706,15,3,2024-02-17,20240217,2024-04-09,20240409,Won,117500.0,0.0966,106149.56,52.0,CRM,False
228,OP-000228,2720,15,4,2025-11-03,20251103,,,Open,49000.0,0.0887,0.0,58.0,CRM,False
229,OP-000229,2729,13,2,2024-08-30,20240830,2024-11-16,20241116,Won,21200.0,0.0515,20108.18,78.0,CRM,False
230,OP-000230,2762,14,2,2024-11-15,20241115,2025-01-02,20250102,Won,14700.0,0.0,14700.0,48.0,CRM,False
231,OP-000231,2769,11,1,2024-08-25,20240825,,,Open,300400.0,0.0177,0.0,493.0,CRM,False
232,OP-000232,2781,9,3,2024-07-05,20240705,,,Open,49700.0,0.0653,0.0,544.0,CRM,False
233,OP-000233,2792,21,4,2024-10-26,20241026,2024-12-06,20241206,Won,59800.0,0.0512,56737.65,41.0,CRM,False
234,OP-000234,2815,22,6,2025-09-05,20250905,,,Open,407100.0,0.0297,0.0,117.0,CRM,False
235,OP-000235,2848,12,3,2024-02-04,20240204,,,Open,20500.0,0.0508,0.0,696.0,CRM,False
236,OP-000236,2872,20,3,2025-12-11,20251211,2025-12-30,20251230,Lost,24500.0,0.0757,0.0,19.0,CRM,False
237,OP-000237,2879,7,2,2024-07-25,20240725,2024-08-31,20240831,Won,42600.0,0.0571,40169.61,37.0,CRM,False
238,OP-000238,2892,21,2,2025-03-08,20250308,2025-04-14,20250414,Won,210000.0,0.0455,200443.6,37.0,CRM,False
239,OP-000239,2913,10,6,2025-11-19,20251119,2026-01-13,20260113,Won,15600.0,0.1148,13808.46,55.0,CRM,False
240,OP-000240,2949,16,6,2025-11-21,20251121,2025-12-11,20251211,Lost,26800.0,0.1524,0.0,20.0,CRM,False
241,OP-000241,2957,21,1,2025-08-02,20250802,2025-09-05,20250905,Lost,182600.0,0.0808,0.0,34.0,CRM,False
242,OP-000242,2961,5,2,2024-07-04,20240704,2024-08-13,20240813,Lost,20900.0,0.0387,0.0,40.0,CRM,False
243,OP-000243,2978,8,6,2024-10-30,20241030,2025-01-04,20250104,Lost,137000.0,0.0934,0.0,66.0,CRM,False
244,OP-000244,3006,1,2,2025-09-21,20250921,,,Open,22200.0,0.0793,0.0,101.0,CRM,False
245,OP-000245,3011,21,4,2024-07-29,20240729,2024-09-03,20240903,Won,302100.0,0.0821,277291.76,36.0,CRM,False
246,OP-000246,3012,23,6,2026-01-12,20260112,2026-04-07,20260407,Won,14000.0,0.1328,12140.38,85.0,CRM,False
247,OP-000247,3035,17,3,2025-09-08,20250908,2025-09-24,20250924,Lost,21300.0,0.0852,0.0,16.0,CRM,False
248,OP-000248,3037,5,2,2024-10-29,20241029,2025-01-02,20250102,Lost,28200.0,0.0681,0.0,65.0,CRM,False
249,OP-000249,3049,16,5,2025-05-27,20250527,,,Open,37300.0,0.0486,0.0,218.0,CRM,False
250,OP-000250,3068,2,1,2025-09-18,20250918,,,Open,10600.0,0.0,0.0,104.0,CRM,False
251,OP-000251,3084,11,5,2024-03-20,20240320,2024-06-03,20240603,Lost,29100.0,0.1566,0.0,75.0,CRM,False
252,OP-000252,3089,22,3,2024-10-17,20241017,2024-12-02,20241202,Lost,149400.0,0.104,0.0,46.0,CRM,False
253,OP-000253,3095,14,3,2026-01-29,20260129,2026-02-12,20260212,Lost,63400.0,0.0333,0.0,14.0,CRM,False
254,OP-000254,3098,13,5,2024-07-12,20240712,2024-07-31,20240731,Won,14900.0,0.0644,13940.25,19.0,CRM,False
255,OP-000255,3111,7,3,2024-12-09,20241209,2025-01-08,20250108,Won,46800.0,0.0357,45129.77,30.0,CRM,False
256,OP-000256,3114,17,1,2024-08-04,20240804,2024-09-03,20240903,Lost,49700.0,0.0529,0.0,30.0,CRM,False
257,OP-000257,3124,4,6,2025-02-08,20250208,2025-04-25,20250425,Lost,102600.0,0.0592,0.0,76.0,CRM,False
258,OP-000258,3134,1,4,2024-12-13,20241213,2025-02-14,20250214,Lost,18900.0,0.1185,0.0,63.0,CRM,False
259,OP-000259,3142,6,1,2025-03-01,20250301,2025-05-11,20250511,Lost,18000.0,0.0384,0.0,71.0,CRM,False
260,OP-000260,3150,11,5,2024-09-13,20240913,2024-12-08,20241208,Won,32300.0,0.0962,29193.55,86.0,CRM,False
261,OP-000261,3158,20,1,2024-07-26,20240726,2024-10-20,20241020,Lost,24900.0,0.0,0.0,86.0,CRM,False
262,OP-000262,3166,3,3,2025-02-20,20250220,2025-03-12,20250312,Won,27500.0,0.0429,26319.2,20.0,CRM,False
263,OP-000263,3167,12,1,2024-11-12,20241112,2024-12-09,20241209,Lost,79000.0,0.1398,0.0,27.0,CRM,False
264,OP-000264,3169,2,3,2025-01-31,20250131,2025-03-29,20250329,Lost,157900.0,0.0591,0.0,57.0,CRM,False
265,OP-000265,3189,20,4,2024-06-03,20240603,2024-07-03,20240703,Won,46500.0,0.1229,40786.08,30.0,CRM,False
266,OP-000266,3193,11,2,2025-10-19,20251019,2025-11-21,20251121,Won,64600.0,0.0708,60024.53,33.0,CRM,False
267,OP-000267,3202,2,1,2024-06-02,20240602,2024-08-15,20240815,Won,47900.0,0.0095,47446.82,74.0,CRM,False
268,OP-000268,3206,11,1,2025-11-13,20251113,2025-11-25,20251125,Won,41100.0,0.1153,36360.95,12.0,CRM,False
269,OP-000269,3222,2,2,2025-12-20,20251220,2025-12-31,20251231,Lost,143200.0,0.1224,0.0,11.0,CRM,False
270,OP-000270,3232,16,6,2026-01-13,20260113,2026-03-18,20260318,Lost,128900.0,0.0689,0.0,64.0,CRM,False
271,OP-000271,3233,21,1,2025-03-10,20250310,2025-03-21,20250321,Won,12900.0,0.1147,11420.59,11.0,CRM,False
272,OP-000272,3256,18,6,2025-05-20,20250520,2025-05-30,20250530,Lost,94400.0,0.0629,0.0,10.0,CRM,False
273,OP-000273,3270,16,1,2024-11-30,20241130,2025-01-10,20250110,Lost,71600.0,0.0757,0.0,41.0,CRM,False
274,OP-000274,3271,14,5,2024-08-22,20240822,2024-09-19,20240919,Lost,52700.0,0.1518,0.0,28.0,CRM,False
275,OP-000275,3276,18,5,2025-01-16,20250116,2025-03-25,20250325,Lost,116400.0,0.0729,0.0,68.0,CRM,False
276,OP-000276,3299,12,2,2024-11-18,20241118,2025-01-03,20250103,Won,21100.0,0.0929,19138.82,46.0,CRM,False
277,OP-000277,3306,6,1,2025-08-07,20250807,,,Open,44300.0,0.1394,0.0,146.0,CRM,False
278,OP-000278,3307,23,5,2024-08-26,20240826,2024-10-11,20241011,Lost,117700.0,0.097,0.0,46.0,CRM,False
279,OP-000279,3364,22,2,2024-12-16,20241216,,,Open,34100.0,0.0858,0.0,380.0,CRM,False
280,OP-000280,3375,5,4,2024-09-10,20240910,2024-10-15,20241015,Lost,203500.0,0.0566,0.0,35.0,CRM,False
281,OP-000281,3380,16,3,2024-01-13,20240113,,,Open,73400.0,0.1042,0.0,718.0,CRM,False
282,OP-000282,3383,5,1,2025-09-19,20250919,2025-12-15,20251215,Lost,460200.0,0.0435,0.0,87.0,CRM,False
283,OP-000283,3386,22,2,2025-03-26,20250326,2025-04-20,20250420,Won,118700.0,0.1532,100515.93,25.0,CRM,False
284,OP-000284,3406,12,6,2025-12-24,20251224,2026-02-04,20260204,Lost,57000.0,0.0654,0.0,42.0,CRM,False
285,OP-000285,3421,8,6,2024-05-01,20240501,2024-06-12,20240612,Lost,8200.0,0.1181,0.0,42.0,CRM,False
286,OP-000286,3441,9,4,2024-04-29,20240429,2024-06-12,20240612,Won,23400.0,0.1374,20185.97,44.0,CRM,False
287,OP-000287,3464,6,5,2024-03-29,20240329,2024-05-02,20240502,Lost,201100.0,0.107,0.0,34.0,CRM,False
288,OP-000288,3467,6,3,2025-09-29,20250929,2025-10-24,20251024,Lost,118500.0,0.0298,0.0,25.0,CRM,False
289,OP-000289,3470,5,1,2025-08-23,20250823,2025-10-02,20251002,Won,704500.0,0.0833,645823.65,40.0,CRM,False
290,OP-000290,3473,1,1,2025-02-01,20250201,2025-04-11,20250411,Won,27200.0,0.1257,23780.1,69.0,CRM,False
291,OP-000291,3492,1,1,2025-06-21,20250621,2025-09-06,20250906,Won,41200.0,0.0642,38554.72,77.0,CRM,False
292,OP-000292,3564,3,4,2024-07-13,20240713,2024-08-04,20240804,Won,16900.0,0.0862,15443.29,22.0,CRM,False
293,OP-000293,3572,17,5,2025-07-27,20250727,2025-09-27,20250927,Lost,73600.0,0.0,0.0,62.0,CRM,False
294,OP-000294,3573,1,3,2025-11-01,20251101,2025-11-20,20251120,Lost,114500.0,0.0286,0.0,19.0,CRM,False
295,OP-000295,3595,2,1,2024-07-02,20240702,2024-08-30,20240830,Won,24200.0,0.1125,21476.87,59.0,CRM,False
296,OP-000296,3608,13,3,2025-10-27,20251027,,,Open,172200.0,0.0141,0.0,65.0,CRM,False
297,OP-000297,3627,14,1,2025-01-02,20250102,,,Open,36400.0,0.1092,0.0,363.0,CRM,False
298,OP-000298,3631,21,5,2024-05-02,20240502,2024-06-25,20240625,Lost,22800.0,0.0964,0.0,54.0,CRM,False
299,OP-000299,3653,2,2,2025-07-02,20250702,2025-09-23,20250923,Lost,11600.0,0.0,0.0,83.0,CRM,False
300,OP-000300,3688,13,1,2024-09-11,20240911,2024-11-22,20241122,Won,20600.0,0.0645,19272.1,72.0,CRM,False
301,OP-000301,3710,7,5,2025-10-07,20251007,,,Open,22800.0,0.0221,0.0,85.0,CRM,False
302,OP-000302,3711,11,4,2025-12-30,20251230,2026-02-27,20260227,Won,76600.0,0.0582,72144.14,59.0,CRM,False
303,OP-000303,3761,1,6,2024-07-12,20240712,2024-08-11,20240811,Won,60800.0,0.1768,50053.58,30.0,CRM,False
304,OP-000304,3767,16,2,2024-02-10,20240210,2024-03-14,20240314,Won,20000.0,0.0733,18533.81,33.0,CRM,False
305,OP-000305,3799,6,5,2024-07-24,20240724,2024-10-12,20241012,Lost,12100.0,0.084,0.0,80.0,CRM,False
306,OP-000306,3800,16,1,2024-02-18,20240218,2024-04-28,20240428,Lost,347000.0,0.0582,0.0,70.0,CRM,False
307,OP-000307,3815,18,1,2024-05-06,20240506,2024-06-20,20240620,Won,20400.0,0.0471,19438.45,45.0,CRM,False
308,OP-000308,3856,2,3,2024-05-10,20240510,2024-07-21,20240721,Lost,95100.0,0.115,0.0,72.0,CRM,False
309,OP-000309,3867,12,2,2024-03-13,20240313,2024-05-03,20240503,Lost,11000.0,0.0,0.0,334.0,CRM,True
310,OP-000310,3868,6,3,2024-08-01,20240801,2024-09-19,20240919,Won,56700.0,0.1015,50945.13,49.0,CRM,False
311,OP-000311,3869,21,5,2024-05-05,20240505,2024-07-04,20240704,Lost,256400.0,0.0672,0.0,60.0,CRM,False
312,OP-000312,3873,11,4,2025-02-20,20250220,2025-04-16,20250416,Lost,52300.0,0.0514,0.0,55.0,CRM,False
313,OP-000313,3881,19,6,2024-06-19,20240619,,,Open,9300.0,0.0829,0.0,560.0,CRM,False
314,OP-000314,3883,18,1,2024-06-15,20240615,2024-07-04,20240704,Won,49400.0,0.0269,48069.56,19.0,CRM,False
315,OP-000315,3909,19,3,2024-10-09,20241009,2024-10-24,20241024,Lost,21800.0,0.0794,0.0,15.0,CRM,False
316,OP-000316,3917,11,6,2024-04-25,20240425,2024-06-23,20240623,Won,57300.0,0.0096,56747.19,59.0,CRM,False
317,OP-000317,3928,18,1,2024-10-07,20241007,2024-11-19,20241119,Lost,32600.0,0.1494,0.0,43.0,CRM,False
318,OP-000318,3931,23,1,2025-06-09,20250609,2025-06-25,20250625,Lost,26300.0,0.0633,0.0,16.0,CRM,False
319,OP-000319,3943,18,6,2025-09-23,20250923,2025-10-30,20251030,Lost,70600.0,0.0646,0.0,37.0,CRM,False
320,OP-000320,3945,13,1,2025-02-05,20250205,2025-03-10,20250310,Won,27800.0,0.0468,26498.97,33.0,CRM,False
321,OP-000321,3948,23,6,2025-05-01,20250501,2025-05-16,20250516,Won,30600.0,0.0337,29569.02,15.0,CRM,False
322,OP-000322,3963,22,3,2024-04-23,20240423,2024-05-20,20240520,Lost,25600.0,0.0666,0.0,27.0,CRM,False
323,OP-000323,3995,22,1,2025-12-30,20251230,,,Open,90200.0,0.1128,0.0,1.0,CRM,False
324,OP-000324,4000,10,6,2024-08-03,20240803,2024-10-22,20241022,Lost,39800.0,0.0032,0.0,80.0,CRM,False
325,OP-000325,4005,6,5,2025-07-10,20250710,2025-08-31,20250831,Lost,20500.0,0.0538,0.0,52.0,CRM,False
326,OP-000326,4018,18,5,2025-05-16,20250516,2025-06-03,20250603,Lost,53800.0,0.0331,0.0,18.0,CRM,False
327,OP-000327,4032,1,2,2024-09-15,20240915,2024-12-10,20241210,Won,47300.0,0.097,42712.2,86.0,CRM,False
328,OP-000328,4035,11,4,2024-05-09,20240509,2024-07-21,20240721,Lost,9200.0,0.0976,0.0,73.0,CRM,False
329,OP-000329,4039,21,5,2024-06-09,20240609,,,Open,23300.0,0.0317,0.0,281.0,CRM,True
330,OP-000330,4071,1,3,2025-10-23,20251023,2025-12-22,20251222,Lost,14900.0,0.0666,0.0,60.0,CRM,False
331,OP-000331,4083,11,1,2024-08-30,20240830,2024-10-08,20241008,Won,101100.0,0.1355,87402.31,39.0,CRM,False
332,OP-000332,4088,6,4,2025-05-20,20250520,,,Open,19800.0,0.0702,0.0,225.0,CRM,False
333,OP-000333,4124,17,4,2024-08-29,20240829,2024-09-17,20240917,Won,45700.0,0.094,41403.72,19.0,CRM,False
334,OP-000334,4125,1,4,2025-11-18,20251118,2026-01-31,20260131,Lost,106100.0,0.055,0.0,74.0,CRM,False
335,OP-000335,4142,7,4,2024-07-25,20240725,2024-08-10,20240810,Lost,11100.0,0.1077,0.0,16.0,CRM,False
336,OP-000336,4150,13,6,2024-01-27,20240127,2024-03-18,20240318,Lost,11700.0,0.0261,0.0,51.0,CRM,False
337,OP-000337,4155,7,6,2025-08-09,20250809,2025-11-06,20251106,Lost,14300.0,0.1065,0.0,89.0,CRM,False
338,OP-000338,4166,19,5,2025-12-13,20251213,,,Open,79100.0,0.0892,0.0,18.0,CRM,False
339,OP-000339,4170,16,6,2025-07-21,20250721,2025-08-31,20250831,Won,87700.0,0.0094,86876.06,41.0,CRM,False
340,OP-000340,4173,19,2,2025-02-04,20250204,2025-02-23,20250223,Lost,19700.0,0.1072,0.0,19.0,CRM,False
341,OP-000341,4180,2,5,2024-06-03,20240603,2024-06-13,20240613,Lost,300100.0,0.0651,0.0,10.0,CRM,False
342,OP-000342,4277,2,4,2024-10-31,20241031,2025-01-01,20250101,Won,12600.0,0.0771,11628.96,62.0,CRM,False
343,OP-000343,4279,21,5,2026-01-01,20260101,2026-01-19,20260119,Won,60200.0,0.0383,57893.01,18.0,CRM,False
344,OP-000344,4286,2,5,2025-12-28,20251228,2026-02-23,20260223,Lost,15000.0,0.1044,0.0,57.0,CRM,False
345,OP-000345,4289,1,3,2025-05-27,20250527,,,Open,114300.0,0.1186,0.0,218.0,CRM,False
346,OP-000346,4293,6,4,2025-05-15,20250515,2025-06-07,20250607,Lost,14200.0,0.0521,0.0,23.0,CRM,False
347,OP-000347,4296,9,1,2024-10-11,20241011,2024-12-14,20241214,Won,15500.0,0.1187,13660.09,64.0,CRM,False
348,OP-000348,4317,12,3,2025-09-03,20250903,2025-09-21,20250921,Lost,58800.0,0.0914,0.0,18.0,CRM,False
349,OP-000349,4339,22,1,2024-09-15,20240915,2024-10-11,20241011,Won,105300.0,0.0501,100024.86,26.0,CRM,False
350,OP-000350,4363,21,5,2025-02-24,20250224,2025-04-10,20250410,Won,30700.0,0.0898,27943.81,45.0,CRM,False
351,OP-000351,4366,2,1,2024-10-17,20241017,2024-12-27,20241227,Won,8000.0,0.1183,7053.46,71.0,CRM,False
352,OP-000352,4375,6,1,2024-04-08,20240408,2024-06-17,20240617,Won,20600.0,0.0618,19326.11,70.0,CRM,False
353,OP-000353,4382,17,6,2025-04-03,20250403,2025-06-15,20250615,Won,296400.0,0.1298,257937.09,73.0,CRM,False
354,OP-000354,4383,20,5,2025-11-14,20251114,2026-02-11,20260211,Lost,95300.0,0.0349,0.0,89.0,CRM,False
355,OP-000355,4427,6,1,2025-11-26,20251126,2026-01-15,20260115,Won,65900.0,0.0737,61040.08,50.0,CRM,False
356,OP-000356,4438,1,1,2025-12-07,20251207,2026-03-06,20260306,Won,582700.0,0.055,550666.13,89.0,CRM,False
357,OP-000357,4442,1,3,2024-09-15,20240915,2024-10-04,20241004,Won,27800.0,0.0,27800.0,19.0,CRM,False
358,OP-000358,4466,1,4,2026-01-06,20260106,2026-01-18,20260118,Lost,52500.0,0.1185,0.0,12.0,CRM,False
359,OP-000359,4472,13,1,2024-12-23,20241223,2025-03-22,20250322,Won,32200.0,0.0783,29680.33,89.0,CRM,False
360,OP-000360,4494,21,1,2025-07-13,20250713,2025-08-24,20250824,Won,46900.0,0.053,44415.7,42.0,CRM,False
361,OP-000361,4535,16,4,2025-12-16,20251216,2026-01-21,20260121,Lost,81000.0,0.2021,0.0,36.0,CRM,False
362,OP-000362,4538,15,3,2025-01-26,20250126,2025-02-27,20250227,Won,34400.0,0.1172,30368.68,32.0,CRM,False
363,OP-000363,4541,21,1,2024-03-14,20240314,2024-06-02,20240602,Lost,99300.0,0.1314,0.0,80.0,CRM,False
364,OP-000364,4542,1,6,2025-12-01,20251201,2026-02-06,20260206,Won,41300.0,0.0185,40536.84,67.0,CRM,False
365,OP-000365,4543,2,6,2025-03-11,20250311,2025-04-25,20250425,Won,438300.0,0.0909,398459.47,45.0,CRM,False
366,OP-000366,4553,17,4,2024-05-15,20240515,2024-06-11,20240611,Won,30400.0,0.0769,28061.05,27.0,CRM,False
367,OP-000367,4565,23,1,2024-09-09,20240909,2024-10-19,20241019,Lost,28000.0,0.0939,0.0,40.0,CRM,False
368,OP-000368,4570,8,5,2025-06-13,20250613,2025-06-24,20250624,Won,180800.0,0.0402,173523.19,11.0,CRM,False
369,OP-000369,4582,16,1,2024-04-05,20240405,2024-06-15,20240615,Won,176000.0,0.0,176000.0,71.0,CRM,False
370,OP-000370,4610,18,3,2024-04-08,20240408,,,Open,22500.0,0.1322,0.0,632.0,CRM,False
371,OP-000371,4620,12,3,2025-03-30,20250330,2025-06-14,20250614,Lost,242600.0,0.0713,0.0,76.0,CRM,False
372,OP-000372,4637,24,1,2024-12-10,20241210,2025-02-15,20250215,Lost,202200.0,0.0649,0.0,67.0,CRM,False
373,OP-000373,4642,4,3,2024-08-16,20240816,2024-09-27,20240927,Lost,17100.0,0.0844,0.0,42.0,CRM,False
374,OP-000374,4659,8,5,2024-04-07,20240407,2024-06-18,20240618,Lost,318400.0,0.1068,0.0,72.0,CRM,False
375,OP-000375,4661,22,6,2025-02-07,20250207,2025-03-17,20250317,Won,183700.0,0.0921,166787.02,38.0,CRM,False
376,OP-000376,4662,8,3,2024-08-02,20240802,,,Open,83700.0,0.1553,0.0,516.0,CRM,False
377,OP-000377,4667,1,3,2025-07-01,20250701,2025-08-26,20250826,Lost,101000.0,0.0574,0.0,56.0,CRM,False
378,OP-000378,4670,10,1,2024-05-24,20240524,2024-07-21,20240721,Lost,70300.0,0.0955,0.0,58.0,CRM,False
379,OP-000379,4682,6,6,2025-11-02,20251102,,,Open,126600.0,0.0725,0.0,59.0,CRM,False
380,OP-000380,4683,1,6,2025-05-16,20250516,2025-06-14,20250614,Won,12600.0,0.0688,11732.65,29.0,CRM,False
381,OP-000381,4685,23,5,2024-02-20,20240220,2024-04-28,20240428,Won,40000.0,0.1056,35777.04,68.0,CRM,False
382,OP-000382,4695,15,1,2024-05-19,20240519,2024-06-27,20240627,Won,50800.0,0.1866,41319.15,39.0,CRM,False
383,OP-000383,4703,14,5,2025-01-28,20250128,2025-02-07,20250207,Lost,430800.0,0.0304,0.0,10.0,CRM,False
384,OP-000384,4704,18,2,2025-03-18,20250318,2025-04-04,20250404,Won,60400.0,0.0915,54870.54,17.0,CRM,False
385,OP-000385,4709,11,5,2025-02-11,20250211,2025-04-26,20250426,Won,11900.0,0.1215,10453.69,74.0,CRM,False
386,OP-000386,4724,21,6,2024-03-25,20240325,2024-05-14,20240514,Lost,9700.0,0.086,0.0,50.0,CRM,False
387,OP-000387,4738,11,5,2025-08-09,20250809,2025-10-17,20251017,Lost,204300.0,0.0488,0.0,69.0,CRM,False
388,OP-000388,4759,21,2,2025-08-19,20250819,2025-11-02,20251102,Won,83100.0,0.0494,78991.41,75.0,CRM,False
389,OP-000389,4774,11,2,2024-11-27,20241127,2025-02-02,20250202,Won,190900.0,0.147,162831.23,67.0,CRM,False
390,OP-000390,4784,18,2,2024-06-05,20240605,2024-06-27,20240627,Lost,117100.0,0.0726,0.0,22.0,CRM,False
391,OP-000391,4829,1,5,2025-08-14,20250814,2025-10-30,20251030,Won,390400.0,0.197,313502.73,77.0,CRM,False
392,OP-000392,4853,6,5,2026-01-04,20260104,2026-02-06,20260206,Lost,65200.0,0.1451,0.0,33.0,CRM,False
393,OP-000393,4854,2,3,2025-10-18,20251018,,,Open,51500.0,0.0976,0.0,74.0,CRM,False
394,OP-000394,4855,22,4,2025-05-24,20250524,,,Open,25100.0,0.0868,0.0,221.0,CRM,False
395,OP-000395,4871,23,5,2025-03-25,20250325,2025-04-30,20250430,Won,207700.0,0.0726,192613.31,36.0,CRM,False
396,OP-000396,4875,16,6,2025-03-05,20250305,2025-04-14,20250414,Lost,9800.0,0.1457,0.0,40.0,CRM,False
397,OP-000397,4882,7,6,2025-08-23,20250823,2025-09-26,20250926,Won,8800.0,0.1403,7565.01,34.0,CRM,False
398,OP-000398,4892,24,6,2025-01-06,20250106,,,Open,13500.0,0.1439,0.0,359.0,CRM,False
399,OP-000399,4893,24,1,2024-06-18,20240618,2024-09-07,20240907,Lost,18200.0,0.0927,0.0,81.0,CRM,False
400,OP-000400,4905,1,3,2025-02-17,20250217,2025-02-28,20250228,Won,52600.0,0.1481,44810.27,11.0,CRM,False
401,OP-000401,4930,2,1,2024-05-30,20240530,2024-08-07,20240807,Won,500200.0,0.097,451682.56,69.0,CRM,False
402,OP-000402,4931,7,5,2024-12-09,20241209,2025-01-21,20250121,Won,74800.0,0.0342,72239.51,43.0,CRM,False
403,OP-000403,4941,3,3,2025-10-20,20251020,2025-11-08,20251108,Won,21200.0,0.0,21200.0,19.0,CRM,False
404,OP-000404,4942,21,2,2024-08-17,20240817,2024-10-17,20241017,Won,56200.0,0.0656,52515.58,61.0,CRM,False
405,OP-000405,4950,13,3,2024-04-17,20240417,2024-06-11,20240611,Won,20000.0,0.0256,19488.99,55.0,CRM,False
406,OP-000406,4960,9,6,2025-01-25,20250125,2025-03-20,20250320,Won,26400.0,0.0,26400.0,54.0,CRM,False
407,OP-000407,5009,16,3,2025-07-12,20250712,2025-09-14,20250914,Won,147800.0,0.0049,147081.35,64.0,CRM,False
408,OP-000408,5013,21,5,2025-06-19,20250619,2025-07-16,20250716,Won,43300.0,0.0129,42741.8,27.0,CRM,False
409,OP-000409,5059,13,1,2025-08-11,20250811,2025-08-25,20250825,Lost,68500.0,0.1655,0.0,14.0,CRM,False
410,OP-000410,5073,7,5,2025-04-26,20250426,,,Open,107000.0,0.0484,0.0,249.0,CRM,False
411,OP-000411,5104,3,3,2025-01-21,20250121,2025-03-22,20250322,Lost,143400.0,0.1504,0.0,60.0,CRM,False
412,OP-000412,5117,1,4,2025-10-24,20251024,2025-11-27,20251127,Won,41300.0,0.1223,36250.64,34.0,CRM,False
413,OP-000413,5135,21,2,2024-11-23,20241123,2025-02-14,20250214,Lost,13700.0,0.1032,0.0,83.0,CRM,False
414,OP-000414,5143,3,2,2024-10-16,20241016,,,Open,35600.0,0.1353,0.0,441.0,CRM,False
415,OP-000415,5153,21,6,2024-10-31,20241031,2025-01-17,20250117,Lost,13400.0,0.0631,0.0,78.0,CRM,False
416,OP-000416,5185,1,4,2024-12-07,20241207,2024-12-25,20241225,Lost,18900.0,0.0953,0.0,18.0,CRM,False
417,OP-000417,5197,17,1,2024-01-30,20240130,2024-03-18,20240318,Won,158300.0,0.0267,154076.01,48.0,CRM,False
418,OP-000418,5215,18,3,2024-03-17,20240317,2024-04-22,20240422,Won,16000.0,0.1004,14394.39,36.0,CRM,False
419,OP-000419,5234,8,3,2026-01-29,20260129,2026-04-12,20260412,Won,7400.0,0.0398,7105.82,73.0,CRM,False
420,OP-000420,5240,12,6,2024-09-11,20240911,2024-10-02,20241002,Won,16100.0,0.1435,13789.55,21.0,CRM,False
421,OP-000421,5250,6,2,2024-05-19,20240519,,,Open,103500.0,0.0877,0.0,591.0,CRM,False
422,OP-000422,5264,16,5,2025-05-22,20250522,2025-06-06,20250606,Lost,73100.0,0.0986,0.0,15.0,CRM,False
423,OP-000423,5275,4,1,2024-11-21,20241121,,,Open,64600.0,0.1179,0.0,405.0,CRM,False
424,OP-000424,5282,1,2,2024-02-26,20240226,2024-04-09,20240409,Lost,6600.0,0.0445,0.0,43.0,CRM,False
425,OP-000425,5312,11,3,2025-06-22,20250622,2025-08-04,20250804,Lost,64100.0,0.0835,0.0,43.0,CRM,False
426,OP-000426,5320,6,3,2025-11-26,20251126,2026-01-31,20260131,Lost,191400.0,0.1194,0.0,66.0,CRM,False
427,OP-000427,5322,21,3,2025-02-07,20250207,2025-04-08,20250408,Won,30000.0,0.0375,28876.16,60.0,CRM,False
428,OP-000428,5379,14,5,2024-07-08,20240708,2024-10-05,20241005,Lost,34800.0,0.0,0.0,89.0,CRM,False
429,OP-000429,5392,21,3,2025-12-31,20251231,2026-02-11,20260211,Won,104800.0,0.0563,98895.63,42.0,CRM,False
430,OP-000430,5393,16,5,2024-01-18,20240118,2024-03-04,20240304,Lost,24500.0,0.0715,0.0,46.0,CRM,False
431,OP-000431,5402,11,1,2024-09-20,20240920,2024-11-30,20241130,Won,14400.0,0.0,14400.0,71.0,CRM,False
432,OP-000432,5403,22,3,2024-05-01,20240501,,,Open,25900.0,0.1387,0.0,609.0,CRM,False
433,OP-000433,5435,21,5,2025-01-21,20250121,2025-04-12,20250412,Lost,76100.0,0.0657,0.0,81.0,CRM,False
434,OP-000434,5436,3,3,2024-04-08,20240408,2024-05-09,20240509,Won,73900.0,0.0713,68631.98,31.0,CRM,False
435,OP-000435,5478,23,5,2024-02-28,20240228,2024-05-04,20240504,Won,39700.0,0.0511,37672.0,66.0,CRM,False
436,OP-000436,5483,1,4,2025-11-12,20251112,,,Open,15100.0,0.07,0.0,49.0,CRM,False
437,OP-000437,5497,5,2,2025-05-07,20250507,2025-07-06,20250706,Lost,15300.0,0.0395,0.0,60.0,CRM,False
438,OP-000438,5507,21,5,2025-06-17,20250617,2025-07-30,20250730,Lost,5200.0,0.0893,0.0,43.0,CRM,False
439,OP-000439,5525,21,3,2024-01-24,20240124,2024-02-18,20240218,Lost,68800.0,0.1567,0.0,25.0,CRM,False
440,OP-000440,5540,24,4,2024-10-17,20241017,2024-12-17,20241217,Won,55700.0,0.0459,53143.8,61.0,CRM,False
441,OP-000441,5568,21,6,2024-08-09,20240809,2024-09-30,20240930,Won,10400.0,0.0685,9688.01,52.0,CRM,False
442,OP-000442,5601,24,3,2024-05-19,20240519,2024-07-05,20240705,Lost,188700.0,0.1286,0.0,47.0,CRM,False
443,OP-000443,5604,1,1,2024-10-05,20241005,,,Open,27400.0,0.1763,0.0,452.0,CRM,False
444,OP-000444,5619,21,1,2025-12-30,20251230,2026-02-23,20260223,Won,37500.0,0.1054,33546.84,55.0,CRM,False
445,OP-000445,5620,23,4,2024-07-18,20240718,2024-10-09,20241009,Won,82300.0,0.0876,75091.56,83.0,CRM,False
446,OP-000446,5621,8,2,2025-08-13,20250813,2025-11-10,20251110,Won,79400.0,0.0086,78714.8,89.0,CRM,False
447,OP-000447,5632,22,5,2024-04-09,20240409,2024-06-13,20240613,Lost,148300.0,0.044,0.0,65.0,CRM,False
448,OP-000448,5668,6,1,2024-09-28,20240928,2024-12-06,20241206,Lost,17200.0,0.0828,0.0,69.0,CRM,False
449,OP-000449,5669,16,2,2025-11-12,20251112,2026-01-26,20260126,Lost,87200.0,0.1343,0.0,75.0,CRM,False
450,OP-000450,5670,17,5,2025-05-08,20250508,2025-08-05,20250805,Won,35100.0,0.0707,32619.79,89.0,CRM,False
451,OP-000451,5679,16,6,2024-02-02,20240202,2024-04-03,20240403,Won,106200.0,0.0603,99799.1,61.0,CRM,False
452,OP-000452,5683,16,4,2025-02-10,20250210,2025-04-15,20250415,Won,25100.0,0.0461,23942.37,64.0,CRM,False
453,OP-000453,5684,3,4,2025-05-12,20250512,2025-07-16,20250716,Won,62700.0,0.0687,58392.02,65.0,CRM,False
454,OP-000454,5694,6,6,2024-09-12,20240912,2024-11-23,20241123,Lost,49100.0,0.1046,0.0,72.0,CRM,False
455,OP-000455,5703,5,2,2025-04-13,20250413,2025-06-07,20250607,Lost,162000.0,0.025,0.0,55.0,CRM,False
456,OP-000456,5716,20,1,2025-09-05,20250905,2025-11-23,20251123,Won,22400.0,0.0644,20957.91,79.0,CRM,False
457,OP-000457,5728,11,3,2025-08-04,20250804,2025-09-23,20250923,Lost,26700.0,0.0244,0.0,50.0,CRM,False
458,OP-000458,5743,1,1,2024-04-19,20240419,2024-04-29,20240429,Won,36300.0,0.0543,34330.17,10.0,CRM,False
459,OP-000459,5774,14,6,2025-12-06,20251206,2026-01-15,20260115,Lost,115500.0,0.13,0.0,40.0,CRM,False
460,OP-000460,5784,24,3,2024-09-20,20240920,2024-10-21,20241021,Lost,34800.0,0.0656,0.0,31.0,CRM,False
461,OP-000461,5791,8,3,2025-07-21,20250721,,,Open,23800.0,0.1298,0.0,273.0,CRM,True
462,OP-000462,5817,19,3,2024-03-28,20240328,2024-04-25,20240425,Lost,157500.0,0.1419,0.0,28.0,CRM,False
463,OP-000463,5836,11,3,2025-05-23,20250523,2025-07-23,20250723,Won,89000.0,0.0034,88693.43,61.0,CRM,False
464,OP-000464,5843,2,5,2024-11-10,20241110,2025-01-26,20250126,Won,11700.0,0.1376,10089.93,77.0,CRM,False
465,OP-000465,5866,9,3,2025-12-12,20251212,2026-02-10,20260210,Lost,295500.0,0.074,0.0,60.0,CRM,False
466,OP-000466,5883,15,3,2025-06-07,20250607,,,Open,19000.0,0.0378,0.0,309.0,CRM,True
467,OP-000467,5886,21,1,2024-06-12,20240612,,,Open,561300.0,0.1685,0.0,567.0,CRM,False
468,OP-000468,5896,17,3,2025-07-10,20250710,2025-09-15,20250915,Lost,57100.0,0.1026,0.0,67.0,CRM,False
469,OP-000469,5899,21,3,2024-01-18,20240118,2024-04-04,20240404,Won,84500.0,0.0,84500.0,77.0,CRM,False
470,OP-000470,5920,18,5,2025-06-06,20250606,2025-07-01,20250701,Lost,279700.0,0.0808,0.0,25.0,CRM,False
471,OP-000471,5921,5,6,2025-07-08,20250708,2025-09-16,20250916,Lost,266900.0,0.1805,0.0,70.0,CRM,False
472,OP-000472,5935,4,2,2024-11-15,20241115,2025-01-25,20250125,Lost,81100.0,0.2543,0.0,71.0,CRM,False
473,OP-000473,5945,5,6,2024-11-29,20241129,2025-01-31,20250131,Lost,9400.0,0.142,0.0,63.0,CRM,False
474,OP-000474,5946,1,5,2024-11-08,20241108,2025-01-06,20250106,Won,182900.0,0.0237,178564.71,59.0,CRM,False
475,OP-000475,6019,12,2,2025-04-18,20250418,2025-06-22,20250622,Won,10500.0,0.085,9607.91,65.0,CRM,False
476,OP-000476,6020,17,5,2025-11-23,20251123,2026-02-04,20260204,Won,9000.0,0.1195,7924.57,73.0,CRM,False
477,OP-000477,6028,16,6,2025-09-30,20250930,,,Open,25500.0,0.0251,0.0,92.0,CRM,False
478,OP-000478,6039,22,1,2025-04-26,20250426,2025-05-22,20250522,Lost,284100.0,0.0,0.0,26.0,CRM,False
479,OP-000479,6040,8,2,2025-03-25,20250325,2025-06-14,20250614,Lost,315300.0,0.0567,0.0,81.0,CRM,False
480,OP-000480,6069,21,2,2024-04-25,20240425,2024-07-23,20240723,Won,11400.0,0.0134,11247.6,89.0,CRM,False
481,OP-000481,6078,7,5,2025-07-14,20250714,2025-09-11,20250911,Won,29000.0,0.1114,25770.16,59.0,CRM,False
482,OP-000482,6091,16,3,2024-08-21,20240821,2024-09-21,20240921,Won,12700.0,0.1422,10894.41,31.0,CRM,False
483,OP-000483,6093,16,3,2025-05-04,20250504,2025-07-03,20250703,Won,73000.0,0.1138,64695.17,60.0,CRM,False
484,OP-000484,6104,16,2,2025-09-02,20250902,,,Open,311000.0,0.0693,0.0,120.0,CRM,False
485,OP-000485,6107,2,1,2024-02-10,20240210,2024-03-29,20240329,Won,205300.0,0.0305,199047.39,48.0,CRM,False
486,OP-000486,6120,16,6,2025-11-06,20251106,2026-02-02,20260202,Lost,37900.0,0.0083,0.0,88.0,CRM,False
487,OP-000487,6134,24,1,2025-02-23,20250223,2025-03-19,20250319,Lost,45200.0,0.0767,0.0,24.0,CRM,False
488,OP-000488,6157,21,4,2025-03-27,20250327,2025-06-07,20250607,Lost,89400.0,0.0,0.0,72.0,CRM,False
489,OP-000489,6188,16,3,2024-04-02,20240402,,,Open,28900.0,0.0,0.0,638.0,CRM,False
490,OP-000490,6194,22,6,2025-09-13,20250913,2025-10-07,20251007,Won,42200.0,0.0559,39840.03,24.0,CRM,False
491,OP-000491,6203,11,2,2024-04-25,20240425,2024-06-27,20240627,Won,5300.0,0.0525,5021.61,63.0,CRM,False
492,OP-000492,6204,6,3,2024-09-18,20240918,2024-11-08,20241108,Won,17800.0,0.0895,16206.81,51.0,CRM,False
493,OP-000493,6225,5,3,2025-02-18,20250218,2025-04-18,20250418,Won,62400.0,0.092,56661.78,59.0,CRM,False
494,OP-000494,6230,11,4,2025-08-21,20250821,2025-09-18,20250918,Won,146300.0,0.1017,131426.35,28.0,CRM,False
495,OP-000495,6237,13,4,2024-12-30,20241230,2025-02-12,20250212,Lost,68400.0,0.1199,0.0,44.0,CRM,False
496,OP-000496,6261,22,3,2025-05-06,20250506,2025-07-02,20250702,Won,45200.0,0.1308,39286.41,57.0,CRM,False
497,OP-000497,6269,7,1,2025-09-30,20250930,2025-12-02,20251202,Won,67600.0,0.1049,60506.32,63.0,CRM,False
498,OP-000498,6273,6,1,2025-04-07,20250407,,,Open,28100.0,0.0943,0.0,268.0,CRM,False
499,OP-000499,6278,9,1,2025-03-23,20250323,,,Open,10700.0,0.0,0.0,283.0,CRM,False
500,OP-000500,6283,6,3,2025-05-03,20250503,,,Open,53700.0,0.0442,0.0,242.0,CRM,False
501,OP-000501,6313,16,5,2024-02-04,20240204,,,Open,268300.0,0.0575,0.0,696.0,CRM,False
502,OP-000502,6316,1,3,2025-09-14,20250914,2025-11-14,20251114,Won,32400.0,0.074,30000.88,61.0,CRM,False
503,OP-000503,6318,21,2,2025-03-17,20250317,2025-05-24,20250524,Lost,64500.0,0.0393,0.0,68.0,CRM,False
504,OP-000504,6349,23,1,2025-06-28,20250628,2025-08-01,20250801,Lost,15400.0,0.1465,0.0,34.0,CRM,False
505,OP-000505,6365,8,4,2024-04-25,20240425,2024-05-11,20240511,Lost,88200.0,0.0942,0.0,16.0,CRM,False
506,OP-000506,6366,19,3,2025-12-11,20251211,2025-12-27,20251227,Won,13000.0,0.0,13000.0,16.0,CRM,False
507,OP-000507,6368,1,2,2024-05-31,20240531,2024-06-23,20240623,Lost,17600.0,0.1668,0.0,23.0,CRM,False
508,OP-000508,6391,1,5,2025-01-24,20250124,2025-02-18,20250218,Won,15900.0,0.0794,14638.08,25.0,CRM,False
509,OP-000509,6417,18,1,2024-07-21,20240721,2024-09-12,20240912,Won,15200.0,0.0686,14157.66,53.0,CRM,False
510,OP-000510,6429,21,4,2025-09-08,20250908,2025-12-03,20251203,Lost,20200.0,0.0646,0.0,86.0,CRM,False
511,OP-000511,6442,12,2,2025-02-09,20250209,2025-04-11,20250411,Won,56400.0,0.0693,52490.37,61.0,CRM,False
512,OP-000512,6443,1,1,2024-11-23,20241123,,,Open,35600.0,0.1131,0.0,403.0,CRM,False
513,OP-000513,6454,7,6,2024-05-06,20240506,2024-06-21,20240621,Won,40200.0,0.1149,35582.23,46.0,CRM,False
514,OP-000514,6461,11,6,2025-02-05,20250205,2025-02-26,20250226,Lost,22300.0,0.0258,0.0,21.0,CRM,False
515,OP-000515,6497,10,1,2024-09-07,20240907,2024-10-18,20241018,Won,17900.0,0.0454,17087.94,41.0,CRM,False
516,OP-000516,6504,16,3,2025-10-11,20251011,2025-10-31,20251031,Won,97000.0,0.0548,91681.93,20.0,CRM,False
517,OP-000517,6515,7,5,2025-11-21,20251121,2026-01-06,20260106,Lost,52700.0,0.0323,0.0,46.0,CRM,False
518,OP-000518,6526,8,5,2025-09-11,20250911,2025-10-10,20251010,Lost,77400.0,0.0795,0.0,29.0,CRM,False
519,OP-000519,6528,2,2,2025-04-19,20250419,2025-05-23,20250523,Won,50600.0,0.0586,47634.32,34.0,CRM,False
520,OP-000520,6546,24,3,2025-05-18,20250518,2025-06-29,20250629,Won,12800.0,0.1019,11495.19,42.0,CRM,False
521,OP-000521,6583,21,3,2025-10-12,20251012,2025-10-27,20251027,Won,20300.0,0.0455,19376.84,15.0,CRM,False
522,OP-000522,6593,12,6,2024-02-14,20240214,2024-05-09,20240509,Won,77000.0,0.0588,72472.15,85.0,CRM,False
523,OP-000523,6613,15,5,2024-01-29,20240129,2024-02-19,20240219,Won,10600.0,0.1403,9113.13,21.0,CRM,False
524,OP-000524,6632,2,1,2025-09-28,20250928,2025-10-24,20251024,Lost,46900.0,0.098,0.0,26.0,CRM,False
525,OP-000525,6638,14,4,2025-05-15,20250515,2025-07-31,20250731,Lost,29200.0,0.0574,0.0,77.0,CRM,False
526,OP-000526,6652,21,3,2025-04-24,20250424,2025-06-22,20250622,Won,33600.0,0.0476,32000.28,59.0,CRM,False
527,OP-000527,6724,21,4,2024-08-31,20240831,,,Open,25300.0,0.1329,0.0,487.0,CRM,False
528,OP-000528,6730,16,1,2025-10-24,20251024,2026-01-14,20260114,Won,8300.0,0.0499,7885.48,82.0,CRM,False
529,OP-000529,6731,18,2,2024-01-21,20240121,2024-03-31,20240331,Won,12500.0,0.0448,11940.61,70.0,CRM,False
530,OP-000530,6738,1,1,2025-05-20,20250520,2025-07-04,20250704,Lost,66500.0,0.0155,0.0,45.0,CRM,False
531,OP-000531,6750,13,1,2025-02-23,20250223,2025-05-18,20250518,Lost,26500.0,0.1574,0.0,84.0,CRM,False
532,OP-000532,6751,17,5,2026-01-09,20260109,2026-02-05,20260205,Won,49700.0,0.1175,43862.09,27.0,CRM,False
533,OP-000533,6755,12,3,2025-02-02,20250202,2025-02-12,20250212,Lost,107900.0,0.05,0.0,10.0,CRM,False
534,OP-000534,6756,3,3,2025-06-25,20250625,2025-07-27,20250727,Won,102900.0,0.1314,89382.25,32.0,CRM,False
535,OP-000535,6766,16,5,2025-11-14,20251114,,,Open,44600.0,0.1218,0.0,47.0,CRM,False
536,OP-000536,6774,21,1,2026-01-10,20260110,,,Open,13200.0,0.012,0.0,-10.0,CRM,False
537,OP-000537,6798,19,1,2025-06-08,20250608,2025-07-24,20250724,Won,16100.0,0.0902,14648.43,46.0,CRM,False
538,OP-000538,6803,5,5,2025-11-19,20251119,2025-12-21,20251221,Won,94100.0,0.0141,92775.36,32.0,CRM,False
539,OP-000539,6877,1,3,2025-11-10,20251110,,,Open,16000.0,0.1291,0.0,51.0,CRM,False
540,OP-000540,6880,7,3,2024-11-10,20241110,2025-01-30,20250130,Won,13300.0,0.0505,12627.91,81.0,CRM,False
541,OP-000541,6897,12,1,2024-05-08,20240508,2024-07-24,20240724,Lost,28900.0,0.0713,0.0,77.0,CRM,False
542,OP-000542,6916,13,3,2026-01-23,20260123,2026-04-10,20260410,Lost,58700.0,0.0323,0.0,77.0,CRM,False
543,OP-000543,6923,23,1,2024-11-16,20241116,2025-02-06,20250206,Won,10000.0,0.1392,8608.07,82.0,CRM,False
544,OP-000544,6941,6,3,2025-02-18,20250218,2025-03-15,20250315,Won,16000.0,0.0793,14731.25,25.0,CRM,False
545,OP-000545,6953,11,3,2025-07-05,20250705,,,Open,66800.0,0.0909,0.0,179.0,CRM,False
546,OP-000546,6955,24,6,2025-01-08,20250108,2025-01-29,20250129,Lost,60900.0,0.1161,0.0,21.0,CRM,False
547,OP-000547,6992,3,3,2025-02-25,20250225,2025-05-01,20250501,Lost,109300.0,0.059,0.0,65.0,CRM,False
548,OP-000548,6995,6,3,2025-07-31,20250731,2025-08-23,20250823,Lost,9600.0,0.0,0.0,23.0,CRM,False
549,OP-000549,7012,5,4,2025-10-13,20251013,2025-10-28,20251028,Lost,4900.0,0.0444,0.0,15.0,CRM,False
550,OP-000550,7018,18,6,2025-07-11,20250711,2025-07-21,20250721,Won,287300.0,0.1589,241659.87,10.0,CRM,False
551,OP-000551,7081,1,1,2025-03-05,20250305,2025-06-01,20250601,Lost,32000.0,0.0739,0.0,88.0,CRM,False
552,OP-000552,7083,19,2,2025-07-09,20250709,2025-09-04,20250904,Won,76500.0,0.137,66015.88,57.0,CRM,False
553,OP-000553,7084,21,6,2025-01-26,20250126,2025-04-01,20250401,Lost,82100.0,0.1002,0.0,65.0,CRM,False
554,OP-000554,7093,24,5,2025-11-03,20251103,2025-11-13,20251113,Won,310200.0,0.1213,272581.03,10.0,CRM,False
555,OP-000555,7100,21,3,2025-09-11,20250911,2025-12-03,20251203,Won,65200.0,0.0477,62088.85,83.0,CRM,False
556,OP-000556,7102,10,2,2024-10-04,20241004,2024-11-13,20241113,Won,31100.0,0.0075,30867.28,40.0,CRM,False
557,OP-000557,7113,14,2,2025-11-24,20251124,2026-01-12,20260112,Lost,66300.0,0.0753,0.0,49.0,CRM,False
558,OP-000558,7118,6,6,2025-02-10,20250210,2025-04-18,20250418,Lost,48100.0,0.146,0.0,67.0,CRM,False
559,OP-000559,7123,6,6,2024-07-05,20240705,,,Open,21400.0,0.0632,0.0,544.0,CRM,False
560,OP-000560,7136,24,1,2024-03-13,20240313,2024-05-22,20240522,Won,10300.0,0.1172,9092.67,70.0,CRM,False
561,OP-000561,7164,21,4,2024-02-02,20240202,2024-04-19,20240419,Won,8400.0,0.0741,7777.37,77.0,CRM,False
562,OP-000562,7166,11,2,2024-02-16,20240216,2024-05-08,20240508,Won,45000.0,0.094,40771.47,82.0,CRM,False
563,OP-000563,7176,8,5,2024-11-09,20241109,,,Open,20200.0,0.0476,0.0,417.0,CRM,False
564,OP-000564,7189,3,5,2025-06-15,20250615,2025-08-03,20250803,Won,52700.0,0.0456,50299.02,49.0,CRM,False
565,OP-000565,7192,12,1,2024-01-09,20240109,,,Open,27300.0,0.1678,0.0,722.0,CRM,False
566,OP-000566,7197,11,6,2025-08-23,20250823,2025-10-30,20251030,Won,19900.0,0.1114,17682.59,68.0,CRM,False
567,OP-000567,7200,11,1,2025-07-27,20250727,2025-09-23,20250923,Lost,18800.0,0.1189,0.0,58.0,CRM,False
568,OP-000568,7209,21,5,2024-11-03,20241103,2024-12-26,20241226,Won,167400.0,0.08,154008.76,53.0,CRM,False
569,OP-000569,7219,11,3,2025-12-13,20251213,2026-02-03,20260203,Lost,61200.0,0.1005,0.0,52.0,CRM,False
570,OP-000570,7220,3,3,2024-08-04,20240804,2024-10-19,20241019,Won,694500.0,0.1132,615905.94,76.0,CRM,False
571,OP-000571,7222,19,5,2025-09-10,20250910,2025-10-20,20251020,Lost,16300.0,0.0,0.0,40.0,CRM,False
572,OP-000572,7244,1,6,2025-08-05,20250805,2025-09-29,20250929,Lost,6700.0,0.0143,0.0,55.0,CRM,False
573,OP-000573,7247,10,2,2025-03-28,20250328,2025-05-21,20250521,Lost,21100.0,0.0076,0.0,54.0,CRM,False
574,OP-000574,7248,6,4,2024-05-28,20240528,2024-07-19,20240719,Won,49600.0,0.0799,45637.59,52.0,CRM,False
575,OP-000575,7260,16,4,2025-11-20,20251120,2025-12-30,20251230,Won,99700.0,0.0772,91999.84,40.0,CRM,False
576,OP-000576,7267,18,2,2024-07-12,20240712,2024-07-24,20240724,Won,9100.0,0.0919,8263.28,12.0,CRM,False
577,OP-000577,7268,11,1,2025-06-09,20250609,2025-08-20,20250820,Won,93400.0,0.1736,77181.62,72.0,CRM,False
578,OP-000578,7275,6,2,2024-03-14,20240314,2024-03-25,20240325,Lost,26300.0,0.0242,0.0,11.0,CRM,False
579,OP-000579,7303,11,4,2025-02-24,20250224,2025-04-20,20250420,Won,66200.0,0.0803,60884.04,55.0,CRM,False
580,OP-000580,7307,6,2,2024-02-08,20240208,,,Open,79800.0,0.1302,0.0,692.0,CRM,False
581,OP-000581,7320,6,3,2025-09-03,20250903,,,Open,15800.0,0.0676,0.0,119.0,CRM,False
582,OP-000582,7363,15,3,2024-09-03,20240903,2024-10-05,20241005,Won,357900.0,0.0947,324021.25,32.0,CRM,False
583,OP-000583,7387,8,4,2024-05-30,20240530,2024-06-29,20240629,Won,18200.0,0.1018,16347.83,30.0,CRM,False
584,OP-000584,7397,6,5,2025-01-13,20250113,2025-02-20,20250220,Won,5700.0,0.0808,5239.51,38.0,CRM,False
585,OP-000585,7409,16,6,2024-08-09,20240809,2024-08-23,20240823,Won,37000.0,0.0389,35560.6,14.0,CRM,False
586,OP-000586,7415,5,5,2025-11-11,20251111,2025-12-27,20251227,Won,22700.0,0.0904,20647.41,46.0,CRM,False
587,OP-000587,7444,8,2,2024-06-03,20240603,2024-07-07,20240707,Won,274600.0,0.0964,248132.29,34.0,CRM,False
588,OP-000588,7445,16,2,2024-10-21,20241021,2025-01-01,20250101,Won,250300.0,0.1337,216846.4,72.0,CRM,False
589,OP-000589,7447,14,3,2025-04-11,20250411,2025-05-14,20250514,Won,111200.0,0.0321,107631.36,33.0,CRM,False
590,OP-000590,7458,13,6,2025-09-26,20250926,2025-10-22,20251022,Won,26200.0,0.0621,24572.82,26.0,CRM,False
591,OP-000591,7485,1,5,2024-04-07,20240407,2024-06-08,20240608,Lost,15500.0,0.0,0.0,62.0,CRM,False
592,OP-000592,7489,3,3,2024-10-21,20241021,2024-12-07,20241207,Lost,59300.0,0.087,0.0,47.0,CRM,False
593,OP-000593,7491,18,3,2025-08-27,20250827,2025-11-20,20251120,Won,46300.0,0.0478,44084.73,85.0,CRM,False
594,OP-000594,7496,17,2,2024-03-12,20240312,,,Open,109100.0,0.0643,0.0,659.0,CRM,False
595,OP-000595,7534,7,2,2025-10-09,20251009,2025-12-09,20251209,Lost,272900.0,0.0246,0.0,61.0,CRM,False
596,OP-000596,7552,12,4,2024-10-21,20241021,2024-12-28,20241228,Won,38700.0,0.1237,33913.29,68.0,CRM,False
597,OP-000597,7554,21,1,2026-01-14,20260114,2026-03-29,20260329,Won,95500.0,0.0221,93388.79,74.0,CRM,False
598,OP-000598,7564,22,3,2025-12-29,20251229,2026-03-17,20260317,Won,24300.0,0.1022,21817.71,78.0,CRM,False
599,OP-000599,7620,3,1,2024-07-04,20240704,2024-08-26,20240826,Lost,58000.0,0.1703,0.0,53.0,CRM,False
600,OP-000600,7623,2,6,2024-03-12,20240312,2024-04-22,20240422,Lost,39400.0,0.1235,0.0,41.0,CRM,False
601,OP-000601,7636,18,5,2024-10-01,20241001,2024-10-26,20241026,Lost,52600.0,0.0486,0.0,25.0,CRM,False
602,OP-000602,7649,24,3,2024-12-10,20241210,2025-02-07,20250207,Lost,7800.0,0.0744,0.0,59.0,CRM,False
603,OP-000603,7700,4,1,2024-02-03,20240203,2024-02-26,20240226,Won,41200.0,0.0431,39424.83,23.0,CRM,False
604,OP-000604,7705,12,5,2024-10-06,20241006,2024-11-16,20241116,Won,45100.0,0.192,36442.71,41.0,CRM,False
605,OP-000605,7728,16,5,2025-07-11,20250711,2025-09-27,20250927,Won,22900.0,0.0598,21531.23,78.0,CRM,False
606,OP-000606,7732,8,1,2025-05-20,20250520,,,Open,23800.0,0.1034,0.0,225.0,CRM,False
607,OP-000607,7752,11,5,2024-10-13,20241013,2025-01-03,20250103,Won,71100.0,0.0169,69896.59,82.0,CRM,False
608,OP-000608,7782,1,5,2024-08-16,20240816,2024-11-05,20241105,Lost,23200.0,0.1509,0.0,81.0,CRM,False
609,OP-000609,7808,1,2,2025-03-12,20250312,2025-06-06,20250606,Won,58200.0,0.0407,55829.35,86.0,CRM,False
610,OP-000610,7813,6,1,2025-12-10,20251210,2026-01-05,20260105,Lost,12900.0,0.0402,0.0,26.0,CRM,False
611,OP-000611,7824,8,4,2026-01-07,20260107,2026-02-13,20260213,Won,94300.0,0.0652,88155.83,37.0,CRM,False
612,OP-000612,7835,1,3,2024-05-05,20240505,2024-07-11,20240711,Lost,173400.0,0.0756,0.0,67.0,CRM,False
613,OP-000613,7849,4,2,2024-09-13,20240913,2024-09-29,20240929,Won,85700.0,0.0,85700.0,16.0,CRM,False
614,OP-000614,7869,20,2,2025-01-27,20250127,,,Open,19600.0,0.049,0.0,338.0,CRM,False
615,OP-000615,7886,1,6,2024-12-07,20241207,2024-12-26,20241226,Won,39200.0,0.0245,38241.44,19.0,CRM,False
616,OP-000616,7909,1,6,2025-03-21,20250321,2025-04-04,20250404,Won,44300.0,0.0335,42815.1,14.0,CRM,False
617,OP-000617,7933,16,4,2025-02-23,20250223,2025-04-27,20250427,Won,41200.0,0.039,39592.59,63.0,CRM,False
618,OP-000618,7936,21,2,2025-07-28,20250728,2025-09-07,20250907,Won,7100.0,0.077,6553.22,41.0,CRM,False
619,OP-000619,7945,6,5,2025-04-08,20250408,2025-05-30,20250530,Won,34900.0,0.0537,33027.29,52.0,CRM,False
620,OP-000620,7953,14,2,2025-01-11,20250111,2025-01-31,20250131,Won,17500.0,0.1122,15535.7,20.0,CRM,False
621,OP-000621,7980,11,1,2025-05-03,20250503,2025-07-12,20250712,Lost,6600.0,0.0919,0.0,70.0,CRM,False
622,OP-000622,8006,17,2,2025-06-16,20250616,2025-09-01,20250901,Won,60900.0,0.1254,53261.39,77.0,CRM,False
623,OP-000623,8018,5,3,2024-06-23,20240623,2024-07-25,20240725,Lost,9200.0,0.0432,0.0,285.0,CRM,True
624,OP-000624,8028,1,2,2024-09-23,20240923,2024-11-04,20241104,Won,42900.0,0.1158,37930.34,42.0,CRM,False
625,OP-000625,8029,22,4,2025-08-06,20250806,2025-08-17,20250817,Lost,63200.0,0.1141,0.0,11.0,CRM,False
626,OP-000626,8039,5,3,2024-03-10,20240310,2024-05-29,20240529,Won,48600.0,0.0767,44870.92,80.0,CRM,False
627,OP-000627,8043,1,5,2025-01-03,20250103,2025-03-29,20250329,Won,81200.0,0.0213,79471.23,85.0,CRM,False
628,OP-000628,8055,10,2,2024-11-04,20241104,2025-01-07,20250107,Won,28000.0,0.095,25338.87,188.0,CRM,True
629,OP-000629,8056,8,3,2024-04-07,20240407,2024-05-12,20240512,Lost,26300.0,0.1125,0.0,35.0,CRM,False
630,OP-000630,8063,13,2,2024-11-18,20241118,,,Open,96500.0,0.1211,0.0,408.0,CRM,False
631,OP-000631,8071,8,5,2024-06-11,20240611,2024-08-25,20240825,Lost,75800.0,0.0793,0.0,75.0,CRM,False
632,OP-000632,8117,11,3,2024-02-03,20240203,2024-04-21,20240421,Won,69200.0,0.1231,60679.49,78.0,CRM,False
633,OP-000633,8121,20,4,2025-09-14,20250914,2025-11-05,20251105,Lost,17000.0,0.0447,0.0,52.0,CRM,False
634,OP-000634,8139,1,5,2025-03-31,20250331,2025-06-24,20250624,Lost,290900.0,0.1625,0.0,85.0,CRM,False
635,OP-000635,8146,11,5,2025-12-21,20251221,2026-01-22,20260122,Won,619300.0,0.0342,598115.86,32.0,CRM,False
636,OP-000636,8153,18,6,2025-12-27,20251227,,,Open,49900.0,0.1386,0.0,4.0,CRM,False
637,OP-000637,8157,8,1,2025-03-26,20250326,2025-05-08,20250508,Lost,60000.0,0.0,0.0,43.0,CRM,False
638,OP-000638,8162,11,1,2024-04-20,20240420,2024-05-12,20240512,Lost,254600.0,0.0547,0.0,22.0,CRM,False
639,OP-000639,8171,14,3,2024-01-25,20240125,2024-04-18,20240418,Won,4600.0,0.0637,4306.99,84.0,CRM,False
640,OP-000640,8189,24,2,2025-04-06,20250406,,,Open,61700.0,0.0847,0.0,269.0,CRM,False
641,OP-000641,8214,13,1,2024-10-10,20241010,2024-11-11,20241111,Won,50900.0,0.0898,46330.02,32.0,CRM,False
642,OP-000642,8216,12,4,2024-05-20,20240520,2024-06-06,20240606,Won,80400.0,0.1644,67178.87,17.0,CRM,False
643,OP-000643,8293,21,4,2024-04-18,20240418,2024-07-08,20240708,Lost,17400.0,0.1078,0.0,81.0,CRM,False
644,OP-000644,8312,13,1,2025-01-10,20250110,2025-01-27,20250127,Won,223300.0,0.0633,209168.86,17.0,CRM,False
645,OP-000645,8332,8,2,2025-03-07,20250307,2025-05-27,20250527,Won,8000.0,0.0446,7643.57,81.0,CRM,False
646,OP-000646,8358,6,3,2024-04-11,20240411,2024-05-24,20240524,Won,55400.0,0.0218,54192.37,43.0,CRM,False
647,OP-000647,8364,12,5,2025-06-10,20250610,2025-09-01,20250901,Won,18800.0,0.1221,16505.37,83.0,CRM,False
648,OP-000648,8371,13,1,2025-05-26,20250526,2025-07-01,20250701,Won,10500.0,0.0163,10329.31,36.0,CRM,False
649,OP-000649,8409,9,3,2024-12-12,20241212,2025-03-03,20250303,Won,27100.0,0.0688,25234.59,81.0,CRM,False
650,OP-000650,8417,11,1,2025-10-13,20251013,,,Open,16600.0,0.1334,0.0,79.0,CRM,False
651,OP-000651,8419,19,6,2024-06-01,20240601,2024-07-27,20240727,Won,82800.0,0.117,73115.09,56.0,CRM,False
652,OP-000652,8444,21,5,2025-11-30,20251130,2025-12-19,20251219,Lost,9800.0,0.0798,0.0,19.0,CRM,False
653,OP-000653,8449,2,6,2025-12-06,20251206,2026-01-28,20260128,Lost,252100.0,0.0606,0.0,53.0,CRM,False
654,OP-000654,8468,6,4,2025-03-21,20250321,2025-04-25,20250425,Lost,143100.0,0.1232,0.0,35.0,CRM,False
655,OP-000655,8470,16,2,2024-07-10,20240710,2024-07-21,20240721,Won,13000.0,0.1492,11060.93,11.0,CRM,False
656,OP-000656,8488,17,4,2025-03-09,20250309,2025-03-19,20250319,Won,101300.0,0.0106,100229.49,10.0,CRM,False
657,OP-000657,8495,14,1,2025-11-17,20251117,2025-12-02,20251202,Won,66300.0,0.0348,63989.95,15.0,CRM,False
658,OP-000658,8530,8,2,2024-03-29,20240329,2024-04-11,20240411,Lost,26100.0,0.0234,0.0,13.0,CRM,False
659,OP-000659,8548,21,3,2024-08-30,20240830,2024-10-02,20241002,Won,112500.0,0.0591,105847.06,33.0,CRM,False
660,OP-000660,8561,20,3,2024-10-27,20241027,2025-01-17,20250117,Won,12200.0,0.0686,11363.53,82.0,CRM,False
661,OP-000661,8589,2,4,2025-08-05,20250805,2025-10-01,20251001,Won,59900.0,0.0,59900.0,57.0,CRM,False
662,OP-000662,8602,13,6,2025-08-08,20250808,2025-11-03,20251103,Lost,16000.0,0.0312,0.0,87.0,CRM,False
663,OP-000663,8607,1,1,2025-07-23,20250723,2025-09-09,20250909,Lost,91800.0,0.0572,0.0,48.0,CRM,False
664,OP-000664,8617,1,6,2025-06-25,20250625,2025-09-10,20250910,Lost,23800.0,0.1105,0.0,77.0,CRM,False
665,OP-000665,8628,15,3,2025-02-25,20250225,2025-04-27,20250427,Won,26700.0,0.0,26700.0,61.0,CRM,False
666,OP-000666,8642,21,3,2024-03-26,20240326,2024-04-30,20240430,Lost,16000.0,0.0222,0.0,35.0,CRM,False
667,OP-000667,8663,7,2,2025-04-01,20250401,2025-04-14,20250414,Lost,132100.0,0.1177,0.0,13.0,CRM,False
668,OP-000668,8690,6,1,2025-10-16,20251016,2025-10-26,20251026,Lost,13100.0,0.092,0.0,10.0,CRM,False
669,OP-000669,8699,17,5,2024-04-17,20240417,2024-05-30,20240530,Won,24900.0,0.0722,23101.71,43.0,CRM,False
670,OP-000670,8710,6,4,2024-02-03,20240203,2024-02-21,20240221,Won,298900.0,0.1766,246115.42,18.0,CRM,False
671,OP-000671,8761,19,2,2024-02-09,20240209,2024-03-31,20240331,Won,27200.0,0.0607,25548.59,51.0,CRM,False
672,OP-000672,8790,1,1,2024-08-05,20240805,2024-10-13,20241013,Won,77200.0,0.0677,71971.5,69.0,CRM,False
673,OP-000673,8839,9,3,2025-05-05,20250505,,,Open,13600.0,0.038,0.0,240.0,CRM,False
674,OP-000674,8856,22,1,2025-10-19,20251019,,,Open,30200.0,0.0494,0.0,73.0,CRM,False
675,OP-000675,8873,9,4,2024-06-21,20240621,2024-08-02,20240802,Lost,40200.0,0.0472,0.0,42.0,CRM,False
676,OP-000676,8879,6,4,2025-06-17,20250617,2025-09-01,20250901,Lost,90200.0,0.1342,0.0,76.0,CRM,False
677,OP-000677,8880,9,3,2025-12-12,20251212,2025-12-25,20251225,Lost,9300.0,0.072,0.0,13.0,CRM,False
678,OP-000678,8882,21,5,2024-05-17,20240517,2024-06-13,20240613,Won,30000.0,0.1277,26167.58,27.0,CRM,False
679,OP-000679,8890,5,6,2025-05-02,20250502,2025-06-03,20250603,Lost,18400.0,0.1296,0.0,32.0,CRM,False
680,OP-000680,8920,2,3,2024-03-20,20240320,2024-05-20,20240520,Won,75000.0,0.1361,64795.65,61.0,CRM,False
681,OP-000681,8937,11,2,2025-02-21,20250221,2025-03-12,20250312,Lost,67500.0,0.0493,0.0,19.0,CRM,False
682,OP-000682,8939,17,2,2024-03-22,20240322,2024-04-21,20240421,Lost,11700.0,0.0181,0.0,30.0,CRM,False
683,OP-000683,8941,21,4,2024-11-14,20241114,2024-12-04,20241204,Won,17100.0,0.0265,16647.18,20.0,CRM,False
684,OP-000684,8956,1,1,2024-12-17,20241217,2025-01-06,20250106,Won,117700.0,0.0943,106601.06,20.0,CRM,False
685,OP-000685,8958,18,5,2025-09-24,20250924,2025-12-20,20251220,Won,702600.0,0.0198,688664.82,87.0,CRM,False
686,OP-000686,8979,10,6,2025-04-19,20250419,2025-06-24,20250624,Lost,129000.0,0.0,0.0,66.0,CRM,False
687,OP-000687,8991,21,6,2024-07-28,20240728,2024-10-12,20241012,Won,34600.0,0.0542,32725.45,76.0,CRM,False
688,OP-000688,9012,10,3,2024-07-08,20240708,2024-07-27,20240727,Lost,17300.0,0.0609,0.0,19.0,CRM,False
689,OP-000689,9013,16,3,2024-09-29,20240929,2024-10-13,20241013,Won,427100.0,0.1128,378934.39,14.0,CRM,False
690,OP-000690,9020,21,4,2025-03-15,20250315,2025-06-07,20250607,Won,33800.0,0.1015,30369.68,84.0,CRM,False
691,OP-000691,9023,11,2,2025-12-28,20251228,,,Open,114300.0,0.1097,0.0,3.0,CRM,False
692,OP-000692,9035,21,4,2025-08-05,20250805,2025-09-01,20250901,Won,7100.0,0.0612,6665.65,27.0,CRM,False
693,OP-000693,9072,19,1,2025-04-25,20250425,,,Open,22600.0,0.0264,0.0,250.0,CRM,False
694,OP-000694,9074,16,2,2025-04-24,20250424,,,Open,20000.0,0.0529,0.0,251.0,CRM,False
695,OP-000695,9076,10,2,2024-07-07,20240707,2024-10-04,20241004,Won,26400.0,0.1654,22033.77,89.0,CRM,False
696,OP-000696,9105,24,5,2025-07-11,20250711,2025-07-27,20250727,Won,25700.0,0.1493,21861.76,16.0,CRM,False
697,OP-000697,9130,5,6,2024-11-29,20241129,2024-12-12,20241212,Lost,9800.0,0.1391,0.0,13.0,CRM,False
698,OP-000698,9136,3,1,2025-09-27,20250927,2025-12-25,20251225,Lost,116500.0,0.1594,0.0,89.0,CRM,False
699,OP-000699,9141,23,2,2024-06-11,20240611,,,Open,4700.0,0.0771,0.0,568.0,CRM,False
700,OP-000700,9163,14,5,2024-10-18,20241018,,,Open,43700.0,0.1943,0.0,439.0,CRM,False
701,OP-000701,9220,16,6,2024-12-02,20241202,2025-02-17,20250217,Lost,45800.0,0.0598,0.0,77.0,CRM,False
702,OP-000702,9229,11,3,2025-11-22,20251122,2026-02-11,20260211,Won,84800.0,0.0171,83348.67,81.0,CRM,False
703,OP-000703,9237,21,1,2026-01-14,20260114,2026-03-04,20260304,Lost,58600.0,0.1443,0.0,49.0,CRM,False
704,OP-000704,9260,16,6,2024-01-31,20240131,,,Open,16000.0,0.0827,0.0,700.0,CRM,False
705,OP-000705,9267,24,6,2024-06-07,20240607,2024-06-20,20240620,Won,69800.0,0.093,63309.69,13.0,CRM,False
706,OP-000706,9269,16,1,2025-09-09,20250909,2025-11-07,20251107,Lost,19500.0,0.0733,0.0,59.0,CRM,False
707,OP-000707,9325,3,6,2024-05-03,20240503,2024-05-18,20240518,Lost,15600.0,0.1287,0.0,15.0,CRM,False
708,OP-000708,9326,11,2,2025-11-02,20251102,,,Open,36100.0,0.1971,0.0,59.0,CRM,False
709,OP-000709,9331,16,6,2025-05-19,20250519,2025-08-11,20250811,Won,28300.0,0.0065,28115.0,320.0,CRM,True
710,OP-000710,9351,3,6,2024-06-04,20240604,,,Open,23700.0,0.0,0.0,575.0,CRM,False
711,OP-000711,9375,2,1,2024-01-18,20240118,2024-04-12,20240412,Lost,18600.0,0.2393,0.0,85.0,CRM,False
712,OP-000712,9387,15,3,2025-05-29,20250529,2025-08-21,20250821,Lost,44700.0,0.1238,0.0,84.0,CRM,False
713,OP-000713,9403,17,6,2025-11-02,20251102,2025-12-07,20251207,Won,88600.0,0.0597,83314.76,35.0,CRM,False
714,OP-000714,9410,1,3,2024-10-14,20241014,2024-11-11,20241111,Lost,27100.0,0.084,0.0,318.0,CRM,True
715,OP-000715,9417,11,3,2024-05-18,20240518,2024-07-07,20240707,Won,991300.0,0.1296,862869.37,50.0,CRM,False
716,OP-000716,9428,16,2,2025-11-22,20251122,2026-01-03,20260103,Won,22900.0,0.0532,21682.43,42.0,CRM,False
717,OP-000717,9432,4,5,2025-11-23,20251123,2026-01-26,20260126,Won,19800.0,0.1372,17084.15,64.0,CRM,False
718,OP-000718,9451,2,2,2024-08-29,20240829,2024-11-11,20241111,Won,25500.0,0.0949,23080.3,74.0,CRM,False
719,OP-000719,9454,21,1,2025-11-01,20251101,2026-01-02,20260102,Won,49600.0,0.0964,44817.79,62.0,CRM,False
720,OP-000720,9465,6,3,2024-05-10,20240510,2024-06-16,20240616,Won,47200.0,0.093,42809.26,37.0,CRM,False
721,OP-000721,9471,7,2,2025-11-10,20251110,2025-11-24,20251124,Won,82700.0,0.0,82700.0,14.0,CRM,False
722,OP-000722,9514,6,5,2025-12-16,20251216,,,Open,34600.0,0.0632,0.0,15.0,CRM,False
723,OP-000723,9515,17,4,2025-10-13,20251013,2025-12-13,20251213,Won,26000.0,0.0715,24140.13,61.0,CRM,False
724,OP-000724,9523,14,1,2024-10-25,20241025,2024-12-30,20241230,Won,397300.0,0.1308,345314.92,66.0,CRM,False
725,OP-000725,9525,20,2,2025-04-21,20250421,2025-06-03,20250603,Lost,28300.0,0.047,0.0,43.0,CRM,False
726,OP-000726,9540,12,5,2024-08-01,20240801,2024-08-13,20240813,Lost,11100.0,0.1003,0.0,12.0,CRM,False
727,OP-000727,9560,1,6,2025-03-31,20250331,2025-04-17,20250417,Won,30500.0,0.152,25865.21,17.0,CRM,False
728,OP-000728,9562,13,5,2025-09-30,20250930,2025-11-20,20251120,Won,35200.0,0.0909,31999.87,51.0,CRM,False
729,OP-000729,9579,14,3,2024-05-16,20240516,2024-06-02,20240602,Won,36700.0,0.0897,33407.08,17.0,CRM,False
730,OP-000730,9592,19,1,2024-02-27,20240227,2024-05-23,20240523,Won,11600.0,0.0302,11250.17,86.0,CRM,False
731,OP-000731,9604,14,2,2025-06-23,20250623,,,Open,13400.0,0.1034,0.0,191.0,CRM,False
732,OP-000732,9606,23,6,2024-07-22,20240722,2024-08-03,20240803,Won,12100.0,0.0681,11276.05,12.0,CRM,False
733,OP-000733,9613,22,2,2025-03-25,20250325,2025-06-19,20250619,Won,34600.0,0.0,34600.0,86.0,CRM,False
734,OP-000734,9615,6,3,2025-03-21,20250321,2025-05-03,20250503,Lost,160500.0,0.0859,0.0,43.0,CRM,False
735,OP-000735,9628,7,4,2024-10-23,20241023,2024-11-27,20241127,Lost,77300.0,0.0843,0.0,35.0,CRM,False
736,OP-000736,9633,10,4,2024-07-10,20240710,2024-09-26,20240926,Won,20500.0,0.1114,18217.03,78.0,CRM,False
737,OP-000737,9635,16,1,2025-09-30,20250930,2025-12-06,20251206,Won,46000.0,0.1112,40886.71,67.0,CRM,False
738,OP-000738,9676,16,3,2024-05-15,20240515,2024-06-23,20240623,Lost,75200.0,0.1146,0.0,39.0,CRM,False
739,OP-000739,9687,20,4,2025-12-13,20251213,2026-03-03,20260303,Lost,20200.0,0.002,0.0,80.0,CRM,False
740,OP-000740,9690,4,2,2024-08-23,20240823,2024-11-05,20241105,Won,495700.0,0.0991,446597.61,74.0,CRM,False
741,OP-000741,9700,3,1,2024-01-09,20240109,2024-03-29,20240329,Won,23900.0,0.0972,21576.6,80.0,CRM,False
742,OP-000742,9702,1,6,2025-02-27,20250227,2025-04-30,20250430,Lost,338800.0,0.0432,0.0,62.0,CRM,False
743,OP-000743,9739,6,4,2025-04-30,20250430,2025-05-22,20250522,Lost,120900.0,0.0865,0.0,22.0,CRM,False
744,OP-000744,9751,24,5,2025-04-29,20250429,,,Open,337600.0,0.1257,0.0,246.0,CRM,False
745,OP-000745,9752,8,6,2025-01-30,20250130,2025-03-29,20250329,Lost,11900.0,0.1061,0.0,58.0,CRM,False
746,OP-000746,9766,11,4,2025-08-13,20250813,2025-08-25,20250825,Won,11900.0,0.0909,10818.14,12.0,CRM,False
747,OP-000747,9784,22,1,2025-01-29,20250129,2025-04-26,20250426,Won,115900.0,0.1305,100774.96,87.0,CRM,False
748,OP-000748,9791,11,2,2024-12-07,20241207,2025-02-12,20250212,Lost,29200.0,0.1369,0.0,67.0,CRM,False
749,OP-000749,9798,18,1,2025-06-02,20250602,2025-07-30,20250730,Won,20700.0,0.0732,19185.63,58.0,CRM,False
750,OP-000750,9819,7,3,2024-07-02,20240702,2024-08-06,20240806,Won,39800.0,0.1022,35734.19,35.0,CRM,False
751,OP-000751,9823,14,3,2024-10-21,20241021,2025-01-17,20250117,Lost,57900.0,0.1443,0.0,88.0,CRM,False
752,OP-000752,9836,6,6,2025-07-31,20250731,2025-08-15,20250815,Won,73000.0,0.1435,62521.12,15.0,CRM,False
753,OP-000753,9837,18,1,2024-07-01,20240701,2024-09-14,20240914,Won,102800.0,0.1021,92304.7,75.0,CRM,False
754,OP-000754,9842,5,4,2025-12-02,20251202,2026-02-08,20260208,Lost,133700.0,0.0,0.0,68.0,CRM,False
755,OP-000755,9867,19,3,2025-05-12,20250512,,,Open,22300.0,0.0877,0.0,233.0,CRM,False
756,OP-000756,9869,23,1,2024-07-24,20240724,2024-08-14,20240814,Won,37800.0,0.1229,33154.52,21.0,CRM,False
757,OP-000757,9870,21,3,2025-02-13,20250213,2025-03-08,20250308,Lost,49800.0,0.0793,0.0,23.0,CRM,False
758,OP-000758,9882,21,3,2024-01-06,20240106,2024-02-13,20240213,Won,506700.0,0.1377,436916.37,38.0,CRM,False
759,OP-000759,9891,1,4,2025-11-04,20251104,2026-01-05,20260105,Lost,14700.0,0.0543,0.0,62.0,CRM,False
760,OP-000760,9895,21,3,2025-03-12,20250312,2025-05-28,20250528,Won,22400.0,0.1081,19977.84,77.0,CRM,False
761,OP-000761,9911,16,1,2024-10-08,20241008,2024-11-17,20241117,Won,19900.0,0.1178,17555.82,40.0,CRM,False
762,OP-000762,9935,21,2,2024-11-19,20241119,2024-12-30,20241230,Lost,11700.0,0.1017,0.0,41.0,CRM,False
763,OP-000763,9937,9,3,2024-08-23,20240823,2024-11-04,20241104,Won,17800.0,0.0596,16739.91,73.0,CRM,False
764,OP-000764,9952,1,4,2024-05-25,20240525,2024-08-19,20240819,Won,23500.0,0.0478,22376.84,86.0,CRM,False
765,OP-000765,9957,3,6,2025-06-11,20250611,2025-09-08,20250908,Won,54300.0,0.0144,53520.51,89.0,CRM,False
766,OP-000766,9963,13,4,2024-06-29,20240629,2024-08-14,20240814,Lost,17100.0,0.0753,0.0,46.0,CRM,False
767,OP-000767,9973,11,1,2025-03-22,20250322,2025-06-17,20250617,Lost,88500.0,0.085,0.0,87.0,CRM,False
768,OP-000768,10024,17,5,2025-03-31,20250331,2025-05-11,20250511,Won,25600.0,0.1093,22802.17,41.0,CRM,False
769,OP-000769,10026,20,4,2025-11-19,20251119,2026-02-14,20260214,Lost,10700.0,0.0053,0.0,87.0,CRM,False
770,OP-000770,10052,11,5,2024-04-07,20240407,2024-05-05,20240505,Won,56200.0,0.1062,50228.89,28.0,CRM,False
771,OP-000771,10056,12,1,2024-02-12,20240212,2024-03-06,20240306,Lost,12200.0,0.0311,0.0,23.0,CRM,False
772,OP-000772,10058,3,6,2024-02-16,20240216,,,Open,21500.0,0.075,0.0,684.0,CRM,False
773,OP-000773,10063,16,1,2025-06-10,20250610,2025-06-27,20250627,Won,76700.0,0.1559,64744.61,17.0,CRM,False
774,OP-000774,10069,21,5,2025-09-06,20250906,2025-12-03,20251203,Won,63600.0,0.0235,62103.12,88.0,CRM,False
775,OP-000775,10094,17,3,2024-11-13,20241113,,,Open,99400.0,0.099,0.0,413.0,CRM,False
776,OP-000776,10108,22,2,2024-11-04,20241104,2024-12-15,20241215,Won,230900.0,0.0181,226726.64,41.0,CRM,False
777,OP-000777,10123,18,6,2025-09-15,20250915,2025-12-03,20251203,Won,150300.0,0.0433,143799.27,79.0,CRM,False
778,OP-000778,10138,17,5,2025-11-20,20251120,2026-01-03,20260103,Lost,28100.0,0.0434,0.0,44.0,CRM,False
779,OP-000779,10164,22,5,2025-03-31,20250331,2025-04-26,20250426,Lost,16300.0,0.1116,0.0,26.0,CRM,False
780,OP-000780,10169,2,4,2025-04-24,20250424,2025-05-19,20250519,Lost,13400.0,0.0943,0.0,25.0,CRM,False
781,OP-000781,10182,6,1,2026-01-25,20260125,2026-04-12,20260412,Lost,99000.0,0.1528,0.0,77.0,CRM,False
782,OP-000782,10183,14,5,2025-12-18,20251218,2026-01-09,20260109,Won,17800.0,0.0016,17772.05,22.0,CRM,False
783,OP-000783,10211,8,3,2024-04-26,20240426,2024-07-05,20240705,Lost,47200.0,0.052,0.0,70.0,CRM,False
784,OP-000784,10217,11,1,2024-11-15,20241115,2025-01-14,20250114,Won,26900.0,0.0265,26186.32,60.0,CRM,False
785,OP-000785,10225,14,3,2024-08-01,20240801,2024-08-20,20240820,Lost,322500.0,0.0797,0.0,19.0,CRM,False
786,OP-000786,10232,4,1,2025-04-22,20250422,2025-06-17,20250617,Won,11000.0,0.1284,9587.99,56.0,CRM,False
787,OP-000787,10245,17,5,2024-02-18,20240218,2024-04-28,20240428,Lost,19600.0,0.0346,0.0,70.0,CRM,False
788,OP-000788,10257,1,2,2024-12-23,20241223,2025-01-03,20250103,Won,32000.0,0.0557,30217.83,11.0,CRM,False
789,OP-000789,10261,4,3,2024-07-27,20240727,2024-10-22,20241022,Lost,41400.0,0.0744,0.0,87.0,CRM,False
790,OP-000790,10274,17,5,2024-03-18,20240318,2024-05-14,20240514,Lost,10100.0,0.0584,0.0,57.0,CRM,False
791,OP-000791,10296,18,3,2025-04-13,20250413,2025-07-09,20250709,Lost,20400.0,0.0743,0.0,87.0,CRM,False
792,OP-000792,10297,21,5,2025-02-11,20250211,2025-03-25,20250325,Won,87200.0,0.0861,79691.44,42.0,CRM,False
793,OP-000793,10302,21,3,2025-05-24,20250524,,,Open,95000.0,0.048,0.0,221.0,CRM,False
794,OP-000794,10303,11,1,2024-11-08,20241108,2024-12-24,20241224,Lost,50700.0,0.0959,0.0,46.0,CRM,False
795,OP-000795,10328,8,6,2025-01-23,20250123,2025-03-06,20250306,Won,30800.0,0.1063,27524.99,42.0,CRM,False
796,OP-000796,10343,11,1,2024-10-24,20241024,2024-12-02,20241202,Won,15800.0,0.1496,13436.77,39.0,CRM,False
797,OP-000797,10354,6,1,2025-01-18,20250118,2025-03-25,20250325,Lost,74800.0,0.0373,0.0,66.0,CRM,False
798,OP-000798,10370,22,6,2024-11-12,20241112,2024-11-24,20241124,Won,52800.0,0.0444,50454.48,12.0,CRM,False
799,OP-000799,10377,22,2,2024-03-01,20240301,2024-03-23,20240323,Lost,5000.0,0.1719,0.0,22.0,CRM,False
800,OP-000800,10388,11,5,2025-11-05,20251105,2025-12-24,20251224,Lost,64900.0,0.087,0.0,49.0,CRM,False
801,OP-000801,10406,6,4,2024-11-07,20241107,2025-01-21,20250121,Lost,86300.0,0.193,0.0,75.0,CRM,False
802,OP-000802,10407,17,3,2025-02-11,20250211,2025-04-29,20250429,Won,15000.0,0.0778,13832.85,77.0,CRM,False
803,OP-000803,10422,16,3,2025-01-03,20250103,2025-03-19,20250319,Won,606500.0,0.086,554343.72,75.0,CRM,False
804,OP-000804,10427,6,6,2025-04-25,20250425,2025-06-04,20250604,Lost,35100.0,0.0259,0.0,40.0,CRM,False
805,OP-000805,10446,23,5,2025-04-27,20250427,,,Open,55700.0,0.0528,0.0,248.0,CRM,False
806,OP-000806,10451,21,4,2024-11-04,20241104,2024-12-19,20241219,Won,169200.0,0.125,148045.61,45.0,CRM,False
807,OP-000807,10454,12,3,2024-10-31,20241031,2024-11-28,20241128,Won,71100.0,0.1004,63958.38,28.0,CRM,False
808,OP-000808,10455,17,6,2025-10-07,20251007,,,Open,212900.0,0.0344,0.0,85.0,CRM,False
809,OP-000809,10456,2,4,2024-12-04,20241204,,,Open,86600.0,0.1042,0.0,392.0,CRM,False
810,OP-000810,10463,11,3,2025-03-04,20250304,2025-04-18,20250418,Lost,111700.0,0.0457,0.0,45.0,CRM,False
811,OP-000811,10468,17,5,2025-01-11,20250111,2025-03-03,20250303,Lost,206300.0,0.0705,0.0,51.0,CRM,False
812,OP-000812,10470,11,1,2025-09-09,20250909,2025-09-21,20250921,Lost,897700.0,0.1218,0.0,12.0,CRM,False
813,OP-000813,10472,23,3,2025-10-11,20251011,2025-12-27,20251227,Won,38000.0,0.0327,36755.63,77.0,CRM,False
814,OP-000814,10486,11,2,2024-12-09,20241209,2024-12-30,20241230,Lost,20200.0,0.0181,0.0,21.0,CRM,False
815,OP-000815,10526,12,2,2024-05-08,20240508,2024-07-23,20240723,Lost,36200.0,0.0804,0.0,76.0,CRM,False
816,OP-000816,10527,8,4,2025-03-18,20250318,2025-05-18,20250518,Lost,78700.0,0.1181,0.0,61.0,CRM,False
817,OP-000817,10544,15,5,2025-07-04,20250704,2025-09-27,20250927,Lost,17800.0,0.0509,0.0,85.0,CRM,False
818,OP-000818,10566,11,5,2024-07-13,20240713,2024-09-16,20240916,Lost,211700.0,0.0637,0.0,65.0,CRM,False
819,OP-000819,10571,9,4,2025-03-08,20250308,2025-04-24,20250424,Lost,17800.0,0.0302,0.0,47.0,CRM,False
820,OP-000820,10582,18,5,2025-09-17,20250917,2025-10-16,20251016,Won,112800.0,0.0869,102996.18,29.0,CRM,False
821,OP-000821,10596,14,4,2024-01-31,20240131,2024-02-25,20240225,Lost,37600.0,0.1481,0.0,25.0,CRM,False
822,OP-000822,10629,11,5,2024-09-17,20240917,2024-12-10,20241210,Won,96300.0,0.1719,79746.97,84.0,CRM,False
823,OP-000823,10660,20,2,2024-07-21,20240721,2024-10-07,20241007,Lost,19900.0,0.0778,0.0,78.0,CRM,False
824,OP-000824,10696,21,5,2025-03-13,20250313,2025-03-29,20250329,Lost,24600.0,0.0,0.0,16.0,CRM,False
825,OP-000825,10715,23,3,2024-11-16,20241116,2025-01-11,20250111,Won,146200.0,0.0879,133342.49,56.0,CRM,False
826,OP-000826,10724,2,3,2025-10-31,20251031,2025-12-11,20251211,Won,20100.0,0.0685,18723.74,41.0,CRM,False
827,OP-000827,10727,16,2,2024-07-03,20240703,2024-09-25,20240925,Lost,19500.0,0.0271,0.0,84.0,CRM,False
828,OP-000828,10730,16,1,2025-04-29,20250429,2025-06-26,20250626,Won,30100.0,0.1042,26962.63,58.0,CRM,False
829,OP-000829,10736,7,3,2024-05-31,20240531,2024-08-22,20240822,Lost,33300.0,0.0547,0.0,83.0,CRM,False
830,OP-000830,10739,21,5,2024-07-22,20240722,2024-10-10,20241010,Lost,16100.0,0.0109,0.0,80.0,CRM,False
831,OP-000831,10746,13,3,2024-03-03,20240303,2024-04-02,20240402,Lost,29400.0,0.1359,0.0,30.0,CRM,False
832,OP-000832,10770,21,3,2025-03-16,20250316,2025-04-30,20250430,Lost,12300.0,0.129,0.0,45.0,CRM,False
833,OP-000833,10777,21,6,2025-09-04,20250904,,,Open,92600.0,0.0332,0.0,118.0,CRM,False
834,OP-000834,10780,16,1,2025-04-20,20250420,2025-07-17,20250717,Won,73700.0,0.112,65443.76,88.0,CRM,False
835,OP-000835,10782,16,4,2025-08-29,20250829,2025-10-08,20251008,Lost,226000.0,0.0926,0.0,40.0,CRM,False
836,OP-000836,10831,22,1,2025-02-19,20250219,2025-04-13,20250413,Won,108400.0,0.1575,91326.53,53.0,CRM,False
837,OP-000837,10846,2,3,2024-06-21,20240621,2024-09-07,20240907,Lost,14400.0,0.1583,0.0,78.0,CRM,False
838,OP-000838,10858,21,3,2025-05-02,20250502,2025-07-09,20250709,Won,148400.0,0.09,135044.75,68.0,CRM,False
839,OP-000839,10861,15,6,2026-01-01,20260101,2026-01-31,20260131,Won,16000.0,0.0206,15670.45,30.0,CRM,False
840,OP-000840,10865,11,4,2025-10-05,20251005,2025-12-27,20251227,Lost,213500.0,0.0278,0.0,83.0,CRM,False
841,OP-000841,10871,6,5,2025-09-12,20250912,2025-12-08,20251208,Lost,53400.0,0.0623,0.0,87.0,CRM,False
842,OP-000842,10874,18,1,2025-02-03,20250203,2025-03-15,20250315,Won,19600.0,0.086,17913.63,40.0,CRM,False
843,OP-000843,10877,7,6,2025-11-17,20251117,2025-12-07,20251207,Lost,11300.0,0.1163,0.0,20.0,CRM,False
844,OP-000844,10887,21,1,2024-04-23,20240423,2024-07-18,20240718,Won,184400.0,0.0165,181360.34,86.0,CRM,False
845,OP-000845,10902,5,4,2024-06-13,20240613,2024-07-19,20240719,Won,20400.0,0.2028,16263.67,36.0,CRM,False
846,OP-000846,10908,1,6,2025-11-05,20251105,,,Open,18700.0,0.0582,0.0,56.0,CRM,False
847,OP-000847,10935,21,3,2025-02-09,20250209,2025-04-15,20250415,Lost,15900.0,0.021,0.0,65.0,CRM,False
848,OP-000848,10948,16,4,2025-08-03,20250803,2025-10-10,20251010,Lost,15300.0,0.0702,0.0,68.0,CRM,False
849,OP-000849,10971,19,2,2025-01-09,20250109,2025-02-28,20250228,Won,14600.0,0.0181,14335.9,50.0,CRM,False
850,OP-000850,10977,13,6,2024-03-30,20240330,2024-05-04,20240504,Lost,56800.0,0.076,0.0,35.0,CRM,False
851,OP-000851,11008,1,1,2024-09-08,20240908,,,Open,29500.0,0.0945,0.0,479.0,CRM,False
852,OP-000852,11015,18,5,2024-05-11,20240511,2024-06-02,20240602,Lost,79200.0,0.0242,0.0,22.0,CRM,False
853,OP-000853,11017,3,2,2025-11-03,20251103,2026-01-28,20260128,Lost,157200.0,0.039,0.0,86.0,CRM,False
854,OP-000854,11043,6,5,2025-05-19,20250519,2025-06-23,20250623,Lost,23000.0,0.1144,0.0,35.0,CRM,False
855,OP-000855,11044,8,2,2025-04-19,20250419,,,Open,103000.0,0.0693,0.0,256.0,CRM,False
856,OP-000856,11045,2,2,2025-06-09,20250609,2025-07-14,20250714,Won,122500.0,0.0557,115676.68,35.0,CRM,False
857,OP-000857,11046,6,5,2025-11-21,20251121,,,Open,52200.0,0.0574,0.0,40.0,CRM,False
858,OP-000858,11064,11,5,2025-08-13,20250813,2025-09-30,20250930,Lost,8400.0,0.0512,0.0,48.0,CRM,False
859,OP-000859,11069,2,1,2025-02-22,20250222,2025-05-10,20250510,Won,10200.0,0.062,9568.11,77.0,CRM,False
860,OP-000860,11071,16,1,2024-02-03,20240203,2024-03-24,20240324,Won,9000.0,0.0583,8475.61,50.0,CRM,False
861,OP-000861,11080,23,3,2024-03-18,20240318,2024-03-28,20240328,Lost,60000.0,0.085,0.0,10.0,CRM,False
862,OP-000862,11090,23,2,2024-01-28,20240128,2024-04-17,20240417,Won,128800.0,0.0634,120628.18,80.0,CRM,False
863,OP-000863,11103,21,5,2025-06-14,20250614,2025-07-15,20250715,Lost,144200.0,0.0559,0.0,31.0,CRM,False
864,OP-000864,11108,3,6,2024-07-22,20240722,2024-09-15,20240915,Won,320600.0,0.0658,299496.19,55.0,CRM,False
865,OP-000865,11118,2,4,2025-05-25,20250525,,,Open,7400.0,0.1333,0.0,220.0,CRM,False
866,OP-000866,11136,1,3,2025-11-14,20251114,2026-02-04,20260204,Won,9600.0,0.0939,8698.68,82.0,CRM,False
867,OP-000867,11144,19,3,2024-12-18,20241218,2025-03-13,20250313,Won,15700.0,0.0693,14612.56,85.0,CRM,False
868,OP-000868,11177,11,6,2025-09-09,20250909,2025-11-18,20251118,Won,178100.0,0.1038,159618.64,70.0,CRM,False
869,OP-000869,11181,3,1,2025-04-15,20250415,2025-05-31,20250531,Lost,88400.0,0.1708,0.0,46.0,CRM,False
870,OP-000870,11184,16,2,2025-09-03,20250903,2025-11-29,20251129,Won,7000.0,0.1023,6283.6,87.0,CRM,False
871,OP-000871,11203,13,2,2025-04-21,20250421,2025-05-07,20250507,Lost,414400.0,0.0664,0.0,16.0,CRM,False
872,OP-000872,11219,13,2,2025-04-11,20250411,2025-07-05,20250705,Won,22200.0,0.0603,20861.66,85.0,CRM,False
873,OP-000873,11220,6,3,2025-09-14,20250914,,,Open,58300.0,0.01,0.0,108.0,CRM,False
874,OP-000874,11254,22,3,2024-05-12,20240512,2024-07-18,20240718,Won,14500.0,0.0806,13331.16,67.0,CRM,False
875,OP-000875,11265,11,3,2025-03-29,20250329,2025-05-21,20250521,Won,230900.0,0.0691,214955.09,53.0,CRM,False
876,OP-000876,11270,21,1,2025-06-25,20250625,2025-09-11,20250911,Won,96600.0,0.1446,82635.13,78.0,CRM,False
877,OP-000877,11274,1,3,2024-07-13,20240713,2024-09-11,20240911,Lost,28600.0,0.0085,0.0,60.0,CRM,False
878,OP-000878,11303,16,2,2025-07-16,20250716,2025-08-22,20250822,Lost,87300.0,0.071,0.0,37.0,CRM,False
879,OP-000879,11320,17,1,2025-06-23,20250623,2025-09-06,20250906,Won,118900.0,0.056,112238.91,75.0,CRM,False
880,OP-000880,11333,23,1,2025-02-11,20250211,2025-04-05,20250405,Won,22200.0,0.093,20135.99,53.0,CRM,False
881,OP-000881,11335,2,1,2025-03-02,20250302,2025-05-20,20250520,Lost,198300.0,0.1527,0.0,79.0,CRM,False
882,OP-000882,11338,23,3,2024-03-26,20240326,2024-06-21,20240621,Won,96300.0,0.0948,87174.31,87.0,CRM,False
883,OP-000883,11340,22,4,2025-10-28,20251028,,,Open,104600.0,0.0401,0.0,64.0,CRM,False
884,OP-000884,11343,21,5,2025-11-25,20251125,2026-02-17,20260217,Won,220500.0,0.0555,208264.4,84.0,CRM,False
885,OP-000885,11351,2,5,2025-09-27,20250927,2025-10-23,20251023,Won,8800.0,0.0781,8112.95,26.0,CRM,False
886,OP-000886,11373,24,5,2025-09-03,20250903,2025-10-17,20251017,Won,16900.0,0.0589,15903.96,44.0,CRM,False
887,OP-000887,11374,11,6,2024-09-28,20240928,2024-11-04,20241104,Lost,62600.0,0.1213,0.0,37.0,CRM,False
888,OP-000888,11389,18,3,2025-08-23,20250823,2025-11-07,20251107,Lost,17800.0,0.1366,0.0,76.0,CRM,False
889,OP-000889,11400,6,1,2024-06-27,20240627,2024-09-19,20240919,Lost,72000.0,0.1026,0.0,84.0,CRM,False
890,OP-000890,11409,7,1,2025-12-24,20251224,2026-02-11,20260211,Won,20700.0,0.1441,17717.94,49.0,CRM,False
891,OP-000891,11411,14,2,2024-10-11,20241011,2024-11-21,20241121,Won,85100.0,0.0309,82468.72,41.0,CRM,False
892,OP-000892,11416,11,3,2024-05-18,20240518,2024-07-01,20240701,Won,34300.0,0.138,29566.11,44.0,CRM,False
893,OP-000893,11419,9,1,2025-02-10,20250210,2025-04-08,20250408,Won,9700.0,0.0625,9094.02,57.0,CRM,False
894,OP-000894,11441,1,1,2024-08-09,20240809,2024-09-12,20240912,Won,13700.0,0.1657,11430.28,34.0,CRM,False
895,OP-000895,11448,4,5,2024-08-14,20240814,2024-11-06,20241106,Won,13900.0,0.0876,12681.94,84.0,CRM,False
896,OP-000896,11479,3,3,2024-10-12,20241012,,,Open,40000.0,0.1492,0.0,445.0,CRM,False
897,OP-000897,11488,21,2,2025-11-29,20251129,2025-12-18,20251218,Won,64300.0,0.0954,58164.72,19.0,CRM,False
898,OP-000898,11512,24,1,2024-05-18,20240518,2024-07-03,20240703,Lost,24900.0,0.1045,0.0,46.0,CRM,False
899,OP-000899,11520,1,4,2024-02-15,20240215,,,Open,86300.0,0.0649,0.0,685.0,CRM,False
900,OP-000900,11525,15,4,2024-08-31,20240831,,,Open,221400.0,0.1484,0.0,487.0,CRM,False
901,OP-000901,11529,1,6,2024-08-31,20240831,,,Open,40000.0,0.0,0.0,487.0,CRM,False
902,OP-000902,11565,8,6,2025-11-05,20251105,2026-01-18,20260118,Lost,30700.0,0.0493,0.0,74.0,CRM,False
903,OP-000903,11582,10,5,2025-01-28,20250128,2025-03-11,20250311,Lost,86500.0,0.0214,0.0,42.0,CRM,False
904,OP-000904,11583,14,1,2025-08-28,20250828,2025-10-20,20251020,Won,70800.0,0.0313,68583.62,53.0,CRM,False
905,OP-000905,11614,14,1,2025-07-29,20250729,2025-10-07,20251007,Lost,242400.0,0.0371,0.0,70.0,CRM,False
906,OP-000906,11619,12,6,2025-06-10,20250610,2025-08-13,20250813,Lost,26100.0,0.0617,0.0,64.0,CRM,False
907,OP-000907,11628,19,3,2025-08-02,20250802,,,Open,22800.0,0.1828,0.0,151.0,CRM,False
908,OP-000908,11629,5,5,2024-10-01,20241001,,,Open,51200.0,0.0432,0.0,456.0,CRM,False
909,OP-000909,11648,17,3,2024-04-02,20240402,2024-05-11,20240511,Lost,137600.0,0.0859,0.0,39.0,CRM,False
910,OP-000910,11661,21,6,2024-05-06,20240506,,,Open,33400.0,0.0431,0.0,604.0,CRM,False
911,OP-000911,11701,21,6,2025-10-14,20251014,2025-12-07,20251207,Lost,201400.0,0.0961,0.0,54.0,CRM,False
912,OP-000912,11720,21,3,2024-07-13,20240713,2024-07-23,20240723,Won,552100.0,0.1151,488571.06,10.0,CRM,False
913,OP-000913,11725,12,1,2024-05-09,20240509,,,Open,123800.0,0.068,0.0,601.0,CRM,False
914,OP-000914,11729,6,5,2025-12-03,20251203,2026-01-17,20260117,Won,108100.0,0.1132,95858.62,45.0,CRM,False
915,OP-000915,11751,21,1,2025-06-01,20250601,2025-08-06,20250806,Lost,15900.0,0.023,0.0,66.0,CRM,False
916,OP-000916,11765,21,5,2024-06-06,20240606,,,Open,45600.0,0.015,0.0,573.0,CRM,False
917,OP-000917,11774,12,2,2024-03-24,20240324,2024-04-09,20240409,Won,13900.0,0.0859,12705.64,16.0,CRM,False
918,OP-000918,11775,15,1,2024-03-05,20240305,2024-05-16,20240516,Lost,43300.0,0.0793,0.0,72.0,CRM,False
919,OP-000919,11776,5,1,2025-12-18,20251218,2025-12-30,20251230,Lost,26500.0,0.1239,0.0,12.0,CRM,False
920,OP-000920,11797,19,3,2025-08-23,20250823,2025-10-24,20251024,Lost,13400.0,0.049,0.0,62.0,CRM,False
921,OP-000921,11798,14,1,2025-03-31,20250331,2025-05-18,20250518,Won,24900.0,0.0878,22714.79,48.0,CRM,False
922,OP-000922,11810,9,2,2024-08-01,20240801,2024-08-12,20240812,Won,8500.0,0.1044,7612.88,11.0,CRM,False
923,OP-000923,11811,1,5,2024-01-20,20240120,,,Open,12300.0,0.1499,0.0,711.0,CRM,False
924,OP-000924,11822,16,5,2025-10-16,20251016,2025-11-10,20251110,Won,25200.0,0.0832,23103.64,25.0,CRM,False
925,OP-000925,11838,10,2,2025-08-22,20250822,2025-10-10,20251010,Lost,47100.0,0.1031,0.0,49.0,CRM,False
926,OP-000926,11840,4,4,2025-08-19,20250819,2025-09-17,20250917,Won,381400.0,0.101,342883.32,29.0,CRM,False
927,OP-000927,11847,3,4,2025-12-21,20251221,2026-01-26,20260126,Lost,203200.0,0.0745,0.0,36.0,CRM,False
928,OP-000928,11856,6,2,2024-09-27,20240927,2024-10-10,20241010,Won,23900.0,0.053,22633.97,13.0,CRM,False
929,OP-000929,11876,16,2,2025-04-22,20250422,2025-06-29,20250629,Lost,58400.0,0.151,0.0,68.0,CRM,False
930,OP-000930,11885,22,3,2024-03-29,20240329,2024-04-21,20240421,Won,17600.0,0.0993,15852.62,23.0,CRM,False
931,OP-000931,11906,24,6,2025-01-26,20250126,2025-04-20,20250420,Won,87800.0,0.0411,84193.63,84.0,CRM,False
932,OP-000932,11916,1,4,2024-02-09,20240209,2024-04-07,20240407,Lost,177500.0,0.0935,0.0,58.0,CRM,False
933,OP-000933,11924,6,2,2025-02-01,20250201,2025-03-19,20250319,Lost,220100.0,0.1032,0.0,46.0,CRM,False
934,OP-000934,11944,22,3,2024-05-31,20240531,2024-08-10,20240810,Lost,50300.0,0.1512,0.0,71.0,CRM,False
935,OP-000935,11955,6,3,2025-02-22,20250222,2025-04-11,20250411,Won,31600.0,0.0764,29185.73,48.0,CRM,False
936,OP-000936,11958,19,4,2024-05-03,20240503,,,Open,84200.0,0.0276,0.0,607.0,CRM,False
937,OP-000937,11967,13,3,2024-02-20,20240220,2024-04-04,20240404,Lost,68100.0,0.006,0.0,44.0,CRM,False
938,OP-000938,12031,2,6,2024-05-04,20240504,2024-05-20,20240520,Won,21100.0,0.0547,19945.22,16.0,CRM,False
939,OP-000939,12039,18,1,2025-07-05,20250705,2025-09-23,20250923,Lost,35700.0,0.1534,0.0,80.0,CRM,False
940,OP-000940,12041,1,1,2024-05-24,20240524,2024-06-22,20240622,Won,22600.0,0.0683,21057.37,29.0,CRM,False
941,OP-000941,12063,16,4,2024-09-28,20240928,,,Open,75700.0,0.0858,0.0,459.0,CRM,False
942,OP-000942,12065,16,5,2024-05-23,20240523,2024-06-12,20240612,Won,248800.0,0.0265,242196.08,20.0,CRM,False
943,OP-000943,12088,1,3,2024-12-28,20241228,2025-02-09,20250209,Won,47800.0,0.0461,45597.07,43.0,CRM,False
944,OP-000944,12106,9,3,2025-03-31,20250331,2025-05-11,20250511,Lost,112700.0,0.0146,0.0,41.0,CRM,False
945,OP-000945,12112,23,5,2025-12-27,20251227,2026-01-13,20260113,Won,26200.0,0.0752,24230.7,17.0,CRM,False
946,OP-000946,12115,9,2,2024-06-17,20240617,2024-07-04,20240704,Won,15700.0,0.0127,15500.8,17.0,CRM,False
947,OP-000947,12144,24,6,2024-10-26,20241026,2025-01-21,20250121,Won,77000.0,0.1166,68023.38,87.0,CRM,False
948,OP-000948,12150,1,6,2024-04-19,20240419,2024-05-15,20240515,Won,156300.0,0.0595,147000.43,26.0,CRM,False
949,OP-000949,12154,17,5,2025-05-06,20250506,2025-06-10,20250610,Lost,49400.0,0.097,0.0,35.0,CRM,False
950,OP-000950,12180,13,2,2025-07-07,20250707,2025-09-05,20250905,Won,87300.0,0.0633,81775.97,60.0,CRM,False
951,OP-000951,12182,2,3,2025-03-15,20250315,2025-04-17,20250417,Lost,13800.0,0.1212,0.0,33.0,CRM,False
952,OP-000952,12184,19,4,2025-09-22,20250922,2025-10-28,20251028,Won,13100.0,0.0697,12186.76,36.0,CRM,False
953,OP-000953,12186,21,1,2024-05-29,20240529,2024-06-19,20240619,Lost,322800.0,0.0782,0.0,21.0,CRM,False
954,OP-000954,12188,18,5,2024-04-15,20240415,2024-07-04,20240704,Lost,50300.0,0.0,0.0,80.0,CRM,False
955,OP-000955,12210,12,5,2025-05-25,20250525,2025-07-25,20250725,Won,17000.0,0.0619,15948.04,61.0,CRM,False
956,OP-000956,12211,21,2,2024-10-10,20241010,2024-11-22,20241122,Won,57800.0,0.1382,49813.17,43.0,CRM,False
957,OP-000957,12223,3,3,2024-07-07,20240707,2024-09-12,20240912,Lost,335200.0,0.0945,0.0,67.0,CRM,False
958,OP-000958,12224,6,1,2025-07-24,20250724,2025-09-05,20250905,Lost,12400.0,0.1184,0.0,43.0,CRM,False
959,OP-000959,12225,10,4,2024-11-03,20241103,2024-12-13,20241213,Won,12700.0,0.138,10947.44,40.0,CRM,False
960,OP-000960,12226,1,5,2024-01-31,20240131,2024-04-20,20240420,Won,5300.0,0.0481,5044.81,80.0,CRM,False
961,OP-000961,12230,22,1,2025-02-19,20250219,2025-03-16,20250316,Lost,33000.0,0.0512,0.0,25.0,CRM,False
962,OP-000962,12239,16,3,2024-04-03,20240403,2024-06-23,20240623,Lost,94900.0,0.1091,0.0,81.0,CRM,False
963,OP-000963,12250,24,2,2024-06-30,20240630,2024-08-03,20240803,Won,30200.0,0.1365,26077.79,34.0,CRM,False
964,OP-000964,12255,16,5,2024-02-01,20240201,2024-02-24,20240224,Won,37700.0,0.0724,34972.28,23.0,CRM,False
965,OP-000965,12265,22,5,2025-04-07,20250407,2025-05-23,20250523,Won,177500.0,0.0639,166151.33,46.0,CRM,False
966,OP-000966,12268,6,2,2025-01-24,20250124,,,Open,78400.0,0.0193,0.0,341.0,CRM,False
967,OP-000967,12271,7,1,2025-12-01,20251201,2026-01-26,20260126,Lost,103500.0,0.0723,0.0,56.0,CRM,False
968,OP-000968,12273,18,1,2024-05-23,20240523,2024-07-15,20240715,Won,69300.0,0.0746,64130.83,53.0,CRM,False
969,OP-000969,12358,7,3,2025-05-31,20250531,2025-06-11,20250611,Lost,19100.0,0.067,0.0,11.0,CRM,False
970,OP-000970,12359,16,1,2024-12-03,20241203,2024-12-17,20241217,Lost,19500.0,0.0327,0.0,14.0,CRM,False
971,OP-000971,12390,21,4,2024-03-09,20240309,2024-04-29,20240429,Won,46000.0,0.0785,42390.76,51.0,CRM,False
972,OP-000972,12422,8,6,2025-08-16,20250816,2025-09-25,20250925,Won,40100.0,0.0095,39718.32,40.0,CRM,False
973,OP-000973,12434,1,1,2024-11-25,20241125,2024-12-23,20241223,Won,10800.0,0.0359,10412.73,28.0,CRM,False
974,OP-000974,12435,11,4,2024-12-10,20241210,2025-03-05,20250305,Won,24600.0,0.098,22189.43,85.0,CRM,False
975,OP-000975,12452,22,1,2025-11-05,20251105,2025-12-11,20251211,Lost,218800.0,0.0462,0.0,36.0,CRM,False
976,OP-000976,12465,13,4,2025-09-19,20250919,2025-11-23,20251123,Won,327000.0,0.0786,301295.74,65.0,CRM,False
977,OP-000977,12471,17,2,2024-10-07,20241007,2024-11-08,20241108,Won,421900.0,0.0445,403124.67,32.0,CRM,False
978,OP-000978,12473,16,2,2024-06-03,20240603,2024-07-19,20240719,Lost,160600.0,0.0907,0.0,46.0,CRM,False
979,OP-000979,12485,21,5,2026-01-03,20260103,2026-02-12,20260212,Won,22100.0,0.1034,19815.4,40.0,CRM,False
980,OP-000980,12507,4,1,2025-08-31,20250831,2025-10-18,20251018,Lost,4000.0,0.1145,0.0,48.0,CRM,False
981,OP-000981,12537,12,6,2024-03-27,20240327,2024-05-25,20240525,Won,32600.0,0.0532,30864.94,59.0,CRM,False
982,OP-000982,12547,13,2,2024-03-07,20240307,2024-05-15,20240515,Won,11900.0,0.0955,10764.08,69.0,CRM,False
983,OP-000983,12551,20,4,2025-05-14,20250514,2025-06-11,20250611,Won,23100.0,0.0451,22057.54,28.0,CRM,False
984,OP-000984,12560,2,2,2025-05-11,20250511,2025-08-07,20250807,Won,57100.0,0.0133,56339.48,88.0,CRM,False
985,OP-000985,12570,6,1,2024-03-03,20240303,2024-03-24,20240324,Won,369300.0,0.0564,348462.71,188.0,CRM,True
986,OP-000986,12571,22,1,2024-01-23,20240123,2024-03-22,20240322,Lost,12000.0,0.0474,0.0,59.0,CRM,False
987,OP-000987,12577,22,1,2024-01-26,20240126,2024-03-27,20240327,Lost,23600.0,0.1038,0.0,61.0,CRM,False
988,OP-000988,12578,11,3,2024-09-07,20240907,2024-11-09,20241109,Lost,10900.0,0.0447,0.0,63.0,CRM,False
989,OP-000989,12581,1,1,2024-03-21,20240321,2024-05-25,20240525,Won,19000.0,0.1298,16533.25,65.0,CRM,False
990,OP-000990,12594,3,2,2024-03-14,20240314,2024-04-23,20240423,Lost,23600.0,0.0375,0.0,40.0,CRM,False
991,OP-000991,12595,11,4,2024-05-14,20240514,2024-06-02,20240602,Lost,36300.0,0.0516,0.0,19.0,CRM,False
992,OP-000992,12633,12,1,2024-05-14,20240514,2024-07-11,20240711,Lost,26100.0,0.0921,0.0,58.0,CRM,False
993,OP-000993,12638,4,4,2025-09-23,20250923,2025-11-23,20251123,Lost,31000.0,0.1078,0.0,61.0,CRM,False
994,OP-000994,12643,15,3,2024-05-07,20240507,2024-06-07,20240607,Won,9300.0,0.1125,8253.95,31.0,CRM,False
995,OP-000995,12692,19,2,2024-07-08,20240708,2024-09-23,20240923,Lost,45100.0,0.078,0.0,77.0,CRM,False
996,OP-000996,12695,14,1,2025-06-20,20250620,2025-09-03,20250903,Won,18700.0,0.1736,15454.23,75.0,CRM,False
997,OP-000997,12696,22,5,2025-07-19,20250719,2025-08-27,20250827,Won,56000.0,0.0825,51381.72,39.0,CRM,False
998,OP-000998,12710,4,6,2025-03-02,20250302,2025-04-09,20250409,Lost,112800.0,0.1085,0.0,38.0,CRM,False
999,OP-000999,12716,8,6,2025-07-12,20250712,2025-09-22,20250922,Won,15600.0,0.1496,13265.85,72.0,CRM,False
1000,OP-001000,12752,18,1,2024-04-03,20240403,2024-06-13,20240613,Lost,13400.0,0.0767,0.0,71.0,CRM,False
1001,OP-001001,12755,22,1,2025-03-03,20250303,2025-04-08,20250408,Lost,169500.0,0.054,0.0,36.0,CRM,False
1002,OP-001002,12757,5,4,2024-05-01,20240501,2024-05-12,20240512,Lost,18700.0,0.101,0.0,11.0,CRM,False
1003,OP-001003,12775,21,2,2024-09-25,20240925,2024-10-13,20241013,Won,91300.0,0.0,91300.0,18.0,CRM,False
1004,OP-001004,12795,7,3,2025-09-26,20250926,2025-10-23,20251023,Won,79000.0,0.0244,77076.05,27.0,CRM,False
1005,OP-001005,12797,16,2,2025-03-11,20250311,2025-05-04,20250504,Won,51700.0,0.1636,43243.33,54.0,CRM,False
1006,OP-001006,12813,2,6,2025-07-12,20250712,2025-09-09,20250909,Won,16600.0,0.1256,14515.71,59.0,CRM,False
1007,OP-001007,12822,18,6,2025-11-05,20251105,2026-01-26,20260126,Won,483300.0,0.0609,453855.13,82.0,CRM,False
1008,OP-001008,12841,18,6,2024-09-17,20240917,2024-11-12,20241112,Won,7000.0,0.0351,6754.25,56.0,CRM,False
1009,OP-001009,12846,9,6,2025-10-26,20251026,2025-11-22,20251122,Lost,74800.0,0.1639,0.0,27.0,CRM,False
1010,OP-001010,12876,16,4,2024-06-24,20240624,2024-07-10,20240710,Won,24200.0,0.1501,20566.42,16.0,CRM,False
1011,OP-001011,12879,6,6,2024-04-07,20240407,2024-06-04,20240604,Won,42900.0,0.0116,42403.25,58.0,CRM,False
1012,OP-001012,12896,13,2,2025-08-26,20250826,2025-10-15,20251015,Won,92200.0,0.0738,85391.12,50.0,CRM,False
1013,OP-001013,12902,12,2,2024-02-06,20240206,2024-03-31,20240331,Won,48500.0,0.0688,45161.97,54.0,CRM,False
1014,OP-001014,12907,9,1,2025-08-03,20250803,2025-08-23,20250823,Won,29400.0,0.0784,27095.98,20.0,CRM,False
1015,OP-001015,12916,8,4,2025-04-10,20250410,,,Open,62100.0,0.1508,0.0,265.0,CRM,False
1016,OP-001016,12920,12,6,2025-09-15,20250915,2025-10-19,20251019,Lost,106900.0,0.0805,0.0,34.0,CRM,False
1017,OP-001017,12927,11,1,2025-03-09,20250309,2025-03-20,20250320,Won,25000.0,0.0001,24996.36,11.0,CRM,False
1018,OP-001018,12973,17,2,2025-07-27,20250727,2025-08-15,20250815,Lost,67000.0,0.099,0.0,19.0,CRM,False
1019,OP-001019,12977,22,3,2025-10-12,20251012,2025-11-09,20251109,Won,151800.0,0.0674,141562.01,28.0,CRM,False
1020,OP-001020,13006,11,1,2025-11-26,20251126,2026-01-07,20260107,Lost,40700.0,0.1737,0.0,42.0,CRM,False
1021,OP-001021,13012,16,1,2024-10-18,20241018,2024-12-23,20241223,Lost,9300.0,0.0,0.0,66.0,CRM,False
1022,OP-001022,13019,19,1,2024-12-25,20241225,2025-03-20,20250320,Won,21500.0,0.1709,17826.3,85.0,CRM,False
1023,OP-001023,13021,15,3,2024-03-31,20240331,2024-04-23,20240423,Won,14900.0,0.1479,12696.15,23.0,CRM,False
1024,OP-001024,13053,23,3,2025-08-11,20250811,2025-09-23,20250923,Won,24500.0,0.1196,21570.2,43.0,CRM,False
1025,OP-001025,13069,22,5,2025-01-29,20250129,2025-02-13,20250213,Lost,98400.0,0.0,0.0,15.0,CRM,False
1026,OP-001026,13074,21,1,2025-04-30,20250430,2025-07-11,20250711,Lost,89700.0,0.0594,0.0,72.0,CRM,False
1027,OP-001027,13079,24,6,2025-05-01,20250501,2025-07-28,20250728,Lost,26400.0,0.0982,0.0,88.0,CRM,False
1028,OP-001028,13081,9,2,2025-12-10,20251210,2026-01-24,20260124,Lost,44100.0,0.0258,0.0,45.0,CRM,False
1029,OP-001029,13099,11,2,2024-10-23,20241023,2025-01-06,20250106,Won,85100.0,0.0866,77732.25,75.0,CRM,False
1030,OP-001030,13100,16,3,2024-07-19,20240719,,,Open,12300.0,0.0514,0.0,530.0,CRM,False
1031,OP-001031,13104,1,6,2025-09-25,20250925,,,Open,93800.0,0.0509,0.0,97.0,CRM,False
1032,OP-001032,13114,7,3,2025-06-26,20250626,2025-09-03,20250903,Won,35500.0,0.015,34967.88,69.0,CRM,False
1033,OP-001033,13119,11,1,2024-07-02,20240702,2024-07-28,20240728,Won,121600.0,0.0489,115650.41,26.0,CRM,False
1034,OP-001034,13126,24,2,2025-12-18,20251218,2026-01-14,20260114,Lost,56400.0,0.128,0.0,27.0,CRM,False
1035,OP-001035,13138,11,1,2024-11-02,20241102,2024-11-30,20241130,Lost,21600.0,0.0711,0.0,28.0,CRM,False
1036,OP-001036,13140,1,4,2025-09-29,20250929,2025-11-18,20251118,Won,16800.0,0.0303,16290.65,50.0,CRM,False
1037,OP-001037,13151,21,1,2024-11-06,20241106,2024-12-24,20241224,Won,45200.0,0.1173,39896.8,48.0,CRM,False
1038,OP-001038,13165,11,1,2025-02-17,20250217,,,Open,62700.0,0.1835,0.0,317.0,CRM,False
1039,OP-001039,13183,18,3,2024-04-28,20240428,,,Open,49300.0,0.0985,0.0,612.0,CRM,False
1040,OP-001040,13184,23,6,2024-03-05,20240305,2024-06-01,20240601,Lost,202800.0,0.1017,0.0,88.0,CRM,False
1041,OP-001041,13197,16,5,2025-11-21,20251121,2026-01-27,20260127,Won,38200.0,0.0724,35432.49,67.0,CRM,False
1042,OP-001042,13219,8,1,2024-08-18,20240818,2024-10-14,20241014,Lost,33900.0,0.0127,0.0,57.0,CRM,False
1043,OP-001043,13241,7,1,2024-02-02,20240202,2024-03-04,20240304,Lost,33100.0,0.081,0.0,31.0,CRM,False
1044,OP-001044,13264,16,6,2025-01-10,20250110,2025-03-05,20250305,Lost,193500.0,0.1565,0.0,54.0,CRM,False
1045,OP-001045,13268,8,5,2025-10-29,20251029,2026-01-14,20260114,Won,15400.0,0.138,13274.18,77.0,CRM,False
1046,OP-001046,13276,24,6,2024-11-14,20241114,,,Open,54200.0,0.1029,0.0,412.0,CRM,False
1047,OP-001047,13295,16,1,2025-07-19,20250719,2025-10-16,20251016,Lost,660600.0,0.103,0.0,89.0,CRM,False
1048,OP-001048,13301,1,4,2024-04-17,20240417,2024-06-05,20240605,Won,54800.0,0.1092,48817.61,49.0,CRM,False
1049,OP-001049,13309,8,6,2025-09-17,20250917,2025-11-12,20251112,Lost,80400.0,0.1485,0.0,56.0,CRM,False
1050,OP-001050,13313,15,1,2024-03-04,20240304,2024-04-13,20240413,Lost,6000.0,0.0465,0.0,40.0,CRM,False
1051,OP-001051,13320,24,5,2024-08-10,20240810,2024-11-06,20241106,Lost,40500.0,0.0759,0.0,88.0,CRM,False
1052,OP-001052,13325,11,2,2025-08-22,20250822,,,Open,25200.0,0.0177,0.0,131.0,CRM,False
1053,OP-001053,13333,6,2,2025-08-30,20250830,,,Open,9300.0,0.1717,0.0,123.0,CRM,False
1054,OP-001054,13346,15,5,2025-05-25,20250525,2025-08-09,20250809,Lost,38600.0,0.0496,0.0,76.0,CRM,False
1055,OP-001055,13347,16,1,2025-12-08,20251208,2026-01-09,20260109,Won,240700.0,0.0695,223975.91,32.0,CRM,False
1056,OP-001056,13356,12,5,2025-10-09,20251009,2025-12-06,20251206,Won,125000.0,0.1217,109783.96,58.0,CRM,False
1057,OP-001057,13368,3,1,2025-10-05,20251005,,,Open,10800.0,0.0894,0.0,87.0,CRM,False
1058,OP-001058,13372,6,1,2025-04-19,20250419,2025-06-15,20250615,Lost,7900.0,0.0477,0.0,57.0,CRM,False
1059,OP-001059,13381,11,1,2025-01-12,20250112,2025-03-29,20250329,Lost,71200.0,0.1343,0.0,76.0,CRM,False
1060,OP-001060,13401,4,3,2025-05-22,20250522,2025-08-11,20250811,Lost,208500.0,0.0932,0.0,81.0,CRM,False
1061,OP-001061,13402,17,3,2025-04-13,20250413,2025-06-23,20250623,Won,72500.0,0.056,68438.14,71.0,CRM,False
1062,OP-001062,13408,1,3,2024-11-07,20241107,2024-12-16,20241216,Won,22000.0,0.0982,19838.56,39.0,CRM,False
1063,OP-001063,13413,13,5,2025-03-16,20250316,2025-04-20,20250420,Won,12600.0,0.1335,10917.68,35.0,CRM,False
1064,OP-001064,13427,21,5,2024-07-25,20240725,2024-09-02,20240902,Won,166500.0,0.0818,152887.39,39.0,CRM,False
1065,OP-001065,13444,15,2,2024-10-02,20241002,2024-12-25,20241225,Lost,17100.0,0.1058,0.0,84.0,CRM,False
1066,OP-001066,13456,8,2,2024-04-20,20240420,2024-07-15,20240715,Won,46500.0,0.0937,42141.97,86.0,CRM,False
1067,OP-001067,13501,16,3,2025-10-06,20251006,2025-12-17,20251217,Lost,46900.0,0.0269,0.0,72.0,CRM,False
1068,OP-001068,13518,13,5,2024-10-23,20241023,2025-01-04,20250104,Won,28400.0,0.0352,27401.53,73.0,CRM,False
1069,OP-001069,13519,16,6,2025-07-08,20250708,,,Open,8400.0,0.0282,0.0,176.0,CRM,False
1070,OP-001070,13528,14,1,2024-12-26,20241226,,,Open,26900.0,0.1026,0.0,370.0,CRM,False
1071,OP-001071,13573,7,6,2024-06-23,20240623,2024-07-25,20240725,Lost,15300.0,0.1352,0.0,32.0,CRM,False
1072,OP-001072,13606,12,3,2024-10-31,20241031,2024-12-20,20241220,Won,250100.0,0.0306,242436.01,50.0,CRM,False
1073,OP-001073,13617,1,5,2024-09-07,20240907,2024-11-11,20241111,Won,22100.0,0.1158,19541.23,65.0,CRM,False
1074,OP-001074,13632,18,3,2025-01-11,20250111,2025-02-25,20250225,Won,58900.0,0.0,58900.0,45.0,CRM,False
1075,OP-001075,13639,11,4,2024-11-21,20241121,2025-01-19,20250119,Won,59100.0,0.0062,58734.14,59.0,CRM,False
1076,OP-001076,13664,14,3,2025-03-25,20250325,2025-05-06,20250506,Won,51800.0,0.0572,48837.06,42.0,CRM,False
1077,OP-001077,13670,22,3,2025-11-19,20251119,2025-12-07,20251207,Lost,64700.0,0.1326,0.0,18.0,CRM,False
1078,OP-001078,13678,18,1,2025-03-02,20250302,2025-05-13,20250513,Won,76500.0,0.1368,66032.67,72.0,CRM,False
1079,OP-001079,13700,6,6,2024-11-04,20241104,2024-12-26,20241226,Lost,59200.0,0.0366,0.0,52.0,CRM,False
1080,OP-001080,13727,1,4,2024-10-04,20241004,2024-10-23,20241023,Won,87900.0,0.0148,86601.13,19.0,CRM,False
1081,OP-001081,13733,3,4,2024-06-09,20240609,,,Open,21500.0,0.1048,0.0,570.0,CRM,False
1082,OP-001082,13744,1,1,2025-07-03,20250703,,,Open,61900.0,0.1248,0.0,181.0,CRM,False
1083,OP-001083,13746,21,1,2024-04-08,20240408,2024-07-03,20240703,Won,74200.0,0.0,74200.0,86.0,CRM,False
1084,OP-001084,13792,20,1,2025-02-16,20250216,2025-05-06,20250506,Lost,72700.0,0.0409,0.0,79.0,CRM,False
1085,OP-001085,13818,18,1,2024-12-06,20241206,2025-01-19,20250119,Won,7300.0,0.0823,6699.23,44.0,CRM,False
1086,OP-001086,13821,8,3,2024-09-20,20240920,2024-10-16,20241016,Lost,30100.0,0.0851,0.0,26.0,CRM,False
1087,OP-001087,13827,23,2,2025-06-24,20250624,,,Open,20000.0,0.082,0.0,190.0,CRM,False
1088,OP-001088,13832,24,6,2025-01-26,20250126,2025-02-18,20250218,Lost,338100.0,0.1237,0.0,23.0,CRM,False
1089,OP-001089,13885,21,1,2025-08-31,20250831,,,Open,83400.0,0.0503,0.0,122.0,CRM,False
1090,OP-001090,13901,7,1,2024-10-24,20241024,2025-01-05,20250105,Won,51500.0,0.0844,47153.14,73.0,CRM,False
1091,OP-001091,13902,20,1,2024-03-13,20240313,2024-05-11,20240511,Won,10900.0,0.0282,10592.73,59.0,CRM,False
1092,OP-001092,13909,6,1,2025-01-21,20250121,2025-02-24,20250224,Lost,15400.0,0.0694,0.0,34.0,CRM,False
1093,OP-001093,13912,17,6,2024-04-28,20240428,,,Open,13800.0,0.1244,0.0,612.0,CRM,False
1094,OP-001094,13915,24,1,2024-03-09,20240309,2024-04-18,20240418,Won,9800.0,0.0287,9519.08,40.0,CRM,False
1095,OP-001095,13918,6,1,2025-10-13,20251013,2025-11-09,20251109,Won,11600.0,0.0719,10766.09,27.0,CRM,False
1096,OP-001096,13924,14,3,2024-05-04,20240504,2024-07-23,20240723,Won,22800.0,0.0892,20766.17,80.0,CRM,False
1097,OP-001097,13928,17,2,2025-02-20,20250220,2025-04-01,20250401,Won,160000.0,0.0067,158930.99,40.0,CRM,False
1098,OP-001098,13948,3,1,2024-12-22,20241222,2025-03-06,20250306,Won,13500.0,0.0254,13156.99,74.0,CRM,False
1099,OP-001099,13965,24,1,2024-04-13,20240413,2024-05-12,20240512,Won,64200.0,0.0,64200.0,29.0,CRM,False
1100,OP-001100,13989,11,3,2025-09-30,20250930,2025-11-25,20251125,Won,155700.0,0.134,134836.27,56.0,CRM,False
1101,OP-001101,14004,6,5,2024-07-18,20240718,,,Open,36700.0,0.0732,0.0,531.0,CRM,False
1102,OP-001102,14005,14,5,2025-07-12,20250712,2025-08-03,20250803,Won,16200.0,0.1108,14404.59,22.0,CRM,False
1103,OP-001103,14013,16,1,2024-08-24,20240824,2024-09-09,20240909,Lost,131500.0,0.0236,0.0,16.0,CRM,False
1104,OP-001104,14021,11,4,2024-07-19,20240719,,,Open,307000.0,0.1258,0.0,530.0,CRM,False
1105,OP-001105,14043,1,2,2024-04-02,20240402,2024-04-12,20240412,Lost,66200.0,0.0903,0.0,10.0,CRM,False
1106,OP-001106,14054,1,6,2024-10-24,20241024,2024-11-25,20241125,Won,13600.0,0.0593,12794.01,32.0,CRM,False
1107,OP-001107,14065,23,3,2025-09-29,20250929,2025-12-23,20251223,Won,66600.0,0.1177,58758.27,85.0,CRM,False
1108,OP-001108,14086,7,1,2025-05-28,20250528,2025-08-08,20250808,Won,56200.0,0.1052,50288.07,72.0,CRM,False
1109,OP-001109,14100,13,1,2025-02-20,20250220,2025-03-17,20250317,Lost,12200.0,0.0413,0.0,25.0,CRM,False
1110,OP-001110,14103,17,5,2025-06-29,20250629,2025-07-31,20250731,Lost,165800.0,0.0309,0.0,32.0,CRM,False
1111,OP-001111,14113,6,4,2024-02-05,20240205,2024-03-07,20240307,Lost,12300.0,0.1224,0.0,31.0,CRM,False
1112,OP-001112,14115,14,3,2024-04-02,20240402,2024-06-13,20240613,Won,31800.0,0.0414,30484.11,72.0,CRM,False
1113,OP-001113,14117,2,1,2025-01-02,20250102,2025-03-17,20250317,Won,9300.0,0.0773,8580.8,74.0,CRM,False
1114,OP-001114,14129,1,1,2024-08-05,20240805,2024-08-23,20240823,Lost,193700.0,0.0963,0.0,18.0,CRM,False
1115,OP-001115,14135,19,3,2024-02-15,20240215,2024-04-06,20240406,Won,56000.0,0.0216,54788.05,51.0,CRM,False
1116,OP-001116,14151,8,6,2025-03-27,20250327,2025-04-25,20250425,Lost,71200.0,0.0778,0.0,29.0,CRM,False
1117,OP-001117,14155,22,2,2025-02-19,20250219,2025-04-26,20250426,Won,57800.0,0.0934,52401.58,66.0,CRM,False
1118,OP-001118,14172,2,2,2024-11-26,20241126,,,Open,13600.0,0.0849,0.0,400.0,CRM,False
1119,OP-001119,14201,22,2,2024-11-02,20241102,2024-11-13,20241113,Lost,24200.0,0.0785,0.0,11.0,CRM,False
1120,OP-001120,14235,12,3,2025-02-08,20250208,2025-03-24,20250324,Won,214100.0,0.0654,200087.22,44.0,CRM,False
1121,OP-001121,14236,12,3,2024-11-10,20241110,2024-11-25,20241125,Won,14400.0,0.1469,12284.66,15.0,CRM,False
1122,OP-001122,14271,16,3,2025-04-29,20250429,,,Open,109600.0,0.0499,0.0,246.0,CRM,False
1123,OP-001123,14283,16,6,2025-09-10,20250910,2025-10-26,20251026,Won,558400.0,0.1122,495739.23,46.0,CRM,False
1124,OP-001124,14284,3,4,2024-12-21,20241221,2025-03-11,20250311,Won,113000.0,0.0686,105246.53,80.0,CRM,False
1125,OP-001125,14296,18,3,2025-09-28,20250928,2025-10-24,20251024,Won,10800.0,0.0442,10322.28,26.0,CRM,False
1126,OP-001126,14316,12,2,2025-08-18,20250818,2025-10-16,20251016,Lost,14400.0,0.0473,0.0,59.0,CRM,False
1127,OP-001127,14318,21,6,2024-04-21,20240421,2024-06-24,20240624,Won,20300.0,0.1651,16949.03,64.0,CRM,False
1128,OP-001128,14336,21,5,2024-03-04,20240304,2024-04-28,20240428,Won,15500.0,0.0938,14046.69,55.0,CRM,False
1129,OP-001129,14348,21,4,2025-12-21,20251221,2026-03-17,20260317,Lost,60900.0,0.1166,0.0,86.0,CRM,False
1130,OP-001130,14369,6,3,2025-09-03,20250903,2025-11-22,20251122,Won,38700.0,0.0479,36847.8,80.0,CRM,False
1131,OP-001131,14386,22,3,2024-10-27,20241027,2025-01-02,20250102,Won,21000.0,0.0572,19798.7,67.0,CRM,False
1132,OP-001132,14397,1,2,2024-05-06,20240506,2024-06-06,20240606,Won,123400.0,0.0597,116039.13,31.0,CRM,False
1133,OP-001133,14399,1,3,2025-12-14,20251214,2026-03-02,20260302,Lost,61400.0,0.0949,0.0,211.0,CRM,True
1134,OP-001134,14413,22,3,2024-09-09,20240909,2024-11-22,20241122,Lost,251100.0,0.0406,0.0,74.0,CRM,False
1135,OP-001135,14421,21,5,2025-08-03,20250803,2025-09-13,20250913,Lost,36100.0,0.1145,0.0,41.0,CRM,False
1136,OP-001136,14428,6,3,2025-07-04,20250704,2025-08-17,20250817,Lost,480800.0,0.0,0.0,44.0,CRM,False
1137,OP-001137,14446,1,5,2025-05-17,20250517,,,Open,25100.0,0.0459,0.0,228.0,CRM,False
1138,OP-001138,14448,18,5,2025-05-31,20250531,2025-06-13,20250613,Lost,52200.0,0.0,0.0,13.0,CRM,False
1139,OP-001139,14460,23,2,2025-09-05,20250905,2025-11-14,20251114,Lost,122500.0,0.137,0.0,70.0,CRM,False
1140,OP-001140,14477,24,3,2024-10-02,20241002,2024-10-25,20241025,Lost,53200.0,0.0687,0.0,23.0,CRM,False
1141,OP-001141,14488,13,1,2025-02-04,20250204,2025-03-12,20250312,Lost,15100.0,0.0545,0.0,36.0,CRM,False
1142,OP-001142,14490,12,3,2025-06-30,20250630,2025-09-24,20250924,Won,10900.0,0.0872,9949.93,86.0,CRM,False
1143,OP-001143,14494,10,6,2026-01-13,20260113,2026-02-11,20260211,Lost,11900.0,0.0872,0.0,29.0,CRM,False
1144,OP-001144,14500,11,3,2025-02-17,20250217,2025-04-09,20250409,Won,51100.0,0.0276,49687.3,271.0,CRM,True
1145,OP-001145,14503,3,6,2025-07-29,20250729,2025-08-31,20250831,Won,11700.0,0.0049,11642.12,33.0,CRM,False
1146,OP-001146,14504,3,3,2025-02-15,20250215,2025-03-31,20250331,Won,36200.0,0.0085,35890.83,44.0,CRM,False
1147,OP-001147,14530,24,1,2025-09-30,20250930,2025-11-27,20251127,Lost,49000.0,0.0518,0.0,58.0,CRM,False
1148,OP-001148,14550,23,1,2025-03-25,20250325,2025-05-15,20250515,Won,6500.0,0.077,5999.77,51.0,CRM,False
1149,OP-001149,14559,6,5,2024-02-11,20240211,2024-02-25,20240225,Won,28800.0,0.115,25487.2,14.0,CRM,False
1150,OP-001150,14562,7,6,2024-01-29,20240129,2024-02-29,20240229,Won,45800.0,0.1114,40697.86,31.0,CRM,False
1151,OP-001151,14569,16,4,2024-02-27,20240227,2024-04-28,20240428,Lost,9600.0,0.0243,0.0,61.0,CRM,False
1152,OP-001152,14571,16,3,2025-06-08,20250608,2025-09-04,20250904,Won,66600.0,0.0733,61716.39,88.0,CRM,False
1153,OP-001153,14578,10,1,2025-09-06,20250906,2025-09-27,20250927,Won,41500.0,0.104,37184.19,21.0,CRM,False
1154,OP-001154,14581,15,5,2025-10-31,20251031,2026-01-05,20260105,Won,381300.0,0.0534,360949.56,66.0,CRM,False
1155,OP-001155,14589,1,5,2024-12-18,20241218,2025-02-02,20250202,Won,52100.0,0.0922,47297.2,46.0,CRM,False
1156,OP-001156,14604,22,1,2024-03-07,20240307,2024-04-25,20240425,Lost,33000.0,0.0685,0.0,49.0,CRM,False
1157,OP-001157,14629,12,5,2024-08-04,20240804,2024-09-24,20240924,Won,19400.0,0.0458,18511.47,51.0,CRM,False
1158,OP-001158,14634,1,1,2024-02-16,20240216,2024-05-11,20240511,Won,13300.0,0.0495,12641.17,85.0,CRM,False
1159,OP-001159,14642,1,2,2024-04-02,20240402,2024-05-13,20240513,Won,119700.0,0.0753,110683.39,41.0,CRM,False
1160,OP-001160,14651,9,4,2025-08-07,20250807,2025-08-26,20250826,Lost,61500.0,0.0323,0.0,19.0,CRM,False
1161,OP-001161,14655,11,3,2025-05-31,20250531,2025-07-25,20250725,Lost,110300.0,0.1153,0.0,55.0,CRM,False
1162,OP-001162,14661,18,4,2025-03-25,20250325,2025-06-03,20250603,Lost,76800.0,0.1037,0.0,70.0,CRM,False
1163,OP-001163,14664,24,4,2025-10-20,20251020,2025-12-04,20251204,Lost,9600.0,0.0424,0.0,45.0,CRM,False
1164,OP-001164,14665,17,2,2025-01-18,20250118,2025-04-02,20250402,Lost,49100.0,0.0846,0.0,74.0,CRM,False
1165,OP-001165,14671,6,3,2025-04-06,20250406,2025-06-30,20250630,Lost,87200.0,0.0892,0.0,85.0,CRM,False
1166,OP-001166,14676,11,4,2024-04-24,20240424,2024-05-22,20240522,Lost,36400.0,0.1488,0.0,28.0,CRM,False
1167,OP-001167,14738,4,3,2025-10-28,20251028,2026-01-15,20260115,Lost,34700.0,0.0949,0.0,79.0,CRM,False
1168,OP-001168,14740,1,6,2025-08-06,20250806,,,Open,12900.0,0.1573,0.0,147.0,CRM,False
1169,OP-001169,14754,16,3,2025-05-16,20250516,2025-08-10,20250810,Lost,7200.0,0.115,0.0,86.0,CRM,False
1170,OP-001170,14759,20,3,2024-05-25,20240525,2024-08-04,20240804,Won,23100.0,0.1215,20293.44,71.0,CRM,False
1171,OP-001171,14760,12,2,2024-03-24,20240324,2024-06-02,20240602,Lost,7200.0,0.0994,0.0,70.0,CRM,False
1172,OP-001172,14768,9,2,2025-03-22,20250322,,,Open,32200.0,0.0203,0.0,284.0,CRM,False
1173,OP-001173,14772,17,1,2024-11-13,20241113,2025-01-21,20250121,Lost,29000.0,0.1101,0.0,69.0,CRM,False
1174,OP-001174,14787,6,6,2025-12-07,20251207,2026-01-21,20260121,Won,75100.0,0.0923,68167.03,45.0,CRM,False
1175,OP-001175,14793,16,3,2024-02-24,20240224,2024-05-08,20240508,Lost,27400.0,0.0678,0.0,74.0,CRM,False
1176,OP-001176,14795,3,4,2024-01-11,20240111,2024-03-27,20240327,Won,66400.0,0.0298,64421.68,76.0,CRM,False
1177,OP-001177,14825,7,3,2025-10-15,20251015,2026-01-09,20260109,Lost,18300.0,0.0017,0.0,86.0,CRM,False
1178,OP-001178,14826,11,2,2025-06-07,20250607,2025-07-02,20250702,Lost,16600.0,0.1553,0.0,25.0,CRM,False
1179,OP-001179,14831,16,4,2024-07-10,20240710,,,Open,51600.0,0.0346,0.0,539.0,CRM,False
1180,OP-001180,14848,13,3,2025-01-11,20250111,,,Open,517800.0,0.0784,0.0,354.0,CRM,False
1181,OP-001181,14870,7,5,2025-12-05,20251205,2026-02-17,20260217,Won,49100.0,0.0556,46367.83,74.0,CRM,False
1182,OP-001182,14874,5,2,2024-12-30,20241230,2025-02-09,20250209,Lost,15000.0,0.0574,0.0,41.0,CRM,False
1183,OP-001183,14897,1,5,2025-09-19,20250919,2025-11-30,20251130,Won,40900.0,0.0129,40371.05,72.0,CRM,False
1184,OP-001184,14898,7,1,2024-08-16,20240816,2024-09-16,20240916,Lost,64900.0,0.0933,0.0,31.0,CRM,False
1185,OP-001185,14910,13,5,2024-10-19,20241019,2025-01-13,20250113,Lost,88400.0,0.0948,0.0,86.0,CRM,False
1186,OP-001186,14913,6,3,2024-02-09,20240209,,,Open,190500.0,0.1127,0.0,691.0,CRM,False
1187,OP-001187,14917,2,3,2025-05-22,20250522,2025-06-13,20250613,Lost,911000.0,0.0722,0.0,22.0,CRM,False
1188,OP-001188,14949,14,5,2024-09-21,20240921,2024-12-09,20241209,Won,123400.0,0.0009,123284.65,79.0,CRM,False
1189,OP-001189,14999,8,5,2024-07-09,20240709,,,Open,128300.0,0.0504,0.0,540.0,CRM,False
1190,OP-001190,15011,17,1,2024-03-11,20240311,2024-04-18,20240418,Won,43700.0,0.0772,40327.47,38.0,CRM,False
1191,OP-001191,15020,2,4,2025-07-10,20250710,2025-09-13,20250913,Lost,29200.0,0.1287,0.0,65.0,CRM,False
1192,OP-001192,15031,21,3,2024-11-10,20241110,2024-12-31,20241231,Won,37600.0,0.0271,36579.3,51.0,CRM,False
1193,OP-001193,15033,21,4,2024-08-20,20240820,,,Open,8500.0,0.092,0.0,498.0,CRM,False
1194,OP-001194,15060,1,5,2025-09-06,20250906,,,Open,76800.0,0.0104,0.0,116.0,CRM,False
1195,OP-001195,15067,1,3,2024-08-21,20240821,2024-10-02,20241002,Won,13200.0,0.0902,12008.97,42.0,CRM,False
1196,OP-001196,15071,14,5,2024-09-29,20240929,2024-12-08,20241208,Won,115700.0,0.0,115700.0,70.0,CRM,False
1197,OP-001197,15073,21,2,2025-08-04,20250804,2025-09-09,20250909,Lost,17000.0,0.0259,0.0,36.0,CRM,False
1198,OP-001198,15085,13,6,2024-12-29,20241229,2025-02-23,20250223,Lost,19700.0,0.1193,0.0,56.0,CRM,False
1199,OP-001199,15112,12,2,2024-08-01,20240801,,,Open,32700.0,0.0586,0.0,517.0,CRM,False
1200,OP-001200,15116,6,5,2024-10-29,20241029,2024-11-19,20241119,Won,10900.0,0.1102,9698.69,21.0,CRM,False
1201,OP-001201,15122,23,3,2025-12-21,20251221,2026-03-04,20260304,Won,48300.0,0.0831,44285.7,73.0,CRM,False
1202,OP-001202,15125,13,3,2024-09-16,20240916,2024-12-04,20241204,Won,15100.0,0.0908,13728.58,79.0,CRM,False
1203,OP-001203,15138,3,3,2025-03-21,20250321,2025-04-27,20250427,Lost,158600.0,0.1046,0.0,37.0,CRM,False
1204,OP-001204,15197,16,5,2025-06-13,20250613,2025-08-12,20250812,Lost,15200.0,0.1238,0.0,60.0,CRM,False
1205,OP-001205,15200,21,6,2025-02-05,20250205,2025-03-23,20250323,Won,26900.0,0.0503,25546.62,46.0,CRM,False
1206,OP-001206,15219,17,1,2024-11-19,20241119,2025-01-09,20250109,Lost,22900.0,0.0787,0.0,51.0,CRM,False
1207,OP-001207,15228,15,2,2025-06-01,20250601,2025-08-19,20250819,Won,208100.0,0.0882,189754.43,79.0,CRM,False
1208,OP-001208,15243,9,5,2025-01-10,20250110,2025-01-25,20250125,Won,24700.0,0.015,24330.11,15.0,CRM,False
1209,OP-001209,15244,6,4,2025-07-18,20250718,2025-10-07,20251007,Won,14000.0,0.0424,13406.97,81.0,CRM,False
1210,OP-001210,15246,23,2,2024-10-08,20241008,2024-11-07,20241107,Lost,29600.0,0.1705,0.0,30.0,CRM,False
1211,OP-001211,15248,11,3,2025-11-16,20251116,2026-01-19,20260119,Lost,42600.0,0.0372,0.0,64.0,CRM,False
1212,OP-001212,15253,22,1,2024-10-22,20241022,2024-12-12,20241212,Lost,16600.0,0.0812,0.0,51.0,CRM,False
1213,OP-001213,15270,16,2,2024-04-23,20240423,2024-07-12,20240712,Lost,14000.0,0.0854,0.0,80.0,CRM,False
1214,OP-001214,15284,11,1,2025-11-28,20251128,2025-12-31,20251231,Won,341700.0,0.0432,326946.42,33.0,CRM,False
1215,OP-001215,15294,15,5,2024-04-03,20240403,2024-05-26,20240526,Lost,254700.0,0.0593,0.0,53.0,CRM,False
1216,OP-001216,15297,5,3,2024-08-21,20240821,2024-09-28,20240928,Lost,24400.0,0.0972,0.0,38.0,CRM,False
1217,OP-001217,15309,6,3,2025-06-27,20250627,2025-09-21,20250921,Lost,15200.0,0.123,0.0,86.0,CRM,False
1218,OP-001218,15310,1,1,2026-01-10,20260110,2026-02-23,20260223,Won,26300.0,0.0026,26232.9,44.0,CRM,False
1219,OP-001219,15332,21,3,2024-08-07,20240807,2024-08-27,20240827,Won,37800.0,0.0456,36075.48,20.0,CRM,False
1220,OP-001220,15345,18,2,2024-08-08,20240808,2024-10-08,20241008,Won,40800.0,0.0441,39002.57,61.0,CRM,False
1221,OP-001221,15357,9,4,2024-02-03,20240203,2024-02-14,20240214,Won,6800.0,0.0688,6332.36,11.0,CRM,False
1222,OP-001222,15364,14,1,2024-09-14,20240914,2024-11-27,20241127,Lost,16200.0,0.1881,0.0,74.0,CRM,False
1223,OP-001223,15378,3,1,2024-12-27,20241227,2025-01-09,20250109,Lost,21800.0,0.0352,0.0,13.0,CRM,False
1224,OP-001224,15385,7,6,2025-07-01,20250701,2025-09-28,20250928,Won,74400.0,0.0798,68461.52,89.0,CRM,False
1225,OP-001225,15434,13,4,2025-06-24,20250624,2025-08-25,20250825,Won,45600.0,0.1092,40620.93,62.0,CRM,False
1226,OP-001226,15442,24,4,2025-08-03,20250803,2025-10-30,20251030,Won,11800.0,0.1075,10530.93,88.0,CRM,False
1227,OP-001227,15450,3,4,2024-03-25,20240325,2024-06-07,20240607,Lost,81800.0,0.075,0.0,74.0,CRM,False
1228,OP-001228,15459,16,4,2025-04-06,20250406,2025-06-09,20250609,Lost,97000.0,0.1124,0.0,64.0,CRM,False
1229,OP-001229,15467,17,2,2024-10-06,20241006,,,Open,20100.0,0.0817,0.0,451.0,CRM,False
1230,OP-001230,15471,23,5,2025-05-25,20250525,2025-06-29,20250629,Lost,10100.0,0.1366,0.0,35.0,CRM,False
1231,OP-001231,15475,22,5,2025-12-21,20251221,2026-01-21,20260121,Lost,167700.0,0.0777,0.0,31.0,CRM,False
1232,OP-001232,15477,3,3,2025-08-12,20250812,2025-09-28,20250928,Won,44800.0,0.1425,38416.07,47.0,CRM,False
1233,OP-001233,15481,3,3,2025-01-08,20250108,,,Open,53600.0,0.1351,0.0,357.0,CRM,False
1234,OP-001234,15482,16,3,2025-02-26,20250226,2025-04-21,20250421,Lost,68300.0,0.0712,0.0,54.0,CRM,False
1235,OP-001235,15485,21,2,2025-04-30,20250430,2025-06-17,20250617,Lost,218200.0,0.135,0.0,48.0,CRM,False
1236,OP-001236,15497,16,2,2025-08-27,20250827,2025-10-29,20251029,Won,174200.0,0.0582,164060.23,63.0,CRM,False
1237,OP-001237,15499,1,6,2025-02-15,20250215,,,Open,8500.0,0.0939,0.0,319.0,CRM,False
1238,OP-001238,15502,8,4,2024-05-05,20240505,2024-06-14,20240614,Lost,48700.0,0.04,0.0,40.0,CRM,False
1239,OP-001239,15504,11,3,2025-10-26,20251026,2026-01-17,20260117,Won,44600.0,0.0,44600.0,83.0,CRM,False
1240,OP-001240,15511,21,2,2025-09-24,20250924,2025-12-15,20251215,Lost,32200.0,0.0425,0.0,82.0,CRM,False
1241,OP-001241,15522,3,1,2025-02-09,20250209,2025-02-21,20250221,Lost,40900.0,0.0868,0.0,12.0,CRM,False
1242,OP-001242,15531,7,4,2025-01-19,20250119,2025-03-08,20250308,Lost,32800.0,0.0676,0.0,48.0,CRM,False
1243,OP-001243,15533,12,1,2025-12-21,20251221,2026-03-17,20260317,Won,113800.0,0.0698,105859.05,86.0,CRM,False
1244,OP-001244,15537,21,4,2025-07-12,20250712,2025-08-25,20250825,Lost,107100.0,0.0781,0.0,44.0,CRM,False
1245,OP-001245,15561,21,1,2025-06-30,20250630,2025-07-22,20250722,Lost,60400.0,0.0963,0.0,22.0,CRM,False
1246,OP-001246,15566,14,6,2024-03-09,20240309,2024-06-01,20240601,Lost,81300.0,0.0882,0.0,84.0,CRM,False
1247,OP-001247,15604,6,3,2025-01-10,20250110,2025-03-02,20250302,Won,79300.0,0.1576,66804.35,51.0,CRM,False
1248,OP-001248,15605,22,5,2025-09-22,20250922,,,Open,60000.0,0.0535,0.0,100.0,CRM,False
1249,OP-001249,15614,21,4,2025-10-24,20251024,2025-11-06,20251106,Lost,32400.0,0.1126,0.0,13.0,CRM,False
1250,OP-001250,15627,2,1,2024-04-26,20240426,2024-07-11,20240711,Won,34000.0,0.1185,29970.01,76.0,CRM,False
1251,OP-001251,15629,21,4,2024-06-05,20240605,,,Open,37200.0,0.033,0.0,574.0,CRM,False
1252,OP-001252,15651,7,5,2025-03-06,20250306,2025-05-21,20250521,Lost,15800.0,0.1313,0.0,76.0,CRM,False
1253,OP-001253,15660,20,5,2025-11-06,20251106,2026-01-10,20260110,Won,66200.0,0.1141,58649.09,65.0,CRM,False
1254,OP-001254,15665,1,3,2025-08-01,20250801,2025-09-26,20250926,Won,35600.0,0.0379,34250.74,56.0,CRM,False
1255,OP-001255,15677,10,5,2025-10-06,20251006,2025-10-19,20251019,Lost,14200.0,0.0261,0.0,13.0,CRM,False
1256,OP-001256,15681,14,6,2025-04-10,20250410,2025-04-23,20250423,Won,305200.0,0.1059,272882.24,13.0,CRM,False
1257,OP-001257,15682,22,6,2025-09-05,20250905,2025-09-19,20250919,Lost,9200.0,0.043,0.0,14.0,CRM,False
1258,OP-001258,15717,2,2,2024-08-18,20240818,2024-11-08,20241108,Won,7600.0,0.1081,6778.07,82.0,CRM,False
1259,OP-001259,15732,15,2,2025-07-08,20250708,2025-09-14,20250914,Lost,152100.0,0.0537,0.0,68.0,CRM,False
1260,OP-001260,15736,21,1,2024-11-10,20241110,2024-12-23,20241223,Won,32500.0,0.0931,29474.6,43.0,CRM,False
1261,OP-001261,15739,10,5,2025-04-05,20250405,,,Open,35500.0,0.1598,0.0,270.0,CRM,False
1262,OP-001262,15769,23,1,2024-06-05,20240605,,,Open,9300.0,0.0103,0.0,574.0,CRM,False
1263,OP-001263,15780,6,6,2025-08-27,20250827,2025-11-17,20251117,Won,21200.0,0.1035,19005.85,82.0,CRM,False
1264,OP-001264,15808,10,3,2025-09-20,20250920,2025-10-21,20251021,Won,139200.0,0.1241,121931.88,31.0,CRM,False
1265,OP-001265,15815,1,5,2024-10-31,20241031,2024-12-09,20241209,Won,223900.0,0.0497,212766.75,39.0,CRM,False
1266,OP-001266,15821,6,3,2025-10-01,20251001,2025-10-26,20251026,Won,81900.0,0.1081,73047.58,25.0,CRM,False
1267,OP-001267,15822,21,5,2024-11-26,20241126,2025-02-04,20250204,Won,50800.0,0.019,49833.17,70.0,CRM,False
1268,OP-001268,15831,15,5,2024-07-23,20240723,2024-09-30,20240930,Lost,20300.0,0.0661,0.0,69.0,CRM,False
1269,OP-001269,15833,6,3,2024-06-17,20240617,2024-09-05,20240905,Won,158900.0,0.1261,138868.23,80.0,CRM,False
1270,OP-001270,15848,7,1,2024-06-10,20240610,2024-06-27,20240627,Lost,8200.0,0.0952,0.0,17.0,CRM,False
1271,OP-001271,15849,19,6,2025-12-24,20251224,2026-03-16,20260316,Lost,72600.0,0.0,0.0,82.0,CRM,False
1272,OP-001272,15850,11,5,2024-01-19,20240119,2024-03-23,20240323,Won,79300.0,0.0711,73660.07,64.0,CRM,False
1273,OP-001273,15855,21,2,2025-01-28,20250128,,,Open,155100.0,0.0803,0.0,337.0,CRM,False
1274,OP-001274,15859,11,2,2024-10-03,20241003,2024-12-07,20241207,Lost,112600.0,0.0135,0.0,65.0,CRM,False
1275,OP-001275,15867,21,6,2024-05-24,20240524,2024-08-16,20240816,Won,203800.0,0.1069,182013.99,84.0,CRM,False
1276,OP-001276,15880,20,1,2024-03-03,20240303,2024-04-20,20240420,Won,67600.0,0.093,61314.93,48.0,CRM,False
1277,OP-001277,15900,17,4,2024-05-06,20240506,2024-06-27,20240627,Won,47800.0,0.0736,44281.19,52.0,CRM,False
1278,OP-001278,15907,11,5,2024-03-25,20240325,2024-05-09,20240509,Lost,48800.0,0.0686,0.0,45.0,CRM,False
1279,OP-001279,15909,16,4,2025-06-21,20250621,2025-07-07,20250707,Won,14400.0,0.1206,12663.38,16.0,CRM,False
1280,OP-001280,15914,8,2,2024-08-30,20240830,2024-09-10,20240910,Lost,26100.0,0.1569,0.0,11.0,CRM,False
1281,OP-001281,15919,6,6,2025-03-19,20250319,,,Open,6100.0,0.1436,0.0,287.0,CRM,False
1282,OP-001282,15951,3,3,2024-07-10,20240710,2024-08-07,20240807,Lost,510300.0,0.1574,0.0,28.0,CRM,False
1283,OP-001283,15953,21,2,2025-01-28,20250128,2025-04-17,20250417,Won,13600.0,0.159,11437.9,79.0,CRM,False
1284,OP-001284,15977,20,1,2024-10-31,20241031,2025-01-17,20250117,Won,32700.0,0.0752,30241.93,78.0,CRM,False
1285,OP-001285,15995,24,1,2025-09-27,20250927,2025-10-14,20251014,Won,439500.0,0.0928,398735.91,17.0,CRM,False
1286,OP-001286,15996,14,4,2025-07-12,20250712,2025-08-02,20250802,Won,36500.0,0.1167,32241.49,21.0,CRM,False
1287,OP-001287,16019,2,3,2025-05-06,20250506,2025-07-02,20250702,Lost,113800.0,0.0547,0.0,57.0,CRM,False
1288,OP-001288,16066,2,2,2025-12-03,20251203,2025-12-15,20251215,Won,326500.0,0.059,307238.86,12.0,CRM,False
1289,OP-001289,16079,21,2,2024-11-03,20241103,2025-01-27,20250127,Won,123800.0,0.0112,122411.28,85.0,CRM,False
1290,OP-001290,16082,14,1,2025-02-28,20250228,2025-05-20,20250520,Won,18100.0,0.0994,16301.66,81.0,CRM,False
1291,OP-001291,16094,22,3,2025-03-11,20250311,2025-05-25,20250525,Lost,16900.0,0.0419,0.0,75.0,CRM,False
1292,OP-001292,16104,7,2,2025-09-15,20250915,2025-11-14,20251114,Lost,3100.0,0.0,0.0,60.0,CRM,False
1293,OP-001293,16108,20,3,2025-04-12,20250412,2025-06-17,20250617,Won,141300.0,0.0552,133493.92,66.0,CRM,False
1294,OP-001294,16157,22,1,2024-06-12,20240612,2024-08-22,20240822,Lost,173800.0,0.0874,0.0,71.0,CRM,False
1295,OP-001295,16165,11,5,2025-11-17,20251117,2026-01-19,20260119,Won,36000.0,0.1437,30826.36,63.0,CRM,False
1296,OP-001296,16179,16,5,2025-06-07,20250607,2025-08-20,20250820,Lost,9700.0,0.1527,0.0,74.0,CRM,False
1297,OP-001297,16188,16,5,2024-07-03,20240703,2024-07-27,20240727,Won,180000.0,0.0537,170327.03,24.0,CRM,False
1298,OP-001298,16216,13,3,2024-12-17,20241217,2024-12-29,20241229,Lost,373400.0,0.042,0.0,12.0,CRM,False
1299,OP-001299,16221,11,6,2025-08-09,20250809,2025-11-01,20251101,Won,34600.0,0.0823,31751.77,84.0,CRM,False
1300,OP-001300,16236,13,2,2025-12-16,20251216,2026-03-08,20260308,Won,107400.0,0.1603,90181.0,82.0,CRM,False
1301,OP-001301,16246,11,1,2024-09-07,20240907,,,Open,24100.0,0.0761,0.0,480.0,CRM,False
1302,OP-001302,16248,6,5,2025-05-25,20250525,,,Open,284600.0,0.0119,0.0,220.0,CRM,False
1303,OP-001303,16249,16,5,2024-12-02,20241202,2024-12-21,20241221,Won,29200.0,0.0713,27117.99,19.0,CRM,False
1304,OP-001304,16257,3,6,2024-02-03,20240203,2024-02-29,20240229,Won,71300.0,0.1202,62732.1,26.0,CRM,False
1305,OP-001305,16267,1,1,2025-10-04,20251004,,,Open,6500.0,0.0228,0.0,88.0,CRM,False
1306,OP-001306,16271,11,3,2025-10-14,20251014,2025-11-19,20251119,Lost,37200.0,0.0907,0.0,36.0,CRM,False
1307,OP-001307,16276,2,3,2025-03-16,20250316,2025-05-18,20250518,Won,346000.0,0.1331,299947.25,63.0,CRM,False
1308,OP-001308,16304,14,6,2024-02-26,20240226,2024-03-19,20240319,Won,34400.0,0.0657,32140.25,22.0,CRM,False
1309,OP-001309,16319,1,3,2025-03-23,20250323,2025-05-14,20250514,Lost,11800.0,0.0081,0.0,52.0,CRM,False
1310,OP-001310,16322,21,6,2025-04-28,20250428,2025-05-08,20250508,Won,37100.0,0.0457,35403.61,10.0,CRM,False
1311,OP-001311,16331,1,4,2024-06-24,20240624,2024-09-04,20240904,Won,33800.0,0.1176,29823.82,72.0,CRM,False
1312,OP-001312,16352,2,1,2025-02-15,20250215,2025-03-12,20250312,Lost,73000.0,0.0981,0.0,25.0,CRM,False
1313,OP-001313,16368,21,5,2025-12-07,20251207,2026-02-23,20260223,Won,12200.0,0.0725,11315.23,78.0,CRM,False
1314,OP-001314,16370,21,3,2025-09-24,20250924,2025-10-19,20251019,Won,85200.0,0.0287,82753.73,25.0,CRM,False
1315,OP-001315,16388,9,6,2025-01-14,20250114,,,Open,15300.0,0.0625,0.0,322.0,CRM,True
1316,OP-001316,16390,17,1,2024-01-15,20240115,2024-04-02,20240402,Won,11600.0,0.0104,11479.75,78.0,CRM,False
1317,OP-001317,16392,13,1,2025-05-11,20250511,2025-08-06,20250806,Won,38100.0,0.0566,35943.58,87.0,CRM,False
1318,OP-001318,16408,16,3,2024-02-25,20240225,,,Open,323300.0,0.0868,0.0,675.0,CRM,False
1319,OP-001319,16409,6,1,2024-02-26,20240226,2024-03-13,20240313,Won,60500.0,0.1122,53712.2,16.0,CRM,False
1320,OP-001320,16426,23,1,2024-09-15,20240915,2024-10-16,20241016,Lost,43700.0,0.0627,0.0,31.0,CRM,False
1321,OP-001321,16438,4,1,2025-11-08,20251108,2025-12-01,20251201,Lost,14200.0,0.1253,0.0,23.0,CRM,False
1322,OP-001322,16446,22,3,2025-09-01,20250901,2025-10-17,20251017,Won,215200.0,0.1229,188743.8,46.0,CRM,False
1323,OP-001323,16459,21,2,2025-07-17,20250717,2025-09-04,20250904,Lost,6600.0,0.0719,0.0,49.0,CRM,False
1324,OP-001324,16496,18,1,2025-08-05,20250805,2025-09-11,20250911,Won,107100.0,0.064,100240.76,37.0,CRM,False
1325,OP-001325,16540,11,5,2024-03-21,20240321,2024-05-06,20240506,Won,356100.0,0.1177,314180.1,46.0,CRM,False
1326,OP-001326,16577,24,4,2024-02-29,20240229,2024-05-21,20240521,Won,95500.0,0.0595,89813.45,82.0,CRM,False
1327,OP-001327,16599,6,4,2024-11-06,20241106,,,Open,9300.0,0.0675,0.0,420.0,CRM,False
1328,OP-001328,16612,7,6,2024-06-30,20240630,2024-09-08,20240908,Won,37100.0,0.0392,35645.23,70.0,CRM,False
1329,OP-001329,16633,23,1,2025-10-16,20251016,,,Open,32800.0,0.2245,0.0,76.0,CRM,False
1330,OP-001330,16635,11,6,2025-02-21,20250221,2025-04-28,20250428,Won,122100.0,0.1097,108711.38,66.0,CRM,False
1331,OP-001331,16641,11,5,2024-05-22,20240522,2024-06-12,20240612,Won,68800.0,0.0947,62284.91,21.0,CRM,False
1332,OP-001332,16644,3,4,2024-08-04,20240804,2024-10-11,20241011,Won,11100.0,0.0699,10324.38,68.0,CRM,False
1333,OP-001333,16651,7,1,2025-05-01,20250501,2025-05-16,20250516,Won,37000.0,0.1438,31681.0,15.0,CRM,False
1334,OP-001334,16659,7,2,2025-08-16,20250816,2025-11-10,20251110,Won,53800.0,0.1248,47084.24,86.0,CRM,False
1335,OP-001335,16667,12,2,2024-07-12,20240712,2024-09-23,20240923,Won,26500.0,0.1133,23498.63,73.0,CRM,False
1336,OP-001336,16677,7,3,2024-08-29,20240829,2024-09-17,20240917,Won,17700.0,0.0139,17454.07,19.0,CRM,False
1337,OP-001337,16680,16,4,2025-10-02,20251002,2025-10-14,20251014,Won,70600.0,0.0,70600.0,12.0,CRM,False
1338,OP-001338,16694,8,5,2025-01-26,20250126,2025-04-07,20250407,Lost,15300.0,0.134,0.0,71.0,CRM,False
1339,OP-001339,16708,20,4,2024-11-20,20241120,2024-12-16,20241216,Won,52800.0,0.0573,49773.48,26.0,CRM,False
1340,OP-001340,16764,18,1,2024-02-20,20240220,2024-03-28,20240328,Lost,329200.0,0.0637,0.0,37.0,CRM,False
1341,OP-001341,16786,10,1,2025-09-18,20250918,2025-10-16,20251016,Lost,29000.0,0.0,0.0,28.0,CRM,False
1342,OP-001342,16794,9,5,2025-08-10,20250810,2025-10-19,20251019,Lost,84300.0,0.0602,0.0,70.0,CRM,False
1343,OP-001343,16800,18,6,2025-02-28,20250228,2025-05-25,20250525,Won,54600.0,0.0949,49416.58,86.0,CRM,False
1344,OP-001344,16816,12,1,2025-05-30,20250530,2025-06-12,20250612,Won,316500.0,0.0382,304400.29,13.0,CRM,False
1345,OP-001345,16817,11,4,2024-11-11,20241111,2025-01-03,20250103,Lost,144200.0,0.0542,0.0,53.0,CRM,False
1346,OP-001346,16852,8,3,2025-02-18,20250218,2025-04-26,20250426,Lost,86600.0,0.1096,0.0,67.0,CRM,False
1347,OP-001347,16858,6,3,2025-09-03,20250903,,,Open,86700.0,0.0818,0.0,119.0,CRM,False
1348,OP-001348,16866,21,1,2024-04-20,20240420,2024-06-13,20240613,Lost,21200.0,0.0222,0.0,54.0,CRM,False
1349,OP-001349,16877,11,6,2025-03-30,20250330,,,Open,11100.0,0.1075,0.0,276.0,CRM,False
1350,OP-001350,16893,12,6,2024-05-03,20240503,2024-07-30,20240730,Won,570600.0,0.0318,552457.14,88.0,CRM,False
1351,OP-001351,16917,20,5,2025-12-10,20251210,,,Open,16200.0,0.1319,0.0,21.0,CRM,False
1352,OP-001352,16923,6,6,2024-12-01,20241201,2025-02-21,20250221,Lost,21800.0,0.0,0.0,82.0,CRM,False
1353,OP-001353,16935,1,1,2024-03-15,20240315,2024-05-16,20240516,Lost,12500.0,0.0314,0.0,62.0,CRM,False
1354,OP-001354,16937,11,5,2025-07-31,20250731,,,Open,44500.0,0.1125,0.0,153.0,CRM,False
1355,OP-001355,16943,16,1,2025-05-24,20250524,2025-07-18,20250718,Lost,120200.0,0.0901,0.0,55.0,CRM,False
1356,OP-001356,16951,11,1,2024-07-03,20240703,,,Open,250300.0,0.0536,0.0,546.0,CRM,False
1357,OP-001357,16967,2,1,2025-05-01,20250501,2025-07-07,20250707,Won,78000.0,0.1105,69382.74,67.0,CRM,False
1358,OP-001358,16977,16,2,2025-08-14,20250814,2025-10-24,20251024,Won,17900.0,0.1283,15604.13,71.0,CRM,False
1359,OP-001359,16978,11,2,2024-08-05,20240805,2024-10-28,20241028,Lost,170500.0,0.1062,0.0,84.0,CRM,False
1360,OP-001360,16997,23,1,2024-11-25,20241125,2025-02-07,20250207,Won,27400.0,0.0368,26391.16,74.0,CRM,False
1361,OP-001361,17016,18,1,2025-04-09,20250409,2025-04-23,20250423,Lost,179100.0,0.1345,0.0,14.0,CRM,False
1362,OP-001362,17058,7,3,2024-09-25,20240925,2024-10-26,20241026,Won,80100.0,0.0314,77582.8,31.0,CRM,False
1363,OP-001363,17072,18,3,2024-03-29,20240329,2024-04-27,20240427,Lost,8300.0,0.0261,0.0,29.0,CRM,False
1364,OP-001364,17092,11,5,2025-06-17,20250617,2025-09-07,20250907,Won,8500.0,0.021,8321.3,82.0,CRM,False
1365,OP-001365,17099,11,6,2025-10-12,20251012,2025-11-12,20251112,Won,62800.0,0.137,54197.63,31.0,CRM,False
1366,OP-001366,17115,1,5,2024-10-03,20241003,2024-12-11,20241211,Won,36600.0,0.0792,33701.03,69.0,CRM,False
1367,OP-001367,17122,8,3,2024-02-18,20240218,,,Open,77500.0,0.1007,0.0,682.0,CRM,False
1368,OP-001368,17138,14,2,2025-02-02,20250202,2025-04-01,20250401,Won,34000.0,0.1099,30263.48,58.0,CRM,False
1369,OP-001369,17153,7,1,2024-11-14,20241114,2025-01-11,20250111,Won,12100.0,0.0727,11219.81,58.0,CRM,False
1370,OP-001370,17158,15,1,2025-12-10,20251210,2026-02-02,20260202,Lost,9900.0,0.0351,0.0,54.0,CRM,False
1371,OP-001371,17166,21,3,2024-04-24,20240424,2024-06-06,20240606,Lost,29600.0,0.0604,0.0,43.0,CRM,False
1372,OP-001372,17199,22,3,2024-05-07,20240507,2024-08-01,20240801,Won,63300.0,0.0646,59207.67,86.0,CRM,False
1373,OP-001373,17205,3,6,2024-10-06,20241006,2024-11-22,20241122,Won,16100.0,0.012,15907.07,47.0,CRM,False
1374,OP-001374,17240,18,6,2025-06-30,20250630,,,Open,48400.0,0.0502,0.0,184.0,CRM,False
1375,OP-001375,17243,4,3,2025-07-12,20250712,2025-07-22,20250722,Lost,18000.0,0.123,0.0,10.0,CRM,False
1376,OP-001376,17244,21,5,2025-10-24,20251024,2025-11-23,20251123,Won,22500.0,0.0862,20561.28,30.0,CRM,False
1377,OP-001377,17266,1,1,2025-12-11,20251211,2026-01-12,20260112,Lost,38700.0,0.1181,0.0,32.0,CRM,False
1378,OP-001378,17268,19,2,2025-03-07,20250307,2025-04-30,20250430,Lost,18900.0,0.041,0.0,54.0,CRM,False
1379,OP-001379,17275,4,3,2024-01-12,20240112,,,Open,99400.0,0.065,0.0,719.0,CRM,False
1380,OP-001380,17282,13,2,2024-02-18,20240218,2024-03-21,20240321,Won,6800.0,0.1178,5999.19,32.0,CRM,False
1381,OP-001381,17286,15,4,2025-02-10,20250210,,,Open,320000.0,0.0685,0.0,324.0,CRM,False
1382,OP-001382,17287,6,6,2024-09-25,20240925,2024-12-09,20241209,Lost,176900.0,0.0927,0.0,75.0,CRM,False
1383,OP-001383,17305,2,6,2024-10-19,20241019,2025-01-14,20250114,Lost,45500.0,0.04,0.0,353.0,CRM,True
1384,OP-001384,17332,2,2,2025-05-02,20250502,2025-06-19,20250619,Won,27600.0,0.0483,26267.3,48.0,CRM,False
1385,OP-001385,17365,23,4,2024-10-10,20241010,,,Open,231700.0,0.0823,0.0,447.0,CRM,False
1386,OP-001386,17371,3,6,2024-05-04,20240504,2024-07-27,20240727,Won,11500.0,0.1004,10345.87,84.0,CRM,False
1387,OP-001387,17389,1,1,2024-11-23,20241123,2025-01-03,20250103,Won,74600.0,0.0741,69069.56,41.0,CRM,False
1388,OP-001388,17390,11,1,2025-08-06,20250806,2025-10-13,20251013,Lost,49800.0,0.0,0.0,68.0,CRM,False
1389,OP-001389,17424,6,1,2026-01-19,20260119,2026-02-22,20260222,Lost,13400.0,0.0772,0.0,34.0,CRM,False
1390,OP-001390,17456,1,3,2025-09-29,20250929,2025-11-20,20251120,Lost,36500.0,0.1165,0.0,52.0,CRM,False
1391,OP-001391,17467,11,5,2024-03-03,20240303,2024-04-04,20240404,Lost,45400.0,0.0505,0.0,32.0,CRM,False
1392,OP-001392,17487,1,5,2025-08-19,20250819,2025-09-03,20250903,Won,87000.0,0.1211,76460.0,15.0,CRM,False
1393,OP-001393,17505,11,1,2024-05-05,20240505,2024-07-27,20240727,Won,28600.0,0.0491,27196.98,83.0,CRM,False
1394,OP-001394,17518,11,6,2024-11-19,20241119,,,Open,32200.0,0.0819,0.0,407.0,CRM,False
1395,OP-001395,17558,21,5,2026-01-10,20260110,2026-03-07,20260307,Lost,288300.0,0.1407,0.0,56.0,CRM,False
1396,OP-001396,17575,21,5,2025-11-20,20251120,2026-02-08,20260208,Won,108700.0,0.0918,98726.48,80.0,CRM,False
1397,OP-001397,17594,23,2,2025-09-27,20250927,2025-11-04,20251104,Won,41000.0,0.0247,39987.03,38.0,CRM,False
1398,OP-001398,17612,3,6,2025-03-02,20250302,2025-05-22,20250522,Lost,28400.0,0.126,0.0,81.0,CRM,False
1399,OP-001399,17615,22,4,2024-10-21,20241021,2025-01-15,20250115,Lost,89100.0,0.1022,0.0,86.0,CRM,False
1400,OP-001400,17621,1,3,2026-01-03,20260103,,,Open,30400.0,0.1055,0.0,-3.0,CRM,False
1401,OP-001401,17666,3,1,2024-08-29,20240829,,,Open,44100.0,0.0462,0.0,489.0,CRM,False
1402,OP-001402,17668,15,1,2025-06-16,20250616,2025-08-08,20250808,Lost,66500.0,0.1124,0.0,53.0,CRM,False
1403,OP-001403,17670,17,4,2024-06-18,20240618,2024-08-14,20240814,Won,31500.0,0.0516,29873.27,57.0,CRM,False
1404,OP-001404,17671,19,4,2024-09-27,20240927,2024-11-15,20241115,Lost,45700.0,0.1081,0.0,49.0,CRM,False
1405,OP-001405,17704,7,2,2025-02-18,20250218,2025-04-29,20250429,Lost,118400.0,0.0773,0.0,70.0,CRM,False
1406,OP-001406,17710,19,3,2024-02-07,20240207,2024-02-19,20240219,Won,79100.0,0.1379,68192.48,12.0,CRM,False
1407,OP-001407,17717,21,3,2025-05-16,20250516,2025-06-26,20250626,Lost,18400.0,0.04,0.0,41.0,CRM,False
1408,OP-001408,17733,22,4,2024-09-08,20240908,2024-11-20,20241120,Won,207400.0,0.0408,198931.43,73.0,CRM,False
1409,OP-001409,17740,8,5,2025-10-18,20251018,2026-01-03,20260103,Lost,165500.0,0.09,0.0,77.0,CRM,False
1410,OP-001410,17741,12,3,2024-11-22,20241122,2024-12-21,20241221,Lost,433000.0,0.1354,0.0,29.0,CRM,False
1411,OP-001411,17746,23,5,2024-02-27,20240227,,,Open,24500.0,0.0749,0.0,673.0,CRM,False
1412,OP-001412,17752,7,5,2024-06-12,20240612,2024-08-22,20240822,Lost,105300.0,0.0336,0.0,71.0,CRM,False
1413,OP-001413,17782,9,1,2025-03-06,20250306,2025-04-04,20250404,Won,45400.0,0.0867,41461.87,29.0,CRM,False
1414,OP-001414,17783,16,5,2025-06-27,20250627,2025-08-27,20250827,Lost,32000.0,0.094,0.0,61.0,CRM,False
1415,OP-001415,17798,11,6,2024-01-30,20240130,2024-03-13,20240313,Won,38700.0,0.1,34829.59,43.0,CRM,False
1416,OP-001416,17803,11,6,2025-12-17,20251217,,,Open,14600.0,0.1019,0.0,14.0,CRM,False
1417,OP-001417,17809,4,3,2025-10-23,20251023,2025-11-23,20251123,Lost,105400.0,0.0729,0.0,31.0,CRM,False
1418,OP-001418,17810,1,5,2024-04-07,20240407,2024-07-04,20240704,Won,33300.0,0.0733,30859.73,88.0,CRM,False
1419,OP-001419,17815,6,3,2025-08-07,20250807,2025-09-15,20250915,Lost,23000.0,0.2115,0.0,39.0,CRM,False
1420,OP-001420,17833,1,3,2025-04-02,20250402,2025-06-17,20250617,Won,17900.0,0.09,16288.62,76.0,CRM,False
1421,OP-001421,17847,20,2,2025-10-13,20251013,2025-12-26,20251226,Won,19800.0,0.054,18729.87,74.0,CRM,False
1422,OP-001422,17863,16,3,2025-04-24,20250424,2025-05-22,20250522,Lost,10500.0,0.0257,0.0,28.0,CRM,False
1423,OP-001423,17866,9,5,2025-05-07,20250507,,,Open,34600.0,0.0336,0.0,238.0,CRM,False
1424,OP-001424,17898,11,4,2024-08-30,20240830,2024-10-16,20241016,Won,31100.0,0.1669,25908.18,47.0,CRM,False
1425,OP-001425,17910,11,1,2025-09-29,20250929,,,Open,10400.0,0.0718,0.0,93.0,CRM,False
1426,OP-001426,17916,21,1,2025-08-11,20250811,2025-10-14,20251014,Lost,37200.0,0.0903,0.0,64.0,CRM,False
1427,OP-001427,17921,2,3,2025-09-05,20250905,2025-11-25,20251125,Won,8500.0,0.1338,7362.89,81.0,CRM,False
1428,OP-001428,17923,15,1,2024-11-24,20241124,2025-01-30,20250130,Won,17000.0,0.0179,16695.58,67.0,CRM,False
1429,OP-001429,17924,16,1,2024-02-29,20240229,2024-03-16,20240316,Lost,48200.0,0.1004,0.0,16.0,CRM,False
1430,OP-001430,17932,23,5,2025-10-10,20251010,2025-11-12,20251112,Lost,276700.0,0.1516,0.0,33.0,CRM,False
1431,OP-001431,17951,10,3,2025-04-04,20250404,2025-05-25,20250525,Won,303200.0,0.1574,255462.07,51.0,CRM,False
1432,OP-001432,17979,13,2,2024-04-28,20240428,2024-06-26,20240626,Lost,30400.0,0.0149,0.0,59.0,CRM,False
1433,OP-001433,17981,13,3,2025-12-02,20251202,2026-01-23,20260123,Won,24600.0,0.0785,22668.35,52.0,CRM,False
1434,OP-001434,17984,12,1,2024-04-09,20240409,2024-06-15,20240615,Lost,23800.0,0.0319,0.0,67.0,CRM,False
1435,OP-001435,17996,23,1,2025-05-28,20250528,2025-08-20,20250820,Lost,57700.0,0.0716,0.0,84.0,CRM,False
1436,OP-001436,17998,6,3,2025-10-17,20251017,2025-12-13,20251213,Won,51200.0,0.0704,47596.62,57.0,CRM,False
1437,OP-001437,18020,10,1,2024-07-24,20240724,2024-08-16,20240816,Lost,72700.0,0.079,0.0,23.0,CRM,False
1438,OP-001438,18029,11,1,2024-03-22,20240322,2024-04-27,20240427,Lost,18400.0,0.0804,0.0,36.0,CRM,False
1439,OP-001439,18035,20,2,2024-03-10,20240310,2024-05-08,20240508,Lost,147400.0,0.0,0.0,59.0,CRM,False
1440,OP-001440,18036,21,6,2025-12-11,20251211,2026-02-23,20260223,Won,66700.0,0.0997,60050.83,74.0,CRM,False
1441,OP-001441,18043,19,5,2025-08-12,20250812,2025-08-23,20250823,Won,14000.0,0.0786,12899.66,11.0,CRM,False
1442,OP-001442,18046,22,3,2024-01-21,20240121,2024-04-07,20240407,Won,72200.0,0.0516,68474.15,77.0,CRM,False
1443,OP-001443,18057,18,5,2024-10-17,20241017,2025-01-05,20250105,Lost,21200.0,0.0986,0.0,80.0,CRM,False
1444,OP-001444,18066,18,5,2024-04-27,20240427,,,Open,23100.0,0.103,0.0,613.0,CRM,False
1445,OP-001445,18067,2,6,2025-03-12,20250312,2025-04-21,20250421,Won,17200.0,0.032,16650.1,40.0,CRM,False
1446,OP-001446,18085,19,4,2025-07-31,20250731,2025-10-01,20251001,Lost,102400.0,0.101,0.0,62.0,CRM,False
1447,OP-001447,18093,22,4,2024-12-24,20241224,,,Open,47800.0,0.1148,0.0,372.0,CRM,False
1448,OP-001448,18113,10,6,2025-07-05,20250705,2025-07-22,20250722,Won,132700.0,0.0603,124699.06,17.0,CRM,False
1449,OP-001449,18119,13,1,2024-04-07,20240407,2024-05-17,20240517,Won,73700.0,0.0664,68805.43,40.0,CRM,False
1450,OP-001450,18126,22,3,2025-03-31,20250331,,,Open,65300.0,0.0427,0.0,275.0,CRM,False
1451,OP-001451,18161,19,3,2024-05-30,20240530,2024-06-29,20240629,Won,67500.0,0.1063,60323.83,30.0,CRM,False
1452,OP-001452,18162,11,5,2024-07-13,20240713,2024-08-10,20240810,Won,73600.0,0.0573,69385.05,28.0,CRM,False
1453,OP-001453,18223,11,6,2025-09-07,20250907,2025-09-25,20250925,Won,45400.0,0.0693,42253.42,18.0,CRM,False
1454,OP-001454,18248,17,3,2025-08-09,20250809,2025-08-31,20250831,Won,34500.0,0.1399,29674.62,22.0,CRM,False
1455,OP-001455,18259,6,4,2024-03-10,20240310,2024-05-27,20240527,Won,11200.0,0.1018,10059.76,78.0,CRM,False
1456,OP-001456,18266,9,1,2025-08-14,20250814,2025-11-09,20251109,Lost,42800.0,0.1069,0.0,87.0,CRM,False
1457,OP-001457,18302,6,4,2024-10-29,20241029,2024-11-19,20241119,Won,7500.0,0.0742,6943.25,21.0,CRM,False
1458,OP-001458,18308,11,4,2025-04-16,20250416,2025-05-01,20250501,Lost,53000.0,0.0836,0.0,15.0,CRM,False
1459,OP-001459,18318,11,2,2024-08-19,20240819,2024-10-04,20241004,Won,14500.0,0.1542,12263.84,46.0,CRM,False
1460,OP-001460,18323,6,4,2025-07-06,20250706,,,Open,18900.0,0.0567,0.0,178.0,CRM,False
1461,OP-001461,18330,3,4,2024-02-05,20240205,2024-02-20,20240220,Lost,21300.0,0.071,0.0,15.0,CRM,False
1462,OP-001462,18333,13,3,2024-05-16,20240516,2024-06-28,20240628,Lost,116800.0,0.0742,0.0,43.0,CRM,False
1463,OP-001463,18348,11,2,2025-05-15,20250515,2025-05-27,20250527,Won,25100.0,0.0016,25059.56,12.0,CRM,False
1464,OP-001464,18374,1,1,2025-05-16,20250516,2025-07-02,20250702,Lost,6500.0,0.0571,0.0,47.0,CRM,False
1465,OP-001465,18383,21,4,2024-03-15,20240315,,,Open,13900.0,0.0832,0.0,656.0,CRM,False
1466,OP-001466,18442,19,6,2025-10-13,20251013,,,Open,80100.0,0.0273,0.0,79.0,CRM,False
1467,OP-001467,18466,7,5,2025-03-29,20250329,2025-06-10,20250610,Lost,129000.0,0.0832,0.0,73.0,CRM,False
1468,OP-001468,18468,6,3,2025-03-03,20250303,2025-05-07,20250507,Won,35400.0,0.0922,32136.44,65.0,CRM,False
1469,OP-001469,18476,16,1,2025-11-12,20251112,2026-01-31,20260131,Won,7100.0,0.0573,6692.82,80.0,CRM,False
1470,OP-001470,18488,13,3,2025-02-03,20250203,2025-04-05,20250405,Won,47100.0,0.1398,40513.26,61.0,CRM,False
1471,OP-001471,18498,16,2,2024-05-05,20240505,2024-07-19,20240719,Won,93400.0,0.0929,84721.89,75.0,CRM,False
1472,OP-001472,18506,24,5,2024-08-13,20240813,2024-10-01,20241001,Won,38200.0,0.0943,34596.67,49.0,CRM,False
1473,OP-001473,18520,1,4,2025-11-07,20251107,2025-12-01,20251201,Won,10000.0,0.0561,9438.57,24.0,CRM,False
1474,OP-001474,18526,13,3,2024-06-04,20240604,2024-06-19,20240619,Won,6800.0,0.0178,6679.09,15.0,CRM,False
1475,OP-001475,18534,1,1,2024-11-02,20241102,2025-01-05,20250105,Lost,233400.0,0.0094,0.0,64.0,CRM,False
1476,OP-001476,18542,9,5,2024-05-19,20240519,2024-07-24,20240724,Won,7500.0,0.0736,6947.77,66.0,CRM,False
1477,OP-001477,18547,2,6,2025-03-21,20250321,2025-04-10,20250410,Won,41300.0,0.0361,39807.91,20.0,CRM,False
1478,OP-001478,18568,1,1,2025-01-24,20250124,,,Open,29500.0,0.0891,0.0,341.0,CRM,False
1479,OP-001479,18587,2,4,2024-05-25,20240525,2024-08-08,20240808,Lost,84400.0,0.0856,0.0,75.0,CRM,False
1480,OP-001480,18588,13,1,2024-06-17,20240617,2024-07-08,20240708,Won,98100.0,0.0829,89964.47,21.0,CRM,False
1481,OP-001481,18596,1,6,2024-09-07,20240907,2024-10-24,20241024,Won,19400.0,0.0154,19100.98,47.0,CRM,False
1482,OP-001482,18601,6,6,2024-06-29,20240629,2024-07-25,20240725,Won,47100.0,0.0852,43089.22,26.0,CRM,False
1483,OP-001483,18623,15,6,2025-09-05,20250905,2025-10-24,20251024,Lost,29900.0,0.1609,0.0,49.0,CRM,False
1484,OP-001484,18626,21,6,2024-11-03,20241103,2025-01-05,20250105,Won,143200.0,0.1438,122605.02,63.0,CRM,False
1485,OP-001485,18635,3,5,2025-02-20,20250220,2025-04-12,20250412,Lost,38200.0,0.0918,0.0,51.0,CRM,False
1486,OP-001486,18641,23,3,2025-04-06,20250406,2025-07-03,20250703,Lost,528300.0,0.1004,0.0,88.0,CRM,False
1487,OP-001487,18648,13,4,2024-10-16,20241016,2024-11-18,20241118,Won,11600.0,0.0592,10913.22,33.0,CRM,False
1488,OP-001488,18650,11,1,2024-10-14,20241014,2024-12-06,20241206,Lost,6900.0,0.0059,0.0,53.0,CRM,False
1489,OP-001489,18656,18,5,2024-02-26,20240226,2024-03-29,20240329,Won,51700.0,0.0746,47845.07,32.0,CRM,False
1490,OP-001490,18658,5,3,2024-08-20,20240820,2024-09-02,20240902,Won,46200.0,0.0516,43816.49,13.0,CRM,False
1491,OP-001491,18673,16,5,2024-12-08,20241208,2025-02-19,20250219,Lost,26200.0,0.0957,0.0,73.0,CRM,False
1492,OP-001492,18705,7,1,2024-01-29,20240129,2024-02-24,20240224,Won,21700.0,0.07,20181.38,26.0,CRM,False
1493,OP-001493,18707,1,5,2025-01-23,20250123,,,Open,58700.0,0.0298,0.0,342.0,CRM,False
1494,OP-001494,18714,21,2,2025-01-01,20250101,2025-01-17,20250117,Lost,57200.0,0.0492,0.0,16.0,CRM,False
1495,OP-001495,18721,16,1,2024-10-10,20241010,2024-12-17,20241217,Won,24200.0,0.0377,23286.79,68.0,CRM,False
1496,OP-001496,18723,12,3,2025-04-14,20250414,2025-05-09,20250509,Won,44400.0,0.0098,43966.35,25.0,CRM,False
1497,OP-001497,18766,18,2,2025-10-18,20251018,2025-10-29,20251029,Won,9000.0,0.1313,7818.25,11.0,CRM,False
1498,OP-001498,18786,3,1,2024-11-08,20241108,2025-01-22,20250122,Won,36100.0,0.1153,31937.2,75.0,CRM,False
1499,OP-001499,18800,3,1,2024-11-29,20241129,2025-01-07,20250107,Lost,364400.0,0.0088,0.0,39.0,CRM,False
1500,OP-001500,18809,13,3,2024-07-02,20240702,2024-09-01,20240901,Won,159300.0,0.0947,144212.59,61.0,CRM,False
1501,OP-001501,18821,17,1,2025-10-11,20251011,2025-11-13,20251113,Lost,804500.0,0.0589,0.0,33.0,CRM,False
1502,OP-001502,18832,16,5,2025-01-03,20250103,,,Open,7200.0,0.1034,0.0,362.0,CRM,False
1503,OP-001503,18840,18,2,2025-01-10,20250110,2025-01-29,20250129,Won,74100.0,0.1085,66057.77,19.0,CRM,False
1504,OP-001504,18843,11,1,2025-12-02,20251202,2026-01-25,20260125,Won,55900.0,0.1255,48884.72,54.0,CRM,False
1505,OP-001505,18846,21,4,2025-04-14,20250414,2025-05-19,20250519,Lost,56200.0,0.0278,0.0,35.0,CRM,False
1506,OP-001506,18893,23,3,2025-12-04,20251204,2026-01-03,20260103,Lost,9000.0,0.0,0.0,30.0,CRM,False
1507,OP-001507,18896,14,6,2025-06-08,20250608,2025-06-24,20250624,Lost,51600.0,0.2049,0.0,16.0,CRM,False
1508,OP-001508,18933,6,5,2025-04-07,20250407,2025-04-28,20250428,Lost,11500.0,0.1224,0.0,21.0,CRM,False
1509,OP-001509,18942,22,6,2025-07-15,20250715,2025-09-01,20250901,Won,44900.0,0.1178,39610.58,48.0,CRM,False
1510,OP-001510,18944,5,2,2024-06-23,20240623,2024-07-18,20240718,Lost,87200.0,0.0989,0.0,25.0,CRM,False
1511,OP-001511,18959,21,3,2024-08-07,20240807,2024-08-30,20240830,Won,19400.0,0.0434,18558.03,23.0,CRM,False
1512,OP-001512,18984,1,2,2025-04-13,20250413,2025-06-26,20250626,Lost,53200.0,0.0658,0.0,74.0,CRM,False
1513,OP-001513,18985,15,4,2025-09-15,20250915,2025-11-10,20251110,Won,14200.0,0.0566,13395.78,56.0,CRM,False
1514,OP-001514,18987,11,6,2024-03-21,20240321,2024-04-16,20240416,Won,267800.0,0.0283,260221.12,26.0,CRM,False
1515,OP-001515,19000,4,6,2025-04-07,20250407,2025-05-21,20250521,Won,38400.0,0.1027,34455.1,44.0,CRM,False
1516,OP-001516,19016,4,1,2024-03-30,20240330,2024-04-12,20240412,Lost,15400.0,0.0918,0.0,13.0,CRM,False
1517,OP-001517,19035,1,4,2025-06-10,20250610,2025-08-11,20250811,Lost,408300.0,0.0814,0.0,62.0,CRM,False
1518,OP-001518,19037,4,3,2025-07-09,20250709,2025-07-30,20250730,Lost,26100.0,0.1822,0.0,21.0,CRM,False
1519,OP-001519,19091,21,6,2024-12-29,20241229,2025-03-23,20250323,Lost,77200.0,0.0621,0.0,84.0,CRM,False
1520,OP-001520,19094,20,1,2025-12-08,20251208,2026-01-12,20260112,Lost,26800.0,0.0476,0.0,35.0,CRM,False
1521,OP-001521,19114,6,2,2025-10-30,20251030,,,Open,94400.0,0.1294,0.0,62.0,CRM,False
1522,OP-001522,19131,2,3,2025-12-13,20251213,2025-12-29,20251229,Lost,53600.0,0.137,0.0,16.0,CRM,False
1523,OP-001523,19135,13,5,2025-12-08,20251208,2026-01-23,20260123,Lost,15400.0,0.0359,0.0,46.0,CRM,False
1524,OP-001524,19136,8,2,2025-01-23,20250123,2025-02-19,20250219,Won,93200.0,0.0759,86122.15,27.0,CRM,False
1525,OP-001525,19157,2,2,2025-09-12,20250912,2025-11-09,20251109,Lost,166600.0,0.092,0.0,58.0,CRM,False
1526,OP-001526,19194,9,2,2025-07-23,20250723,2025-08-06,20250806,Lost,119500.0,0.116,0.0,14.0,CRM,False
1527,OP-001527,19208,11,3,2024-02-23,20240223,2024-04-26,20240426,Lost,14300.0,0.102,0.0,63.0,CRM,False
1528,OP-001528,19221,9,2,2024-11-23,20241123,2025-01-12,20250112,Won,109600.0,0.0786,100989.24,50.0,CRM,False
1529,OP-001529,19226,6,5,2024-08-29,20240829,2024-09-15,20240915,Won,26000.0,0.0438,24861.28,17.0,CRM,False
1530,OP-001530,19229,11,6,2025-05-14,20250514,2025-06-08,20250608,Lost,140900.0,0.0704,0.0,25.0,CRM,False
1531,OP-001531,19238,8,1,2024-09-19,20240919,2024-11-09,20241109,Lost,39600.0,0.1086,0.0,51.0,CRM,False
1532,OP-001532,19243,12,3,2025-04-24,20250424,2025-07-08,20250708,Won,12600.0,0.1075,11244.96,75.0,CRM,False
1533,OP-001533,19259,2,2,2024-06-17,20240617,2024-08-08,20240808,Lost,112800.0,0.0425,0.0,52.0,CRM,False
1534,OP-001534,19263,16,5,2025-05-24,20250524,2025-07-11,20250711,Won,16300.0,0.0703,15154.28,48.0,CRM,False
1535,OP-001535,19277,15,1,2024-11-11,20241111,2025-01-29,20250129,Won,536200.0,0.0116,529977.56,79.0,CRM,False
1536,OP-001536,19280,11,5,2024-08-28,20240828,2024-09-21,20240921,Won,124800.0,0.102,112065.67,24.0,CRM,False
1537,OP-001537,19311,11,3,2024-05-29,20240529,2024-07-11,20240711,Won,102800.0,0.1033,92177.16,43.0,CRM,False
1538,OP-001538,19327,14,1,2024-01-13,20240113,,,Open,84600.0,0.1053,0.0,718.0,CRM,False
1539,OP-001539,19332,16,3,2024-05-17,20240517,2024-07-23,20240723,Won,42100.0,0.1474,35894.51,67.0,CRM,False
1540,OP-001540,19339,6,2,2024-09-12,20240912,2024-10-26,20241026,Won,59200.0,0.0537,56023.05,44.0,CRM,False
1541,OP-001541,19363,17,6,2025-07-08,20250708,,,Open,7900.0,0.1673,0.0,176.0,CRM,False
1542,OP-001542,19372,11,6,2024-05-04,20240504,2024-05-17,20240517,Lost,249000.0,0.0394,0.0,13.0,CRM,False
1543,OP-001543,19374,17,3,2025-02-27,20250227,2025-05-17,20250517,Won,262900.0,0.1054,235193.97,79.0,CRM,False
1544,OP-001544,19383,21,2,2025-12-04,20251204,2025-12-14,20251214,Lost,91900.0,0.0998,0.0,10.0,CRM,False
1545,OP-001545,19420,16,1,2024-09-29,20240929,2024-11-12,20241112,Lost,26300.0,0.0879,0.0,44.0,CRM,False
1546,OP-001546,19439,19,1,2025-04-13,20250413,2025-04-26,20250426,Won,38700.0,0.1006,34806.85,13.0,CRM,False
1547,OP-001547,19455,1,2,2024-03-13,20240313,2024-05-16,20240516,Lost,22400.0,0.0924,0.0,64.0,CRM,False
1548,OP-001548,19477,6,5,2025-05-19,20250519,,,Open,10300.0,0.1412,0.0,226.0,CRM,False
1549,OP-001549,19483,24,3,2025-11-27,20251127,,,Open,19800.0,0.0479,0.0,34.0,CRM,False
1550,OP-001550,19486,12,1,2024-02-07,20240207,2024-03-22,20240322,Won,15800.0,0.1799,12957.3,44.0,CRM,False
1551,OP-001551,19487,4,1,2024-07-19,20240719,2024-08-24,20240824,Lost,23000.0,0.1091,0.0,36.0,CRM,False
1552,OP-001552,19490,21,5,2024-09-27,20240927,2024-11-06,20241106,Won,35500.0,0.0905,32289.01,40.0,CRM,False
1553,OP-001553,19502,18,3,2025-09-24,20250924,2025-10-22,20251022,Lost,83100.0,0.0649,0.0,28.0,CRM,False
1554,OP-001554,19515,6,5,2025-07-02,20250702,,,Open,241400.0,0.0676,0.0,182.0,CRM,False
1555,OP-001555,19519,24,6,2024-11-09,20241109,2025-01-01,20250101,Lost,17200.0,0.1504,0.0,53.0,CRM,False
1556,OP-001556,19521,7,5,2025-11-11,20251111,2026-01-11,20260111,Won,39200.0,0.0824,35971.49,61.0,CRM,False
1557,OP-001557,19528,22,3,2025-09-07,20250907,2025-11-01,20251101,Won,77100.0,0.0978,69557.85,191.0,CRM,True
1558,OP-001558,19536,8,6,2024-12-27,20241227,2025-02-26,20250226,Lost,187900.0,0.0604,0.0,61.0,CRM,False
1559,OP-001559,19538,13,3,2024-12-31,20241231,2025-01-25,20250125,Won,83400.0,0.0599,78407.55,25.0,CRM,False
1560,OP-001560,19569,21,4,2025-08-10,20250810,2025-09-25,20250925,Won,11800.0,0.1257,10316.36,46.0,CRM,False
1561,OP-001561,19578,7,5,2025-04-11,20250411,2025-04-29,20250429,Won,29600.0,0.0642,27699.83,18.0,CRM,False
1562,OP-001562,19581,2,5,2024-09-01,20240901,2024-09-14,20240914,Lost,48800.0,0.0918,0.0,13.0,CRM,False
1563,OP-001563,19604,1,2,2025-04-29,20250429,,,Open,309100.0,0.0708,0.0,246.0,CRM,False
1564,OP-001564,19644,18,2,2025-05-09,20250509,2025-06-19,20250619,Won,128800.0,0.1058,115167.51,41.0,CRM,False
1565,OP-001565,19646,1,2,2024-12-23,20241223,2025-01-08,20250108,Won,292900.0,0.0198,287086.22,16.0,CRM,False
1566,OP-001566,19655,5,3,2024-11-01,20241101,2024-12-15,20241215,Lost,143000.0,0.1337,0.0,44.0,CRM,False
1567,OP-001567,19672,1,3,2025-06-09,20250609,2025-08-17,20250817,Won,637900.0,0.0588,600381.44,69.0,CRM,False
1568,OP-001568,19674,12,1,2025-01-30,20250130,,,Open,45200.0,0.0521,0.0,335.0,CRM,False
1569,OP-001569,19689,10,4,2025-03-12,20250312,2025-05-17,20250517,Lost,194500.0,0.1301,0.0,66.0,CRM,False
1570,OP-001570,19711,7,6,2025-02-09,20250209,2025-03-09,20250309,Won,21200.0,0.1049,18975.66,28.0,CRM,False
1571,OP-001571,19718,11,4,2024-07-03,20240703,2024-08-07,20240807,Won,11100.0,0.0895,10106.92,35.0,CRM,False
1572,OP-001572,19722,16,3,2024-03-10,20240310,2024-05-07,20240507,Won,73500.0,0.0964,66417.77,58.0,CRM,False
1573,OP-001573,19742,11,4,2025-01-21,20250121,2025-03-08,20250308,Won,94600.0,0.0705,87933.83,46.0,CRM,False
1574,OP-001574,19752,4,3,2024-11-10,20241110,2025-01-05,20250105,Lost,13200.0,0.0743,0.0,56.0,CRM,False
1575,OP-001575,19777,16,4,2024-02-05,20240205,2024-04-11,20240411,Lost,364200.0,0.0292,0.0,66.0,CRM,False
1576,OP-001576,19812,16,2,2025-09-22,20250922,2025-10-23,20251023,Lost,17500.0,0.0596,0.0,31.0,CRM,False
1577,OP-001577,19835,12,3,2025-12-12,20251212,2025-12-27,20251227,Lost,407600.0,0.0689,0.0,15.0,CRM,False
1578,OP-001578,19868,11,4,2025-06-09,20250609,2025-08-05,20250805,Won,17200.0,0.0873,15699.03,57.0,CRM,False
1579,OP-001579,19873,11,5,2025-04-15,20250415,,,Open,30500.0,0.1245,0.0,260.0,CRM,False
1580,OP-001580,19882,21,5,2024-09-12,20240912,2024-11-04,20241104,Won,26300.0,0.0342,25399.59,53.0,CRM,False
1581,OP-001581,19891,14,1,2025-05-22,20250522,2025-07-02,20250702,Won,37500.0,0.0742,34716.17,41.0,CRM,False
1582,OP-001582,19907,21,4,2025-01-21,20250121,2025-04-15,20250415,Won,415600.0,0.0509,394427.67,84.0,CRM,False
1583,OP-001583,19948,13,3,2024-11-18,20241118,2024-12-20,20241220,Won,28000.0,0.0567,26411.0,32.0,CRM,False
1584,OP-001584,19950,23,3,2024-04-07,20240407,2024-05-02,20240502,Won,12300.0,0.1525,10424.37,25.0,CRM,False
1585,OP-001585,19961,7,4,2024-11-25,20241125,2025-01-12,20250112,Won,55200.0,0.0635,51694.44,48.0,CRM,False
1586,OP-001586,19963,21,3,2025-10-30,20251030,,,Open,112100.0,0.0033,0.0,62.0,CRM,False
1587,OP-001587,19979,10,5,2025-08-07,20250807,,,Open,93200.0,0.1009,0.0,146.0,CRM,False
1588,OP-001588,19991,8,2,2024-08-12,20240812,2024-10-25,20241025,Lost,208300.0,0.0633,0.0,74.0,CRM,False
1589,OP-001589,19998,18,5,2024-06-08,20240608,2024-08-29,20240829,Won,225200.0,0.0441,215265.78,82.0,CRM,False
1590,OP-001590,19999,10,3,2024-06-06,20240606,2024-07-06,20240706,Lost,18700.0,0.0494,0.0,30.0,CRM,False
1591,OP-001591,20009,12,1,2024-05-23,20240523,2024-06-08,20240608,Won,628400.0,0.111,558672.29,16.0,CRM,False
1592,OP-001592,20010,6,3,2024-04-09,20240409,2024-06-24,20240624,Won,71500.0,0.1286,62304.13,76.0,CRM,False
1593,OP-001593,20062,1,6,2024-10-27,20241027,,,Open,131900.0,0.1125,0.0,430.0,CRM,False
1594,OP-001594,20064,12,3,2025-12-23,20251223,2026-03-20,20260320,Won,20800.0,0.0662,19422.77,87.0,CRM,False
1595,OP-001595,20066,22,3,2024-12-24,20241224,2025-02-08,20250208,Won,42200.0,0.0499,40095.01,46.0,CRM,False
1596,OP-001596,20083,1,6,2025-03-25,20250325,,,Open,27600.0,0.116,0.0,281.0,CRM,False
1597,OP-001597,20087,22,5,2025-09-11,20250911,2025-11-03,20251103,Lost,24200.0,0.0045,0.0,53.0,CRM,False
1598,OP-001598,20133,5,3,2024-07-31,20240731,2024-09-28,20240928,Won,17500.0,0.1278,15263.17,59.0,CRM,False
1599,OP-001599,20153,22,1,2024-09-23,20240923,2024-12-03,20241203,Won,25900.0,0.0765,23917.43,71.0,CRM,False
1600,OP-001600,20179,7,6,2025-12-31,20251231,2026-02-12,20260212,Lost,62600.0,0.0,0.0,43.0,CRM,False
1601,OP-001601,20187,21,5,2025-06-28,20250628,2025-08-02,20250802,Won,20500.0,0.1153,18136.27,35.0,CRM,False
1602,OP-001602,20194,21,2,2024-06-22,20240622,2024-09-07,20240907,Won,100500.0,0.1389,86536.56,77.0,CRM,False
1603,OP-001603,20195,24,5,2025-01-22,20250122,2025-03-04,20250304,Lost,6600.0,0.1249,0.0,41.0,CRM,False
1604,OP-001604,20200,13,1,2025-09-22,20250922,2025-12-18,20251218,Won,29500.0,0.0544,27896.15,87.0,CRM,False
1605,OP-001605,20220,20,6,2025-03-27,20250327,2025-05-19,20250519,Lost,41800.0,0.0956,0.0,53.0,CRM,False
1606,OP-001606,20251,21,3,2025-03-10,20250310,2025-03-29,20250329,Won,202400.0,0.1537,171300.0,19.0,CRM,False
1607,OP-001607,20263,9,3,2024-12-11,20241211,2025-02-10,20250210,Won,131300.0,0.0275,127683.77,61.0,CRM,False
1608,OP-001608,20291,3,5,2025-04-29,20250429,2025-07-23,20250723,Lost,67700.0,0.0733,0.0,85.0,CRM,False
1609,OP-001609,20297,1,5,2024-03-01,20240301,2024-03-17,20240317,Lost,21800.0,0.0201,0.0,16.0,CRM,False
1610,OP-001610,20299,7,3,2025-09-19,20250919,2025-12-07,20251207,Won,17300.0,0.0978,15608.86,79.0,CRM,False
1611,OP-001611,20306,2,4,2025-07-13,20250713,2025-08-25,20250825,Won,25700.0,0.0,25700.0,43.0,CRM,False
1612,OP-001612,20324,18,1,2024-07-28,20240728,2024-09-10,20240910,Lost,56800.0,0.0397,0.0,44.0,CRM,False
1613,OP-001613,20341,16,2,2025-05-26,20250526,2025-08-03,20250803,Lost,68800.0,0.1576,0.0,69.0,CRM,False
1614,OP-001614,20356,9,2,2024-05-07,20240507,,,Open,16400.0,0.1077,0.0,603.0,CRM,False
1615,OP-001615,20358,17,3,2025-10-12,20251012,2026-01-08,20260108,Won,88800.0,0.1477,75683.72,88.0,CRM,False
1616,OP-001616,20420,14,1,2025-07-26,20250726,2025-09-19,20250919,Won,232300.0,0.0404,222919.51,55.0,CRM,False
1617,OP-001617,20421,4,6,2025-05-22,20250522,,,Open,26200.0,0.1086,0.0,223.0,CRM,False
1618,OP-001618,20428,13,3,2024-06-04,20240604,2024-06-25,20240625,Won,12100.0,0.0912,10996.32,21.0,CRM,False
1619,OP-001619,20453,15,3,2024-08-22,20240822,2024-09-12,20240912,Won,24600.0,0.1741,20317.31,21.0,CRM,False
1620,OP-001620,20476,16,5,2025-11-05,20251105,2026-01-14,20260114,Lost,100900.0,0.1312,0.0,70.0,CRM,False
1621,OP-001621,20537,5,1,2025-12-14,20251214,2026-01-11,20260111,Won,10900.0,0.0575,10273.67,28.0,CRM,False
1622,OP-001622,20546,13,2,2024-07-26,20240726,2024-09-16,20240916,Lost,25500.0,0.057,0.0,52.0,CRM,False
1623,OP-001623,20547,11,2,2024-07-05,20240705,2024-08-05,20240805,Won,60000.0,0.1188,52874.54,31.0,CRM,False
1624,OP-001624,20552,23,2,2024-05-09,20240509,2024-08-02,20240802,Lost,316100.0,0.1109,0.0,85.0,CRM,False
1625,OP-001625,20593,16,2,2024-02-09,20240209,2024-03-30,20240330,Won,39900.0,0.033,38581.6,50.0,CRM,False
1626,OP-001626,20602,1,5,2025-11-13,20251113,2025-11-26,20251126,Won,49900.0,0.0637,46719.33,13.0,CRM,False
1627,OP-001627,20613,22,4,2024-12-16,20241216,2025-01-23,20250123,Lost,95100.0,0.0629,0.0,38.0,CRM,False
1628,OP-001628,20623,12,6,2025-09-12,20250912,2025-11-01,20251101,Lost,44800.0,0.0255,0.0,50.0,CRM,False
1629,OP-001629,20626,7,1,2024-05-26,20240526,2024-07-31,20240731,Won,105400.0,0.0448,100678.87,66.0,CRM,False
1630,OP-001630,20632,16,3,2024-08-04,20240804,2024-09-13,20240913,Won,59700.0,0.1553,50430.75,40.0,CRM,False
1631,OP-001631,20637,16,4,2025-10-01,20251001,2025-11-01,20251101,Won,17500.0,0.0289,16993.55,31.0,CRM,False
1632,OP-001632,20643,1,5,2025-07-16,20250716,2025-09-11,20250911,Won,949700.0,0.0619,890916.41,57.0,CRM,False
1633,OP-001633,20645,1,3,2024-03-04,20240304,2024-05-09,20240509,Won,67900.0,0.1576,57198.87,66.0,CRM,False
1634,OP-001634,20659,1,6,2025-10-16,20251016,2026-01-04,20260104,Won,54500.0,0.0413,52246.96,80.0,CRM,False
1635,OP-001635,20670,16,1,2024-12-06,20241206,2025-02-05,20250205,Won,417800.0,0.0737,387002.52,61.0,CRM,False
1636,OP-001636,20689,23,3,2025-09-03,20250903,2025-10-22,20251022,Lost,45400.0,0.06,0.0,49.0,CRM,False
1637,OP-001637,20699,14,6,2025-07-17,20250717,2025-10-04,20251004,Won,30900.0,0.1342,26754.75,79.0,CRM,False
1638,OP-001638,20722,6,1,2025-02-26,20250226,,,Open,57200.0,0.0,0.0,308.0,CRM,False
1639,OP-001639,20725,1,3,2024-03-27,20240327,2024-05-24,20240524,Lost,34300.0,0.0815,0.0,58.0,CRM,False
1640,OP-001640,20747,19,4,2026-01-12,20260112,2026-03-08,20260308,Lost,165800.0,0.0084,0.0,55.0,CRM,False
1641,OP-001641,20794,6,5,2025-01-01,20250101,2025-02-17,20250217,Lost,8200.0,0.0149,0.0,47.0,CRM,False
1642,OP-001642,20824,15,3,2025-12-01,20251201,2026-01-17,20260117,Lost,526600.0,0.0627,0.0,47.0,CRM,False
1643,OP-001643,20853,19,4,2025-07-13,20250713,2025-09-11,20250911,Won,23200.0,0.1035,20797.76,60.0,CRM,False
1644,OP-001644,20897,16,3,2025-02-21,20250221,2025-05-08,20250508,Won,151600.0,0.109,135076.25,76.0,CRM,False
1645,OP-001645,20905,16,2,2024-12-23,20241223,,,Open,138400.0,0.039,0.0,373.0,CRM,False
1646,OP-001646,20920,11,6,2025-04-01,20250401,2025-04-21,20250421,Won,246600.0,0.0824,226290.41,20.0,CRM,False
1647,OP-001647,20958,2,1,2024-02-20,20240220,2024-04-01,20240401,Lost,9400.0,0.1134,0.0,41.0,CRM,False
1648,OP-001648,20959,23,4,2024-09-03,20240903,2024-11-15,20241115,Won,38100.0,0.0455,36368.2,73.0,CRM,False
1649,OP-001649,20966,6,1,2025-03-17,20250317,2025-04-04,20250404,Lost,14400.0,0.0893,0.0,18.0,CRM,False
1650,OP-001650,20967,20,1,2024-07-13,20240713,2024-07-27,20240727,Won,39700.0,0.0514,37658.34,14.0,CRM,False
1651,OP-001651,20995,20,2,2024-07-27,20240727,,,Open,54600.0,0.091,0.0,522.0,CRM,False
1652,OP-001652,21004,24,1,2025-07-29,20250729,2025-09-26,20250926,Lost,12500.0,0.1192,0.0,59.0,CRM,False
1653,OP-001653,21031,17,6,2025-08-22,20250822,,,Open,101400.0,0.1158,0.0,131.0,CRM,False
1654,OP-001654,21038,21,4,2025-09-27,20250927,2025-11-20,20251120,Won,70800.0,0.163,59257.21,54.0,CRM,False
1655,OP-001655,21050,1,2,2025-10-03,20251003,2025-12-04,20251204,Won,70800.0,0.1117,62894.68,62.0,CRM,False
1656,OP-001656,21054,1,3,2025-06-30,20250630,2025-09-23,20250923,Won,713500.0,0.0486,678851.04,85.0,CRM,False
1657,OP-001657,21055,11,1,2025-05-02,20250502,2025-07-25,20250725,Won,49000.0,0.0455,46772.64,84.0,CRM,False
1658,OP-001658,21077,18,5,2025-11-21,20251121,2026-02-15,20260215,Won,16400.0,0.0853,15000.84,86.0,CRM,False
1659,OP-001659,21081,3,3,2025-05-04,20250504,2025-05-17,20250517,Lost,41100.0,0.0,0.0,13.0,CRM,False
1660,OP-001660,21083,6,6,2025-01-23,20250123,2025-02-17,20250217,Won,780000.0,0.0804,717266.64,25.0,CRM,False
1661,OP-001661,21102,1,2,2025-09-24,20250924,2025-11-19,20251119,Lost,12300.0,0.0277,0.0,56.0,CRM,False
1662,OP-001662,21106,21,1,2025-12-04,20251204,,,Open,21400.0,0.1397,0.0,27.0,CRM,False
1663,OP-001663,21109,8,1,2025-10-24,20251024,2025-12-04,20251204,Lost,40600.0,0.0601,0.0,41.0,CRM,False
1664,OP-001664,21110,16,5,2025-06-19,20250619,2025-07-01,20250701,Won,211300.0,0.1233,185253.98,12.0,CRM,False
1665,OP-001665,21125,18,1,2024-05-05,20240505,2024-05-29,20240529,Lost,33400.0,0.0,0.0,24.0,CRM,False
1666,OP-001666,21129,23,1,2025-06-03,20250603,2025-07-09,20250709,Won,23500.0,0.0548,22211.58,36.0,CRM,False
1667,OP-001667,21138,11,6,2025-02-25,20250225,,,Open,255000.0,0.0552,0.0,309.0,CRM,False
1668,OP-001668,21162,16,3,2025-10-31,20251031,2025-12-13,20251213,Won,32900.0,0.1192,28977.38,43.0,CRM,False
1669,OP-001669,21169,19,2,2025-05-18,20250518,2025-08-07,20250807,Lost,238400.0,0.0635,0.0,81.0,CRM,False
1670,OP-001670,21189,21,5,2025-03-11,20250311,2025-04-14,20250414,Lost,72100.0,0.0,0.0,34.0,CRM,False
1671,OP-001671,21192,19,2,2024-02-16,20240216,,,Open,392100.0,0.0461,0.0,684.0,CRM,False
1672,OP-001672,21212,16,6,2025-08-23,20250823,2025-09-27,20250927,Won,21200.0,0.0,21200.0,35.0,CRM,False
1673,OP-001673,21219,9,1,2024-09-28,20240928,2024-12-24,20241224,Won,27100.0,0.0408,25995.53,87.0,CRM,False
1674,OP-001674,21233,9,3,2025-12-01,20251201,,,Open,169400.0,0.0853,0.0,30.0,CRM,False
1675,OP-001675,21236,21,1,2024-06-17,20240617,2024-08-11,20240811,Won,11700.0,0.0616,10979.68,55.0,CRM,False
1676,OP-001676,21237,1,1,2025-07-02,20250702,2025-08-30,20250830,Lost,249800.0,0.1057,0.0,59.0,CRM,False
1677,OP-001677,21243,6,4,2024-12-26,20241226,2025-01-09,20250109,Won,51200.0,0.1174,45186.7,14.0,CRM,False
1678,OP-001678,21248,23,5,2024-12-05,20241205,2024-12-31,20241231,Won,16500.0,0.0338,15941.86,26.0,CRM,False
1679,OP-001679,21256,17,4,2024-06-12,20240612,2024-08-21,20240821,Won,20100.0,0.0745,18603.41,70.0,CRM,False
1680,OP-001680,21262,19,2,2025-05-01,20250501,2025-06-20,20250620,Won,98200.0,0.0732,91008.59,50.0,CRM,False
1681,OP-001681,21289,18,3,2024-10-26,20241026,2024-11-07,20241107,Lost,30000.0,0.0992,0.0,12.0,CRM,False
1682,OP-001682,21311,8,2,2025-04-01,20250401,,,Open,272200.0,0.0473,0.0,274.0,CRM,False
1683,OP-001683,21332,6,3,2025-06-18,20250618,2025-07-17,20250717,Lost,428700.0,0.0681,0.0,29.0,CRM,False
1684,OP-001684,21356,11,6,2024-04-21,20240421,2024-05-15,20240515,Lost,40900.0,0.0107,0.0,24.0,CRM,False
1685,OP-001685,21369,17,1,2025-05-29,20250529,2025-06-10,20250610,Won,57400.0,0.1035,51461.96,12.0,CRM,False
1686,OP-001686,21371,3,3,2024-11-29,20241129,,,Open,14900.0,0.0655,0.0,397.0,CRM,False
1687,OP-001687,21377,4,2,2024-11-21,20241121,,,Open,60400.0,0.0885,0.0,405.0,CRM,False
1688,OP-001688,21383,13,2,2024-12-28,20241228,2025-02-24,20250224,Won,28300.0,0.1147,25055.24,58.0,CRM,False
1689,OP-001689,21384,20,3,2024-02-10,20240210,2024-03-24,20240324,Won,29300.0,0.0329,28336.96,43.0,CRM,False
1690,OP-001690,21407,22,4,2025-11-02,20251102,2025-11-28,20251128,Won,20600.0,0.1258,18009.3,26.0,CRM,False
1691,OP-001691,21439,18,1,2025-09-17,20250917,2025-11-05,20251105,Lost,65600.0,0.0216,0.0,49.0,CRM,False
1692,OP-001692,21441,21,5,2024-12-17,20241217,2025-01-09,20250109,Won,112000.0,0.119,98676.05,23.0,CRM,False
1693,OP-001693,21458,1,4,2024-11-18,20241118,2024-12-28,20241228,Won,21100.0,0.0,21100.0,40.0,CRM,False
1694,OP-001694,21469,11,3,2024-08-11,20240811,2024-11-07,20241107,Lost,11900.0,0.0471,0.0,88.0,CRM,False
1695,OP-001695,21481,18,5,2025-06-15,20250615,2025-08-17,20250817,Won,21500.0,0.1125,19080.81,63.0,CRM,False
1696,OP-001696,21496,1,4,2024-08-17,20240817,2024-10-12,20241012,Won,14600.0,0.0677,13611.38,56.0,CRM,False
1697,OP-001697,21517,2,1,2024-09-14,20240914,2024-11-13,20241113,Won,28300.0,0.1368,24427.52,60.0,CRM,False
1698,OP-001698,21520,2,6,2025-04-16,20250416,2025-06-29,20250629,Won,28600.0,0.1229,25084.16,74.0,CRM,False
1699,OP-001699,21541,16,4,2025-04-25,20250425,2025-07-20,20250720,Won,5400.0,0.1164,4771.42,86.0,CRM,False
1700,OP-001700,21569,6,2,2024-05-03,20240503,2024-07-31,20240731,Won,10200.0,0.0704,9482.13,89.0,CRM,False
1701,OP-001701,21597,11,6,2025-12-13,20251213,2026-02-10,20260210,Lost,16700.0,0.0503,0.0,59.0,CRM,False
1702,OP-001702,21611,9,1,2024-01-17,20240117,2024-03-30,20240330,Lost,75000.0,0.0793,0.0,73.0,CRM,False
1703,OP-001703,21615,8,4,2025-07-08,20250708,2025-09-15,20250915,Won,185100.0,0.0828,169768.09,69.0,CRM,False
1704,OP-001704,21633,16,4,2025-01-06,20250106,,,Open,129600.0,0.0342,0.0,359.0,CRM,False
1705,OP-001705,21647,9,5,2024-07-13,20240713,2024-10-08,20241008,Lost,49300.0,0.0596,0.0,87.0,CRM,False
1706,OP-001706,21653,7,3,2025-11-22,20251122,2026-02-18,20260218,Lost,33500.0,0.1217,0.0,88.0,CRM,False
1707,OP-001707,21659,6,5,2025-04-19,20250419,2025-05-29,20250529,Lost,421600.0,0.0978,0.0,40.0,CRM,False
1708,OP-001708,21668,11,5,2024-08-15,20240815,2024-10-19,20241019,Won,10600.0,0.206,8416.0,65.0,CRM,False
1709,OP-001709,21682,6,1,2024-09-20,20240920,2024-10-23,20241023,Lost,15000.0,0.0112,0.0,33.0,CRM,False
1710,OP-001710,21692,13,4,2025-05-23,20250523,2025-07-21,20250721,Won,18900.0,0.0207,18509.24,59.0,CRM,False
1711,OP-001711,21697,21,4,2024-05-24,20240524,2024-07-09,20240709,Won,64300.0,0.1226,56414.74,46.0,CRM,False
1712,OP-001712,21711,6,6,2025-11-06,20251106,2025-11-24,20251124,Won,318000.0,0.1082,283603.55,18.0,CRM,False
1713,OP-001713,21715,10,2,2025-12-29,20251229,2026-01-23,20260123,Won,10700.0,0.1066,9559.84,25.0,CRM,False
1714,OP-001714,21720,12,3,2025-03-20,20250320,2025-04-30,20250430,Won,25000.0,0.0598,23503.95,41.0,CRM,False
1715,OP-001715,21727,16,6,2025-12-04,20251204,2026-02-06,20260206,Won,31100.0,0.1139,27557.41,64.0,CRM,False
1716,OP-001716,21763,14,1,2024-12-08,20241208,2025-02-20,20250220,Won,9000.0,0.0471,8576.2,74.0,CRM,False
1717,OP-001717,21771,16,2,2025-02-23,20250223,2025-05-14,20250514,Won,38100.0,0.1233,33402.11,80.0,CRM,False
1718,OP-001718,21785,21,5,2024-02-03,20240203,2024-04-10,20240410,Won,46900.0,0.1061,41922.65,67.0,CRM,False
1719,OP-001719,21786,23,5,2025-01-16,20250116,2025-02-25,20250225,Won,19100.0,0.0,19100.0,40.0,CRM,False
1720,OP-001720,21793,4,1,2025-08-21,20250821,2025-09-11,20250911,Won,17800.0,0.1179,15701.88,21.0,CRM,False
1721,OP-001721,21795,24,4,2025-10-09,20251009,2025-12-23,20251223,Won,63800.0,0.0655,59620.4,75.0,CRM,False
1722,OP-001722,21810,4,2,2024-08-20,20240820,,,Open,26500.0,0.0032,0.0,498.0,CRM,False
1723,OP-001723,21814,18,2,2025-07-26,20250726,2025-10-16,20251016,Won,6900.0,0.0,6900.0,82.0,CRM,False
1724,OP-001724,21819,19,5,2024-04-14,20240414,2024-06-18,20240618,Lost,13900.0,0.1378,0.0,65.0,CRM,False
1725,OP-001725,21822,21,1,2025-12-23,20251223,2026-02-19,20260219,Lost,35200.0,0.0428,0.0,58.0,CRM,False
1726,OP-001726,21823,6,3,2025-03-26,20250326,2025-04-05,20250405,Won,305400.0,0.0,305400.0,10.0,CRM,False
1727,OP-001727,21833,17,3,2025-09-03,20250903,2025-10-20,20251020,Won,31300.0,0.0,31300.0,47.0,CRM,False
1728,OP-001728,21836,12,1,2025-12-03,20251203,2025-12-21,20251221,Won,54400.0,0.0587,51205.12,18.0,CRM,False
1729,OP-001729,21856,6,5,2024-05-15,20240515,2024-08-04,20240804,Won,108900.0,0.1254,95247.11,81.0,CRM,False
1730,OP-001730,21885,13,4,2024-07-21,20240721,2024-10-01,20241001,Lost,54100.0,0.0808,0.0,72.0,CRM,False
1731,OP-001731,21892,7,3,2025-12-03,20251203,2026-02-05,20260205,Won,128100.0,0.058,120671.83,64.0,CRM,False
1732,OP-001732,21907,1,3,2024-03-18,20240318,2024-04-13,20240413,Won,314000.0,0.13,273176.41,26.0,CRM,False
1733,OP-001733,21930,21,5,2026-01-17,20260117,2026-02-24,20260224,Lost,62800.0,0.1225,0.0,38.0,CRM,False
1734,OP-001734,21937,1,1,2025-01-21,20250121,2025-04-10,20250410,Lost,23500.0,0.0943,0.0,79.0,CRM,False
1735,OP-001735,21951,16,1,2024-07-04,20240704,2024-09-05,20240905,Won,111000.0,0.0974,100185.0,63.0,CRM,False
1736,OP-001736,22001,17,3,2024-04-14,20240414,2024-06-02,20240602,Won,326100.0,0.0404,312920.58,49.0,CRM,False
1737,OP-001737,22013,16,6,2024-06-23,20240623,2024-08-03,20240803,Lost,15700.0,0.0478,0.0,41.0,CRM,False
1738,OP-001738,22023,14,4,2025-03-02,20250302,2025-05-24,20250524,Won,41900.0,0.1072,37407.98,83.0,CRM,False
1739,OP-001739,22082,24,2,2025-03-18,20250318,2025-03-31,20250331,Lost,504100.0,0.0152,0.0,13.0,CRM,False
1740,OP-001740,22109,1,1,2024-08-31,20240831,2024-10-18,20241018,Won,101800.0,0.1541,86113.86,48.0,CRM,False
1741,OP-001741,22120,17,1,2024-04-25,20240425,2024-06-01,20240601,Won,221100.0,0.0455,211044.04,37.0,CRM,False
1742,OP-001742,22140,1,3,2024-10-13,20241013,2024-12-06,20241206,Won,181700.0,0.1183,160203.32,54.0,CRM,False
1743,OP-001743,22153,16,5,2025-04-19,20250419,2025-07-04,20250704,Won,14600.0,0.1041,13080.22,76.0,CRM,False
1744,OP-001744,22157,5,2,2024-04-30,20240430,2024-06-16,20240616,Lost,31000.0,0.0695,0.0,47.0,CRM,False
1745,OP-001745,22162,23,3,2025-05-18,20250518,,,Open,18400.0,0.0968,0.0,227.0,CRM,False
1746,OP-001746,22168,1,2,2024-03-19,20240319,2024-04-10,20240410,Won,52300.0,0.1478,44572.21,22.0,CRM,False
1747,OP-001747,22173,1,6,2025-01-24,20250124,2025-04-06,20250406,Won,108100.0,0.0977,97542.88,72.0,CRM,False
1748,OP-001748,22187,22,1,2024-08-07,20240807,2024-09-03,20240903,Won,178700.0,0.1164,157905.95,27.0,CRM,False
1749,OP-001749,22195,23,3,2024-05-09,20240509,2024-07-09,20240709,Won,18700.0,0.0749,17300.23,61.0,CRM,False
1750,OP-001750,22204,19,5,2024-07-15,20240715,2024-08-12,20240812,Won,131200.0,0.0616,123122.28,28.0,CRM,False
1751,OP-001751,22222,4,1,2024-09-05,20240905,2024-09-21,20240921,Won,136300.0,0.1128,120929.98,16.0,CRM,False
1752,OP-001752,22245,6,4,2025-09-24,20250924,2025-11-26,20251126,Won,23900.0,0.0724,22168.65,63.0,CRM,False
1753,OP-001753,22269,7,3,2026-01-09,20260109,2026-03-21,20260321,Won,27300.0,0.0771,25194.04,71.0,CRM,False
1754,OP-001754,22282,21,6,2024-11-13,20241113,2024-12-24,20241224,Lost,10600.0,0.0775,0.0,41.0,CRM,False
1755,OP-001755,22295,3,1,2024-03-09,20240309,2024-05-10,20240510,Lost,6700.0,0.0278,0.0,62.0,CRM,False
1756,OP-001756,22308,11,2,2025-02-06,20250206,2025-03-27,20250327,Lost,61200.0,0.1308,0.0,49.0,CRM,False
1757,OP-001757,22332,21,3,2025-02-28,20250228,2025-03-17,20250317,Lost,23200.0,0.0782,0.0,17.0,CRM,False
1758,OP-001758,22341,12,4,2024-07-12,20240712,2024-08-30,20240830,Won,178000.0,0.1487,151531.03,49.0,CRM,False
1759,OP-001759,22374,13,2,2024-04-11,20240411,,,Open,12300.0,0.0642,0.0,629.0,CRM,False
1760,OP-001760,22377,21,1,2024-01-14,20240114,2024-02-12,20240212,Lost,168000.0,0.0662,0.0,29.0,CRM,False
1761,OP-001761,22384,9,2,2024-12-01,20241201,2024-12-21,20241221,Lost,54100.0,0.098,0.0,20.0,CRM,False
1762,OP-001762,22386,3,6,2025-03-05,20250305,2025-04-14,20250414,Won,27600.0,0.1054,24689.65,40.0,CRM,False
1763,OP-001763,22398,1,3,2024-05-20,20240520,2024-08-15,20240815,Won,34300.0,0.1006,30848.89,87.0,CRM,False
1764,OP-001764,22410,9,3,2024-09-23,20240923,2024-12-21,20241221,Won,29600.0,0.1182,26100.55,89.0,CRM,False
1765,OP-001765,22435,7,3,2024-07-21,20240721,2024-10-15,20241015,Lost,16600.0,0.0261,0.0,86.0,CRM,False
1766,OP-001766,22441,12,5,2024-09-26,20240926,,,Open,7800.0,0.0606,0.0,461.0,CRM,False
1767,OP-001767,22450,8,6,2025-06-22,20250622,,,Open,392300.0,0.0252,0.0,192.0,CRM,False
1768,OP-001768,22452,20,5,2025-06-21,20250621,,,Open,30400.0,0.1954,0.0,193.0,CRM,False
1769,OP-001769,22460,16,2,2025-09-24,20250924,2025-10-16,20251016,Lost,85600.0,0.0502,0.0,22.0,CRM,False
1770,OP-001770,22464,10,2,2024-12-03,20241203,2025-02-17,20250217,Lost,106200.0,0.0588,0.0,76.0,CRM,False
1771,OP-001771,22466,11,3,2024-04-27,20240427,2024-05-07,20240507,Lost,27700.0,0.1349,0.0,10.0,CRM,False
1772,OP-001772,22473,10,2,2025-08-25,20250825,2025-09-04,20250904,Lost,502400.0,0.0957,0.0,10.0,CRM,False
1773,OP-001773,22486,21,6,2025-02-14,20250214,,,Open,64800.0,0.0497,0.0,320.0,CRM,False
1774,OP-001774,22517,18,2,2024-06-04,20240604,2024-06-19,20240619,Won,360300.0,0.0521,341536.02,15.0,CRM,False
1775,OP-001775,22538,21,5,2025-04-19,20250419,2025-05-30,20250530,Won,114900.0,0.1792,94304.59,41.0,CRM,False
1776,OP-001776,22554,17,3,2025-02-12,20250212,2025-04-11,20250411,Won,4300.0,0.1268,3754.63,58.0,CRM,False
1777,OP-001777,22556,6,2,2024-02-16,20240216,2024-05-01,20240501,Won,97800.0,0.0362,94255.32,75.0,CRM,False
1778,OP-001778,22557,1,3,2024-01-15,20240115,2024-04-11,20240411,Won,104700.0,0.064,98001.48,87.0,CRM,False
1779,OP-001779,22567,20,2,2024-09-01,20240901,2024-11-21,20241121,Won,5700.0,0.116,5038.54,81.0,CRM,False
1780,OP-001780,22578,7,4,2025-06-14,20250614,2025-09-09,20250909,Won,16600.0,0.0558,15673.56,87.0,CRM,False
1781,OP-001781,22581,16,3,2025-05-24,20250524,2025-08-09,20250809,Won,21900.0,0.0266,21317.48,77.0,CRM,False
1782,OP-001782,22596,11,6,2025-07-11,20250711,2025-09-18,20250918,Won,69400.0,0.1095,61799.63,69.0,CRM,False
1783,OP-001783,22610,21,3,2024-06-29,20240629,,,Open,33800.0,0.0968,0.0,550.0,CRM,False
1784,OP-001784,22611,13,5,2025-11-17,20251117,2026-01-16,20260116,Lost,119800.0,0.0617,0.0,60.0,CRM,False
1785,OP-001785,22619,1,5,2024-06-04,20240604,,,Open,10400.0,0.1349,0.0,575.0,CRM,False
1786,OP-001786,22637,10,4,2024-12-03,20241203,2024-12-23,20241223,Won,56300.0,0.0267,54798.0,20.0,CRM,False
1787,OP-001787,22655,11,1,2025-10-05,20251005,2025-10-21,20251021,Won,13600.0,0.0841,12456.79,16.0,CRM,False
1788,OP-001788,22657,11,3,2025-06-19,20250619,,,Open,12600.0,0.0442,0.0,195.0,CRM,False
1789,OP-001789,22678,16,1,2025-01-24,20250124,2025-02-04,20250204,Won,14900.0,0.0413,14283.97,11.0,CRM,False
1790,OP-001790,22695,13,3,2025-10-28,20251028,2026-01-20,20260120,Won,9000.0,0.0991,8107.96,84.0,CRM,False
1791,OP-001791,22699,11,4,2025-10-09,20251009,2025-12-11,20251211,Won,18400.0,0.1375,15870.1,63.0,CRM,False
1792,OP-001792,22711,12,5,2024-04-22,20240422,2024-05-06,20240506,Won,8600.0,0.0112,8503.36,14.0,CRM,False
1793,OP-001793,22730,20,6,2025-07-19,20250719,2025-09-17,20250917,Lost,107400.0,0.0479,0.0,60.0,CRM,False
1794,OP-001794,22732,3,2,2024-07-16,20240716,2024-09-28,20240928,Won,40200.0,0.0962,36331.72,74.0,CRM,False
1795,OP-001795,22754,13,5,2024-12-24,20241224,2025-02-05,20250205,Won,15400.0,0.0315,14914.51,43.0,CRM,False
1796,OP-001796,22765,3,1,2025-11-13,20251113,2026-02-04,20260204,Won,66900.0,0.0624,62725.45,83.0,CRM,False
1797,OP-001797,22785,20,5,2024-11-15,20241115,2025-01-01,20250101,Lost,66800.0,0.0873,0.0,47.0,CRM,False
1798,OP-001798,22787,14,5,2025-08-15,20250815,2025-10-01,20251001,Lost,74800.0,0.0815,0.0,47.0,CRM,False
1799,OP-001799,22788,3,3,2025-09-28,20250928,2025-10-22,20251022,Won,18700.0,0.0863,17085.62,24.0,CRM,False
1800,OP-001800,22802,7,4,2024-07-30,20240730,2024-08-19,20240819,Won,21900.0,0.0942,19837.23,20.0,CRM,False
1801,OP-001801,22838,19,3,2024-12-21,20241221,2025-03-13,20250313,Won,140400.0,0.0615,131758.55,82.0,CRM,False
1802,OP-001802,22860,6,4,2024-04-26,20240426,2024-06-24,20240624,Won,11300.0,0.0653,10562.15,59.0,CRM,False
1803,OP-001803,22862,1,3,2024-10-04,20241004,2024-10-24,20241024,Lost,16400.0,0.0797,0.0,20.0,CRM,False
1804,OP-001804,22888,3,6,2025-08-25,20250825,2025-10-09,20251009,Won,26300.0,0.0943,23819.12,45.0,CRM,False
1805,OP-001805,22896,17,6,2024-10-26,20241026,2024-12-14,20241214,Lost,10500.0,0.1146,0.0,49.0,CRM,False
1806,OP-001806,22898,14,3,2024-02-05,20240205,2024-04-07,20240407,Lost,83200.0,0.0722,0.0,62.0,CRM,False
1807,OP-001807,22899,19,1,2024-08-30,20240830,2024-09-30,20240930,Lost,21800.0,0.0403,0.0,31.0,CRM,False
1808,OP-001808,22905,17,4,2024-03-16,20240316,2024-04-07,20240407,Lost,12400.0,0.1452,0.0,22.0,CRM,False
1809,OP-001809,22923,16,1,2024-01-15,20240115,2024-02-14,20240214,Lost,35600.0,0.0759,0.0,30.0,CRM,False
1810,OP-001810,22924,21,6,2025-02-19,20250219,2025-04-06,20250406,Lost,110800.0,0.1589,0.0,46.0,CRM,False
1811,OP-001811,22931,10,3,2024-06-10,20240610,2024-09-05,20240905,Won,124100.0,0.1678,103280.31,87.0,CRM,False
1812,OP-001812,22939,8,5,2024-06-09,20240609,2024-09-06,20240906,Lost,19100.0,0.0973,0.0,89.0,CRM,False
1813,OP-001813,22948,16,5,2024-01-22,20240122,2024-02-28,20240228,Won,92700.0,0.0245,90424.84,37.0,CRM,False
1814,OP-001814,22987,8,2,2025-12-01,20251201,2026-02-12,20260212,Won,9500.0,0.064,8891.7,73.0,CRM,False
1815,OP-001815,23011,14,1,2024-08-25,20240825,2024-09-06,20240906,Won,14500.0,0.1908,11733.66,12.0,CRM,False
1816,OP-001816,23021,21,6,2025-01-22,20250122,2025-04-01,20250401,Won,16600.0,0.0979,14975.3,69.0,CRM,False
1817,OP-001817,23028,17,4,2024-07-08,20240708,2024-09-25,20240925,Lost,13200.0,0.1259,0.0,79.0,CRM,False
1818,OP-001818,23031,11,3,2025-09-24,20250924,2025-10-14,20251014,Won,92900.0,0.091,84441.71,349.0,CRM,True
1819,OP-001819,23032,21,3,2025-01-13,20250113,2025-03-05,20250305,Won,82400.0,0.1473,70262.91,51.0,CRM,False
1820,OP-001820,23034,17,4,2024-08-14,20240814,2024-10-21,20241021,Lost,18500.0,0.0779,0.0,68.0,CRM,False
1821,OP-001821,23039,13,3,2024-06-15,20240615,,,Open,17300.0,0.0757,0.0,190.0,CRM,True
1822,OP-001822,23049,11,3,2025-11-11,20251111,2025-11-22,20251122,Lost,21200.0,0.1235,0.0,11.0,CRM,False
1823,OP-001823,23073,2,3,2025-12-31,20251231,,,Open,55200.0,0.1336,0.0,0.0,CRM,False
1824,OP-001824,23094,12,3,2024-10-27,20241027,2024-12-14,20241214,Won,55800.0,0.1334,48358.78,48.0,CRM,False
1825,OP-001825,23110,12,2,2024-08-26,20240826,2024-11-19,20241119,Won,72600.0,0.1177,64055.92,85.0,CRM,False
1826,OP-001826,23120,2,5,2026-01-10,20260110,2026-03-19,20260319,Lost,51600.0,0.0986,0.0,68.0,CRM,False
1827,OP-001827,23124,15,6,2024-04-25,20240425,2024-06-04,20240604,Won,20100.0,0.1295,17497.62,40.0,CRM,False
1828,OP-001828,23133,6,1,2025-01-11,20250111,2025-04-09,20250409,Won,26600.0,0.0077,26394.94,88.0,CRM,False
1829,OP-001829,23142,6,5,2025-01-05,20250105,2025-03-10,20250310,Won,11700.0,0.0086,11599.06,64.0,CRM,False
1830,OP-001830,23146,7,5,2024-10-25,20241025,2025-01-04,20250104,Won,9100.0,0.1017,8174.42,71.0,CRM,False
1831,OP-001831,23160,1,2,2025-07-16,20250716,2025-08-11,20250811,Lost,20800.0,0.0868,0.0,26.0,CRM,False
1832,OP-001832,23170,13,3,2025-10-13,20251013,,,Open,98900.0,0.0635,0.0,79.0,CRM,False
1833,OP-001833,23173,14,3,2024-11-11,20241111,2025-01-24,20250124,Won,16700.0,0.0114,16509.53,74.0,CRM,False
1834,OP-001834,23185,4,1,2024-03-13,20240313,2024-04-16,20240416,Lost,27000.0,0.073,0.0,34.0,CRM,False
1835,OP-001835,23190,12,5,2025-10-27,20251027,2026-01-23,20260123,Won,245500.0,0.0776,226442.03,88.0,CRM,False
1836,OP-001836,23205,8,4,2025-01-11,20250111,2025-02-15,20250215,Lost,69400.0,0.0821,0.0,35.0,CRM,False
1837,OP-001837,23209,21,4,2024-03-18,20240318,2024-06-05,20240605,Won,44600.0,0.0467,42517.45,79.0,CRM,False
1838,OP-001838,23210,21,3,2025-10-01,20251001,2025-12-27,20251227,Won,18700.0,0.102,16792.78,87.0,CRM,False
1839,OP-001839,23223,23,4,2024-07-06,20240706,2024-08-07,20240807,Won,40100.0,0.1105,35667.34,32.0,CRM,False
1840,OP-001840,23234,11,5,2025-10-14,20251014,2026-01-03,20260103,Won,57100.0,0.1283,49772.13,81.0,CRM,False
1841,OP-001841,23248,22,1,2025-02-02,20250202,2025-04-14,20250414,Lost,12100.0,0.1231,0.0,71.0,CRM,False
1842,OP-001842,23257,24,1,2024-10-13,20241013,2024-12-07,20241207,Lost,294600.0,0.0,0.0,55.0,CRM,False
1843,OP-001843,23263,1,2,2025-03-19,20250319,2025-04-24,20250424,Lost,25500.0,0.1299,0.0,36.0,CRM,False
1844,OP-001844,23273,5,4,2024-01-13,20240113,2024-03-04,20240304,Won,80700.0,0.0827,74027.43,51.0,CRM,False
1845,OP-001845,23301,2,1,2024-05-02,20240502,,,Open,144100.0,0.1149,0.0,608.0,CRM,False
1846,OP-001846,23327,3,1,2024-09-05,20240905,2024-10-09,20241009,Won,56400.0,0.0,56400.0,34.0,CRM,False
1847,OP-001847,23331,6,2,2024-06-28,20240628,2024-07-19,20240719,Won,36100.0,0.0673,33668.86,21.0,CRM,False
1848,OP-001848,23334,21,6,2024-04-04,20240404,2024-05-13,20240513,Lost,317200.0,0.0532,0.0,39.0,CRM,False
1849,OP-001849,23336,1,6,2025-02-26,20250226,2025-03-08,20250308,Won,102800.0,0.0909,93451.97,10.0,CRM,False
1850,OP-001850,23369,12,5,2025-03-28,20250328,2025-06-04,20250604,Won,51600.0,0.0644,48278.73,68.0,CRM,False
1851,OP-001851,23385,3,5,2025-08-28,20250828,2025-10-11,20251011,Lost,34100.0,0.0,0.0,44.0,CRM,False
1852,OP-001852,23425,8,5,2025-03-15,20250315,2025-04-18,20250418,Won,9900.0,0.0937,8972.2,34.0,CRM,False
1853,OP-001853,23429,21,2,2024-06-09,20240609,2024-07-09,20240709,Lost,40900.0,0.0598,0.0,30.0,CRM,False
1854,OP-001854,23436,6,1,2024-08-15,20240815,2024-09-23,20240923,Lost,150600.0,0.0652,0.0,39.0,CRM,False
1855,OP-001855,23438,1,1,2025-08-09,20250809,2025-09-12,20250912,Won,265200.0,0.056,250337.71,34.0,CRM,False
1856,OP-001856,23451,4,5,2025-10-18,20251018,2025-12-04,20251204,Lost,15600.0,0.1096,0.0,47.0,CRM,False
1857,OP-001857,23466,6,6,2024-08-28,20240828,2024-11-10,20241110,Won,29000.0,0.0328,28047.97,74.0,CRM,False
1858,OP-001858,23486,18,3,2024-12-02,20241202,2025-02-06,20250206,Won,19400.0,0.1292,16893.16,66.0,CRM,False
1859,OP-001859,23511,6,2,2024-03-29,20240329,,,Open,12000.0,0.0409,0.0,642.0,CRM,False
1860,OP-001860,23542,2,6,2025-10-17,20251017,2025-11-12,20251112,Lost,78600.0,0.129,0.0,26.0,CRM,False
1861,OP-001861,23543,8,1,2024-08-31,20240831,2024-10-15,20241015,Won,8000.0,0.05,7599.72,45.0,CRM,False
1862,OP-001862,23546,12,6,2025-03-30,20250330,2025-05-04,20250504,Won,10800.0,0.1007,9712.48,35.0,CRM,False
1863,OP-001863,23552,17,5,2024-12-18,20241218,2025-02-22,20250222,Won,110300.0,0.0519,104571.2,66.0,CRM,False
1864,OP-001864,23577,16,1,2024-11-26,20241126,2025-02-09,20250209,Won,65500.0,0.1169,57840.8,75.0,CRM,False
1865,OP-001865,23593,1,1,2024-08-28,20240828,2024-11-11,20241111,Won,18800.0,0.0813,17270.77,75.0,CRM,False
1866,OP-001866,23597,1,4,2024-08-20,20240820,2024-10-03,20241003,Won,52900.0,0.0557,49953.46,44.0,CRM,False
1867,OP-001867,23600,4,5,2025-05-12,20250512,2025-06-22,20250622,Won,26500.0,0.0892,24136.02,41.0,CRM,False
1868,OP-001868,23613,7,6,2024-05-18,20240518,2024-06-16,20240616,Won,414600.0,0.0936,375789.4,29.0,CRM,False
1869,OP-001869,23634,2,3,2024-12-06,20241206,2025-01-18,20250118,Lost,26100.0,0.0795,0.0,43.0,CRM,False
1870,OP-001870,23635,14,3,2024-02-14,20240214,2024-04-05,20240405,Lost,212300.0,0.0,0.0,51.0,CRM,False
1871,OP-001871,23636,21,6,2025-07-31,20250731,2025-10-21,20251021,Lost,28500.0,0.1144,0.0,82.0,CRM,False
1872,OP-001872,23644,4,6,2025-07-08,20250708,2025-08-29,20250829,Lost,55500.0,0.0748,0.0,52.0,CRM,False
1873,OP-001873,23647,16,2,2025-11-29,20251129,2026-02-03,20260203,Lost,44700.0,0.0313,0.0,66.0,CRM,False
1874,OP-001874,23650,5,6,2025-10-25,20251025,2025-12-20,20251220,Won,10500.0,0.1022,9426.59,56.0,CRM,False
1875,OP-001875,23689,12,3,2024-05-02,20240502,2024-07-03,20240703,Won,37900.0,0.0838,34723.31,62.0,CRM,False
1876,OP-001876,23692,13,5,2025-05-20,20250520,2025-07-21,20250721,Lost,33100.0,0.0556,0.0,62.0,CRM,False
1877,OP-001877,23726,12,4,2025-07-15,20250715,2025-09-24,20250924,Won,79700.0,0.0663,74415.63,71.0,CRM,False
1878,OP-001878,23727,5,1,2024-02-26,20240226,2024-05-09,20240509,Won,8600.0,0.152,7292.75,73.0,CRM,False
1879,OP-001879,23728,11,3,2024-11-16,20241116,2025-01-18,20250118,Lost,26500.0,0.0931,0.0,63.0,CRM,False
1880,OP-001880,23743,19,5,2026-01-12,20260112,2026-03-08,20260308,Won,37900.0,0.1308,32943.44,55.0,CRM,False
1881,OP-001881,23753,23,5,2025-10-30,20251030,2026-01-03,20260103,Lost,62500.0,0.1437,0.0,65.0,CRM,False
1882,OP-001882,23757,4,6,2025-05-20,20250520,2025-06-25,20250625,Won,77100.0,0.1234,67589.25,36.0,CRM,False
1883,OP-001883,23768,6,2,2025-06-26,20250626,2025-08-03,20250803,Won,20600.0,0.0853,18841.95,38.0,CRM,False
1884,OP-001884,23811,12,6,2025-12-22,20251222,2026-01-09,20260109,Won,42800.0,0.0,42800.0,18.0,CRM,False
1885,OP-001885,23818,18,3,2024-03-24,20240324,2024-05-03,20240503,Won,30400.0,0.0616,28528.6,40.0,CRM,False
1886,OP-001886,23819,19,4,2025-06-13,20250613,,,Open,148800.0,0.0667,0.0,201.0,CRM,False
1887,OP-001887,23825,3,1,2024-05-28,20240528,2024-07-21,20240721,Won,61900.0,0.0898,56340.16,54.0,CRM,False
1888,OP-001888,23831,10,5,2024-06-20,20240620,2024-08-14,20240814,Won,13700.0,0.1062,12245.54,55.0,CRM,False
1889,OP-001889,23836,2,3,2024-08-23,20240823,2024-11-10,20241110,Won,22000.0,0.1072,19641.6,79.0,CRM,False
1890,OP-001890,23844,6,2,2025-10-30,20251030,2026-01-10,20260110,Won,19100.0,0.0885,17410.15,72.0,CRM,False
1891,OP-001891,23849,6,3,2024-02-18,20240218,2024-03-22,20240322,Lost,222200.0,0.0123,0.0,33.0,CRM,False
1892,OP-001892,23850,1,1,2024-09-26,20240926,2024-12-12,20241212,Lost,11600.0,0.072,0.0,77.0,CRM,False
1893,OP-001893,23857,6,1,2025-12-03,20251203,,,Open,13000.0,0.0734,0.0,28.0,CRM,False
1894,OP-001894,23866,23,5,2024-08-14,20240814,2024-09-05,20240905,Won,46600.0,0.0395,44761.16,22.0,CRM,False
1895,OP-001895,23884,21,5,2025-10-11,20251011,2025-12-15,20251215,Lost,444100.0,0.0035,0.0,65.0,CRM,False
1896,OP-001896,23888,6,5,2024-04-14,20240414,2024-05-20,20240520,Won,13100.0,0.0947,11859.33,36.0,CRM,False
1897,OP-001897,23894,21,1,2024-01-13,20240113,2024-04-11,20240411,Won,29100.0,0.0304,28214.99,89.0,CRM,False
1898,OP-001898,23935,5,4,2025-05-22,20250522,2025-08-05,20250805,Lost,8400.0,0.0295,0.0,75.0,CRM,False
1899,OP-001899,23962,23,4,2024-12-25,20241225,2025-01-18,20250118,Lost,201100.0,0.0123,0.0,24.0,CRM,False
1900,OP-001900,24026,11,3,2024-08-21,20240821,2024-10-11,20241011,Won,32600.0,0.1264,28479.94,51.0,CRM,False
1901,OP-001901,24034,9,2,2025-10-26,20251026,2025-12-13,20251213,Lost,13000.0,0.0213,0.0,48.0,CRM,False
1902,OP-001902,24039,11,2,2025-04-12,20250412,,,Open,13100.0,0.0724,0.0,263.0,CRM,False
1903,OP-001903,24045,1,1,2024-05-17,20240517,2024-07-05,20240705,Lost,12800.0,0.1193,0.0,49.0,CRM,False
1904,OP-001904,24046,17,4,2025-07-30,20250730,2025-09-06,20250906,Lost,45900.0,0.0901,0.0,38.0,CRM,False
1905,OP-001905,24050,11,3,2025-07-08,20250708,,,Open,83000.0,0.1514,0.0,176.0,CRM,False
1906,OP-001906,24059,13,4,2025-04-01,20250401,2025-05-23,20250523,Won,35400.0,0.0788,32610.06,52.0,CRM,False
1907,OP-001907,24063,7,1,2024-12-01,20241201,,,Open,102300.0,0.0954,0.0,395.0,CRM,False
1908,OP-001908,24074,5,1,2025-01-01,20250101,2025-03-25,20250325,Won,6800.0,0.0924,6171.82,83.0,CRM,False
1909,OP-001909,24080,20,4,2024-02-08,20240208,,,Open,74000.0,0.1177,0.0,692.0,CRM,False
1910,OP-001910,24103,11,6,2024-09-20,20240920,2024-12-05,20241205,Lost,7800.0,0.0,0.0,76.0,CRM,False
1911,OP-001911,24117,11,3,2025-07-02,20250702,2025-07-21,20250721,Lost,55400.0,0.0,0.0,19.0,CRM,False
1912,OP-001912,24120,22,3,2024-05-01,20240501,2024-05-24,20240524,Lost,21800.0,0.1324,0.0,23.0,CRM,False
1913,OP-001913,24121,4,5,2025-11-12,20251112,2026-01-18,20260118,Lost,115300.0,0.1011,0.0,67.0,CRM,False
1914,OP-001914,24125,11,5,2025-11-19,20251119,2025-12-15,20251215,Lost,92200.0,0.1725,0.0,26.0,CRM,False
1915,OP-001915,24130,21,5,2024-05-29,20240529,,,Open,47300.0,0.1289,0.0,581.0,CRM,False
1916,OP-001916,24151,21,1,2024-12-21,20241221,2025-02-23,20250223,Lost,41900.0,0.0,0.0,64.0,CRM,False
1917,OP-001917,24152,8,4,2024-11-02,20241102,2024-11-28,20241128,Won,10500.0,0.0496,9979.33,26.0,CRM,False
1918,OP-001918,24160,1,4,2024-06-05,20240605,2024-08-18,20240818,Won,270600.0,0.0841,247845.25,74.0,CRM,False
1919,OP-001919,24182,17,6,2024-07-10,20240710,2024-09-07,20240907,Lost,80300.0,0.0887,0.0,59.0,CRM,False
1920,OP-001920,24183,18,5,2025-04-30,20250430,2025-06-28,20250628,Won,18100.0,0.0667,16892.46,59.0,CRM,False
1921,OP-001921,24200,8,1,2024-07-07,20240707,2024-08-15,20240815,Won,36600.0,0.1181,32278.56,39.0,CRM,False
1922,OP-001922,24204,21,1,2024-09-22,20240922,2024-11-28,20241128,Won,87100.0,0.1511,73940.52,67.0,CRM,False
1923,OP-001923,24206,20,5,2024-07-22,20240722,,,Open,10900.0,0.0749,0.0,527.0,CRM,False
1924,OP-001924,24212,17,6,2025-06-14,20250614,2025-07-26,20250726,Lost,21000.0,0.0486,0.0,42.0,CRM,False
1925,OP-001925,24218,11,6,2025-09-16,20250916,2025-11-27,20251127,Lost,16700.0,0.1777,0.0,72.0,CRM,False
1926,OP-001926,24221,14,5,2025-05-11,20250511,,,Open,97800.0,0.0173,0.0,234.0,CRM,False
1927,OP-001927,24225,6,4,2024-11-04,20241104,2024-12-12,20241212,Won,30900.0,0.1236,27080.81,38.0,CRM,False
1928,OP-001928,24248,9,4,2024-12-27,20241227,2025-03-21,20250321,Lost,10600.0,0.0604,0.0,84.0,CRM,False
1929,OP-001929,24249,18,4,2024-05-27,20240527,2024-08-19,20240819,Lost,12200.0,0.0815,0.0,84.0,CRM,False
1930,OP-001930,24285,6,1,2025-09-05,20250905,,,Open,61800.0,0.0557,0.0,117.0,CRM,False
1931,OP-001931,24303,2,4,2025-06-24,20250624,2025-09-12,20250912,Lost,16200.0,0.1601,0.0,80.0,CRM,False
1932,OP-001932,24348,2,2,2025-08-31,20250831,2025-10-03,20251003,Won,60700.0,0.0,60700.0,33.0,CRM,False
1933,OP-001933,24432,23,4,2025-03-03,20250303,,,Open,27700.0,0.0045,0.0,303.0,CRM,False
1934,OP-001934,24452,12,5,2025-11-10,20251110,2025-12-11,20251211,Won,423100.0,0.1541,357886.74,31.0,CRM,False
1935,OP-001935,24483,15,1,2025-12-18,20251218,2026-02-12,20260212,Lost,40900.0,0.0486,0.0,56.0,CRM,False
1936,OP-001936,24499,11,6,2025-11-09,20251109,,,Open,19700.0,0.0313,0.0,52.0,CRM,False
1937,OP-001937,24505,11,5,2024-04-14,20240414,,,Open,410300.0,0.078,0.0,626.0,CRM,False
1938,OP-001938,24507,21,5,2025-09-15,20250915,2025-10-11,20251011,Won,163300.0,0.1113,145117.35,26.0,CRM,False
1939,OP-001939,24519,21,5,2025-06-25,20250625,2025-09-09,20250909,Won,44100.0,0.0797,40583.14,76.0,CRM,False
1940,OP-001940,24524,6,6,2024-03-21,20240321,2024-04-20,20240420,Won,54200.0,0.0437,51831.03,30.0,CRM,False
1941,OP-001941,24530,2,3,2024-11-05,20241105,2025-01-28,20250128,Lost,23300.0,0.1205,0.0,84.0,CRM,False
1942,OP-001942,24544,14,1,2025-05-31,20250531,2025-08-17,20250817,Lost,110900.0,0.0443,0.0,78.0,CRM,False
1943,OP-001943,24581,13,1,2025-02-11,20250211,2025-05-05,20250505,Lost,10000.0,0.0564,0.0,83.0,CRM,False
1944,OP-001944,24588,22,6,2024-07-10,20240710,2024-07-29,20240729,Won,24900.0,0.0512,23624.57,19.0,CRM,False
1945,OP-001945,24603,4,5,2025-04-20,20250420,2025-05-01,20250501,Lost,300200.0,0.1362,0.0,11.0,CRM,False
1946,OP-001946,24613,6,1,2024-02-09,20240209,,,Open,268300.0,0.0567,0.0,691.0,CRM,False
1947,OP-001947,24652,16,1,2024-06-08,20240608,2024-07-31,20240731,Lost,53700.0,0.0621,0.0,53.0,CRM,False
1948,OP-001948,24667,13,4,2024-11-04,20241104,2024-12-16,20241216,Lost,527900.0,0.1533,0.0,42.0,CRM,False
1949,OP-001949,24669,21,6,2024-02-12,20240212,2024-02-22,20240222,Lost,88800.0,0.1167,0.0,10.0,CRM,False
1950,OP-001950,24670,21,1,2024-04-04,20240404,2024-05-04,20240504,Won,10500.0,0.0125,10368.46,30.0,CRM,False
1951,OP-001951,24678,14,4,2025-09-19,20250919,,,Open,62200.0,0.0648,0.0,103.0,CRM,False
1952,OP-001952,24681,3,6,2024-07-27,20240727,2024-08-23,20240823,Lost,41100.0,0.071,0.0,27.0,CRM,False
1953,OP-001953,24699,19,6,2024-11-21,20241121,2025-01-20,20250120,Won,66800.0,0.1108,59401.39,60.0,CRM,False
1954,OP-001954,24709,21,5,2025-11-06,20251106,2026-01-02,20260102,Won,151500.0,0.0285,147188.85,57.0,CRM,False
1955,OP-001955,24711,5,4,2024-06-28,20240628,2024-08-31,20240831,Won,49700.0,0.0886,45297.0,64.0,CRM,False
1956,OP-001956,24718,19,5,2025-03-24,20250324,2025-04-03,20250403,Won,75100.0,0.0441,71787.26,10.0,CRM,False
1957,OP-001957,24736,6,4,2025-11-09,20251109,2025-12-02,20251202,Lost,209500.0,0.0,0.0,23.0,CRM,False
1958,OP-001958,24793,23,4,2024-02-29,20240229,2024-05-10,20240510,Lost,209700.0,0.137,0.0,71.0,CRM,False
1959,OP-001959,24806,11,1,2025-04-13,20250413,2025-04-28,20250428,Lost,7900.0,0.0992,0.0,15.0,CRM,False
1960,OP-001960,24814,2,6,2025-02-13,20250213,2025-04-05,20250405,Won,218300.0,0.0573,205782.94,51.0,CRM,False
1961,OP-001961,24817,3,6,2024-04-16,20240416,2024-05-20,20240520,Won,65400.0,0.0501,62126.34,34.0,CRM,False
1962,OP-001962,24825,15,3,2025-07-16,20250716,2025-09-21,20250921,Lost,53800.0,0.0713,0.0,67.0,CRM,False
1963,OP-001963,24849,12,5,2024-06-19,20240619,2024-09-13,20240913,Won,42200.0,0.0138,41619.4,86.0,CRM,False
1964,OP-001964,24873,1,1,2024-05-09,20240509,2024-06-03,20240603,Won,49500.0,0.0,49500.0,25.0,CRM,False
1965,OP-001965,24889,18,3,2025-06-07,20250607,,,Open,124700.0,0.1541,0.0,207.0,CRM,False
1966,OP-001966,24929,6,3,2025-07-08,20250708,2025-09-10,20250910,Lost,8700.0,0.1319,0.0,64.0,CRM,False
1967,OP-001967,24964,17,1,2024-12-31,20241231,2025-02-01,20250201,Lost,17300.0,0.0027,0.0,32.0,CRM,False
1968,OP-001968,24985,3,2,2025-10-06,20251006,2025-12-25,20251225,Won,7500.0,0.0182,7363.71,80.0,CRM,False
1969,OP-001969,24999,1,6,2025-05-23,20250523,2025-06-08,20250608,Lost,15900.0,0.1429,0.0,16.0,CRM,False
1970,OP-001970,25020,21,4,2024-03-01,20240301,,,Open,55300.0,0.0087,0.0,670.0,CRM,False
1971,OP-001971,25071,13,3,2024-11-09,20241109,2024-12-30,20241230,Lost,242700.0,0.1113,0.0,51.0,CRM,False
1972,OP-001972,25086,6,1,2025-08-22,20250822,2025-10-05,20251005,Won,24100.0,0.1542,20383.45,44.0,CRM,False
1973,OP-001973,25102,16,4,2024-07-22,20240722,,,Open,7900.0,0.1288,0.0,527.0,CRM,False
1974,OP-001974,25155,22,6,2025-09-02,20250902,2025-09-19,20250919,Lost,18000.0,0.0913,0.0,17.0,CRM,False
1975,OP-001975,25157,22,2,2024-02-07,20240207,,,Open,29900.0,0.0856,0.0,693.0,CRM,False
1976,OP-001976,25169,1,5,2025-05-03,20250503,2025-07-08,20250708,Lost,9200.0,0.0726,0.0,66.0,CRM,False
1977,OP-001977,25186,11,6,2024-11-23,20241123,2025-01-08,20250108,Lost,40900.0,0.0548,0.0,46.0,CRM,False
1978,OP-001978,25198,12,6,2024-12-04,20241204,,,Open,97900.0,0.194,0.0,392.0,CRM,False
1979,OP-001979,25272,6,4,2024-11-03,20241103,2024-12-05,20241205,Lost,10500.0,0.0531,0.0,32.0,CRM,False
1980,OP-001980,25274,21,1,2024-03-02,20240302,2024-04-09,20240409,Won,26600.0,0.1233,23320.86,38.0,CRM,False
1981,OP-001981,25276,6,5,2024-02-27,20240227,2024-04-06,20240406,Won,60000.0,0.1096,53421.04,39.0,CRM,False
1982,OP-001982,25277,9,4,2025-02-12,20250212,2025-05-12,20250512,Lost,43000.0,0.0849,0.0,89.0,CRM,False
1983,OP-001983,25291,22,1,2024-12-04,20241204,2025-01-28,20250128,Lost,27600.0,0.1637,0.0,55.0,CRM,False
1984,OP-001984,25304,8,1,2024-06-03,20240603,2024-07-17,20240717,Won,346500.0,0.1125,307516.01,44.0,CRM,False
1985,OP-001985,25319,16,3,2024-04-06,20240406,2024-04-19,20240419,Lost,176300.0,0.0725,0.0,13.0,CRM,False
1986,OP-001986,25321,21,3,2024-03-11,20240311,2024-04-07,20240407,Won,648700.0,0.1473,553154.61,27.0,CRM,False
1987,OP-001987,25322,7,4,2025-01-05,20250105,2025-01-22,20250122,Lost,414200.0,0.1284,0.0,17.0,CRM,False
1988,OP-001988,25341,6,2,2024-07-05,20240705,,,Open,502100.0,0.0237,0.0,544.0,CRM,False
1989,OP-001989,25343,12,5,2024-11-04,20241104,,,Open,8700.0,0.0664,0.0,422.0,CRM,False
1990,OP-001990,25344,16,2,2025-05-16,20250516,2025-06-08,20250608,Won,43900.0,0.0631,41128.48,23.0,CRM,False
1991,OP-001991,25346,12,1,2025-05-23,20250523,2025-07-06,20250706,Won,11800.0,0.0592,11101.29,44.0,CRM,False
1992,OP-001992,25363,24,3,2024-04-28,20240428,2024-07-13,20240713,Won,15300.0,0.0998,13773.74,76.0,CRM,False
1993,OP-001993,25385,1,3,2024-12-16,20241216,,,Open,113700.0,0.0781,0.0,380.0,CRM,False
1994,OP-001994,25409,3,5,2024-11-07,20241107,,,Open,23300.0,0.0514,0.0,419.0,CRM,False
1995,OP-001995,25440,9,5,2024-05-01,20240501,2024-06-30,20240630,Won,50200.0,0.0947,45445.34,60.0,CRM,False
1996,OP-001996,25454,18,6,2025-08-09,20250809,2025-08-22,20250822,Won,57600.0,0.1167,50880.12,13.0,CRM,False
1997,OP-001997,25456,5,6,2025-12-29,20251229,2026-01-08,20260108,Won,31800.0,0.1119,28242.84,10.0,CRM,False
1998,OP-001998,25464,6,5,2026-01-13,20260113,2026-02-26,20260226,Lost,23900.0,0.1483,0.0,44.0,CRM,False
1999,OP-001999,25466,21,1,2025-01-13,20250113,2025-02-18,20250218,Won,34100.0,0.031,33042.85,36.0,CRM,False
2000,OP-002000,25479,7,5,2025-03-26,20250326,2025-05-03,20250503,Won,39600.0,0.0437,37869.83,38.0,CRM,False
2001,OP-002001,25504,16,3,2024-03-19,20240319,2024-04-02,20240402,Lost,3500.0,0.1299,0.0,14.0,CRM,False
2002,OP-002002,25519,22,2,2025-10-05,20251005,2025-10-19,20251019,Lost,53900.0,0.2296,0.0,14.0,CRM,False
2003,OP-002003,25522,6,1,2025-03-01,20250301,,,Open,13300.0,0.0545,0.0,305.0,CRM,False
2004,OP-002004,25551,11,1,2025-10-25,20251025,,,Open,17600.0,0.0222,0.0,67.0,CRM,False
2005,OP-002005,25577,2,6,2025-02-15,20250215,2025-04-06,20250406,Won,26900.0,0.0702,25012.13,50.0,CRM,False
2006,OP-002006,25578,18,3,2025-11-06,20251106,2026-01-25,20260125,Lost,532600.0,0.077,0.0,80.0,CRM,False
2007,OP-002007,25584,12,6,2025-03-08,20250308,2025-03-18,20250318,Won,21400.0,0.1402,18399.68,10.0,CRM,False
2008,OP-002008,25595,4,3,2024-09-12,20240912,,,Open,35500.0,0.0815,0.0,475.0,CRM,False
2009,OP-002009,25615,13,4,2025-02-24,20250224,2025-03-09,20250309,Won,39700.0,0.0535,37576.06,13.0,CRM,False
2010,OP-002010,25617,21,5,2025-09-18,20250918,,,Open,182100.0,0.1839,0.0,104.0,CRM,False
2011,OP-002011,25626,17,1,2025-09-05,20250905,2025-11-15,20251115,Won,12900.0,0.1447,11033.69,71.0,CRM,False
2012,OP-002012,25630,1,6,2025-11-19,20251119,2026-01-31,20260131,Won,10400.0,0.1281,9067.76,73.0,CRM,False
2013,OP-002013,25662,6,2,2024-03-24,20240324,2024-05-19,20240519,Won,17100.0,0.0867,15617.18,56.0,CRM,False
2014,OP-002014,25670,21,5,2024-08-23,20240823,2024-09-05,20240905,Won,8100.0,0.1764,6671.31,13.0,CRM,False
2015,OP-002015,25692,6,1,2025-11-06,20251106,2025-11-22,20251122,Lost,416400.0,0.13,0.0,16.0,CRM,False
2016,OP-002016,25697,15,4,2024-09-08,20240908,2024-10-29,20241029,Lost,22100.0,0.0864,0.0,51.0,CRM,False
2017,OP-002017,25712,9,4,2025-07-17,20250717,2025-08-21,20250821,Lost,128300.0,0.0769,0.0,35.0,CRM,False
2018,OP-002018,25750,6,3,2025-07-17,20250717,2025-10-14,20251014,Lost,14600.0,0.1061,0.0,89.0,CRM,False
2019,OP-002019,25755,6,1,2025-01-08,20250108,2025-04-05,20250405,Won,99500.0,0.0,99500.0,87.0,CRM,False
2020,OP-002020,25757,16,2,2024-11-09,20241109,,,Open,13600.0,0.0843,0.0,417.0,CRM,False
2021,OP-002021,25760,14,2,2024-07-13,20240713,2024-09-24,20240924,Lost,14200.0,0.1061,0.0,73.0,CRM,False
2022,OP-002022,25761,23,3,2024-04-23,20240423,2024-05-22,20240522,Won,279500.0,0.1667,232893.67,29.0,CRM,False
2023,OP-002023,25779,21,1,2025-02-27,20250227,2025-03-23,20250323,Lost,45100.0,0.0531,0.0,24.0,CRM,False
2024,OP-002024,25797,10,6,2025-10-19,20251019,2025-11-04,20251104,Won,36000.0,0.01,35639.26,16.0,CRM,False
2025,OP-002025,25800,13,5,2024-04-03,20240403,2024-06-16,20240616,Won,122900.0,0.0961,111083.79,74.0,CRM,False
2026,OP-002026,25805,11,1,2025-03-14,20250314,2025-06-11,20250611,Lost,59900.0,0.0825,0.0,89.0,CRM,False
2027,OP-002027,25811,2,3,2025-08-26,20250826,2025-10-06,20251006,Won,340700.0,0.1694,282987.92,41.0,CRM,False
2028,OP-002028,25817,1,2,2026-01-09,20260109,2026-02-05,20260205,Lost,229300.0,0.0818,0.0,27.0,CRM,False
2029,OP-002029,25823,24,2,2025-12-04,20251204,,,Open,42500.0,0.1115,0.0,27.0,CRM,False
2030,OP-002030,25825,22,1,2024-10-05,20241005,2024-11-28,20241128,Won,223200.0,0.0378,214761.73,54.0,CRM,False
2031,OP-002031,25839,1,4,2024-03-14,20240314,2024-06-09,20240609,Lost,33600.0,0.0848,0.0,87.0,CRM,False
2032,OP-002032,25866,13,6,2024-04-24,20240424,,,Open,44800.0,0.0041,0.0,616.0,CRM,False
2033,OP-002033,25874,11,3,2024-06-10,20240610,2024-06-22,20240622,Won,16400.0,0.0406,15733.48,12.0,CRM,False
2034,OP-002034,25898,18,3,2025-09-05,20250905,2025-11-23,20251123,Lost,11100.0,0.045,0.0,79.0,CRM,False
2035,OP-002035,25907,11,5,2024-03-03,20240303,2024-05-21,20240521,Won,170700.0,0.1048,152813.25,79.0,CRM,False
2036,OP-002036,25937,16,5,2025-01-12,20250112,2025-04-09,20250409,Lost,10300.0,0.0,0.0,87.0,CRM,False
2037,OP-002037,25950,1,3,2025-08-12,20250812,2025-09-20,20250920,Won,114700.0,0.1058,102564.85,39.0,CRM,False
2038,OP-002038,25978,6,3,2025-03-08,20250308,2025-05-13,20250513,Won,78300.0,0.03,75948.92,66.0,CRM,False
2039,OP-002039,25984,23,2,2024-03-01,20240301,2024-03-20,20240320,Lost,256800.0,0.0604,0.0,19.0,CRM,False
2040,OP-002040,26014,19,3,2025-06-29,20250629,,,Open,51800.0,0.0853,0.0,185.0,CRM,False
2041,OP-002041,26029,21,1,2024-11-04,20241104,,,Open,12400.0,0.1209,0.0,422.0,CRM,False
2042,OP-002042,26043,17,3,2024-05-17,20240517,2024-05-29,20240529,Won,205100.0,0.0266,199648.73,12.0,CRM,False
2043,OP-002043,26055,5,1,2024-06-22,20240622,2024-07-21,20240721,Won,29400.0,0.0804,27035.67,29.0,CRM,False
2044,OP-002044,26057,16,3,2025-06-04,20250604,2025-08-16,20250816,Won,88100.0,0.0252,85878.08,73.0,CRM,False
2045,OP-002045,26065,8,1,2025-11-15,20251115,2026-01-14,20260114,Won,51600.0,0.0987,46507.46,60.0,CRM,False
2046,OP-002046,26069,16,1,2024-03-15,20240315,2024-04-07,20240407,Won,50400.0,0.0794,46396.81,23.0,CRM,False
2047,OP-002047,26079,17,5,2024-04-13,20240413,2024-06-22,20240622,Won,24000.0,0.0517,22759.57,70.0,CRM,False
2048,OP-002048,26091,5,4,2025-06-03,20250603,,,Open,88300.0,0.2266,0.0,211.0,CRM,False
2049,OP-002049,26096,2,6,2024-09-07,20240907,,,Open,312300.0,0.0779,0.0,480.0,CRM,False
2050,OP-002050,26109,7,2,2025-02-10,20250210,2025-04-30,20250430,Won,271000.0,0.0636,253773.3,79.0,CRM,False
2051,OP-002051,26119,4,6,2025-08-11,20250811,,,Open,80100.0,0.1225,0.0,142.0,CRM,False
2052,OP-002052,26131,7,5,2024-07-28,20240728,2024-08-22,20240822,Lost,33400.0,0.0987,0.0,25.0,CRM,False
2053,OP-002053,26132,8,5,2024-05-25,20240525,2024-06-07,20240607,Won,41300.0,0.1706,34255.28,13.0,CRM,False
2054,OP-002054,26151,21,1,2025-11-12,20251112,2026-01-06,20260106,Won,188400.0,0.0342,181954.01,55.0,CRM,False
2055,OP-002055,26155,11,5,2024-07-07,20240707,2024-08-25,20240825,Lost,19100.0,0.0576,0.0,49.0,CRM,False
2056,OP-002056,26162,18,3,2025-05-12,20250512,2025-08-06,20250806,Lost,44400.0,0.1056,0.0,86.0,CRM,False
2057,OP-002057,26178,17,3,2025-02-17,20250217,2025-03-11,20250311,Won,9000.0,0.0489,8560.32,22.0,CRM,False
2058,OP-002058,26191,1,5,2024-07-29,20240729,2024-09-25,20240925,Won,28400.0,0.0693,26431.58,58.0,CRM,False
2059,OP-002059,26204,5,5,2024-07-01,20240701,2024-09-19,20240919,Lost,12500.0,0.0697,0.0,80.0,CRM,False
2060,OP-002060,26206,11,5,2025-05-26,20250526,2025-07-07,20250707,Lost,12000.0,0.0922,0.0,42.0,CRM,False
2061,OP-002061,26212,13,1,2024-09-30,20240930,2024-10-17,20241017,Lost,72000.0,0.1362,0.0,17.0,CRM,False
2062,OP-002062,26213,12,2,2024-09-24,20240924,2024-12-05,20241205,Lost,14400.0,0.0437,0.0,72.0,CRM,False
2063,OP-002063,26232,17,5,2025-11-24,20251124,2026-01-31,20260131,Lost,53900.0,0.0913,0.0,68.0,CRM,False
2064,OP-002064,26236,6,2,2024-03-07,20240307,,,Open,35300.0,0.1546,0.0,664.0,CRM,False
2065,OP-002065,26246,4,2,2025-01-02,20250102,2025-03-13,20250313,Won,37700.0,0.0,37700.0,70.0,CRM,False
2066,OP-002066,26260,16,5,2025-10-02,20251002,2025-12-06,20251206,Won,24700.0,0.0291,23980.58,65.0,CRM,False
2067,OP-002067,26261,1,3,2025-06-15,20250615,2025-09-04,20250904,Lost,182100.0,0.1083,0.0,81.0,CRM,False
2068,OP-002068,26300,1,2,2025-12-15,20251215,,,Open,14600.0,0.1089,0.0,16.0,CRM,False
2069,OP-002069,26318,1,2,2025-02-07,20250207,2025-02-20,20250220,Lost,13000.0,0.0196,0.0,13.0,CRM,False
2070,OP-002070,26329,1,3,2025-12-04,20251204,2026-01-14,20260114,Won,25800.0,0.0698,23998.74,41.0,CRM,False
2071,OP-002071,26334,21,3,2024-03-07,20240307,2024-05-24,20240524,Won,16200.0,0.0447,15475.24,78.0,CRM,False
2072,OP-002072,26335,1,5,2024-05-19,20240519,2024-07-31,20240731,Won,15800.0,0.0722,14659.85,73.0,CRM,False
2073,OP-002073,26342,18,4,2025-05-27,20250527,2025-07-10,20250710,Won,91000.0,0.1539,76996.52,44.0,CRM,False
2074,OP-002074,26362,24,3,2024-09-17,20240917,2024-10-18,20241018,Lost,71700.0,0.0079,0.0,31.0,CRM,False
2075,OP-002075,26373,11,1,2024-08-08,20240808,2024-08-21,20240821,Won,153700.0,0.0584,144725.63,13.0,CRM,False
2076,OP-002076,26380,6,3,2025-06-18,20250618,2025-07-09,20250709,Won,18100.0,0.0572,17065.15,21.0,CRM,False
2077,OP-002077,26388,11,5,2025-08-19,20250819,2025-11-09,20251109,Won,138400.0,0.1157,122381.4,82.0,CRM,False
2078,OP-002078,26395,12,5,2024-11-10,20241110,2025-02-01,20250201,Lost,41100.0,0.1274,0.0,83.0,CRM,False
2079,OP-002079,26403,4,1,2024-10-12,20241012,2024-11-05,20241105,Won,10800.0,0.0714,10028.82,24.0,CRM,False
2080,OP-002080,26407,10,5,2024-04-10,20240410,2024-06-25,20240625,Lost,37600.0,0.0498,0.0,76.0,CRM,False
2081,OP-002081,26432,6,1,2024-12-29,20241229,2025-03-06,20250306,Won,33200.0,0.102,29813.19,67.0,CRM,False
2082,OP-002082,26434,6,3,2025-08-18,20250818,2025-09-06,20250906,Won,147400.0,0.1355,127420.66,19.0,CRM,False
2083,OP-002083,26485,1,1,2024-12-12,20241212,,,Open,14400.0,0.1368,0.0,384.0,CRM,False
2084,OP-002084,26486,1,2,2025-05-04,20250504,2025-06-14,20250614,Won,17900.0,0.1334,15512.98,41.0,CRM,False
2085,OP-002085,26487,4,1,2024-08-16,20240816,2024-08-26,20240826,Won,20100.0,0.0374,19347.49,10.0,CRM,False
2086,OP-002086,26491,23,1,2024-04-25,20240425,2024-05-12,20240512,Won,9300.0,0.1305,8086.22,17.0,CRM,False
2087,OP-002087,26494,15,5,2026-01-05,20260105,2026-02-26,20260226,Lost,27400.0,0.1373,0.0,52.0,CRM,False
2088,OP-002088,26520,1,6,2024-05-29,20240529,2024-06-21,20240621,Lost,40200.0,0.0726,0.0,23.0,CRM,False
2089,OP-002089,26528,12,3,2024-09-26,20240926,2024-10-06,20241006,Won,113700.0,0.111,101075.85,10.0,CRM,False
2090,OP-002090,26529,21,6,2025-03-03,20250303,2025-03-25,20250325,Won,11900.0,0.0694,11073.89,22.0,CRM,False
2091,OP-002091,26538,7,2,2024-09-23,20240923,2024-11-07,20241107,Lost,22900.0,0.1099,0.0,45.0,CRM,False
2092,OP-002092,26549,6,5,2025-10-16,20251016,2025-12-19,20251219,Won,53600.0,0.1338,46429.99,64.0,CRM,False
2093,OP-002093,26555,21,2,2025-07-26,20250726,2025-08-09,20250809,Won,215300.0,0.0,215300.0,14.0,CRM,False
2094,OP-002094,26569,3,6,2025-11-24,20251124,,,Open,13300.0,0.1397,0.0,37.0,CRM,False
2095,OP-002095,26580,14,2,2024-08-24,20240824,2024-09-29,20240929,Won,14500.0,0.0657,13547.0,36.0,CRM,False
2096,OP-002096,26585,8,1,2025-08-02,20250802,2025-08-19,20250819,Lost,12200.0,0.0608,0.0,17.0,CRM,False
2097,OP-002097,26594,5,5,2025-04-13,20250413,2025-05-10,20250510,Won,90000.0,0.0716,83555.56,27.0,CRM,False
2098,OP-002098,26599,17,2,2024-10-20,20241020,2025-01-16,20250116,Lost,55500.0,0.0927,0.0,88.0,CRM,False
2099,OP-002099,26613,23,3,2024-03-16,20240316,2024-04-05,20240405,Lost,34000.0,0.1065,0.0,20.0,CRM,False
2100,OP-002100,26625,6,3,2025-04-09,20250409,2025-05-16,20250516,Won,49400.0,0.1198,43483.74,37.0,CRM,False
2101,OP-002101,26633,12,6,2024-07-19,20240719,2024-08-15,20240815,Won,27200.0,0.0491,25863.46,27.0,CRM,False
2102,OP-002102,26648,22,2,2024-03-03,20240303,2024-05-22,20240522,Won,86200.0,0.0699,80175.06,80.0,CRM,False
2103,OP-002103,26679,19,1,2024-02-27,20240227,2024-05-03,20240503,Won,37100.0,0.1194,32670.59,66.0,CRM,False
2104,OP-002104,26693,1,2,2024-10-12,20241012,2024-12-06,20241206,Won,42800.0,0.0784,39444.75,55.0,CRM,False
2105,OP-002105,26711,11,3,2025-05-01,20250501,2025-06-27,20250627,Won,26100.0,0.0206,25562.69,57.0,CRM,False
2106,OP-002106,26718,14,2,2024-07-24,20240724,2024-09-23,20240923,Won,8200.0,0.0622,7689.78,61.0,CRM,False
2107,OP-002107,26727,1,2,2024-05-29,20240529,2024-07-07,20240707,Lost,20000.0,0.0599,0.0,39.0,CRM,False
2108,OP-002108,26729,16,1,2024-11-18,20241118,2024-12-14,20241214,Lost,153400.0,0.089,0.0,26.0,CRM,False
2109,OP-002109,26734,6,6,2025-08-18,20250818,2025-10-01,20251001,Won,56500.0,0.0347,54540.13,44.0,CRM,False
2110,OP-002110,26750,13,3,2025-11-02,20251102,2026-01-02,20260102,Lost,11200.0,0.0415,0.0,61.0,CRM,False
2111,OP-002111,26775,23,3,2025-05-09,20250509,,,Open,16200.0,0.0977,0.0,236.0,CRM,False
2112,OP-002112,26811,7,5,2025-12-28,20251228,2026-02-25,20260225,Won,40400.0,0.04,38784.31,59.0,CRM,False
2113,OP-002113,26814,22,5,2025-01-30,20250130,2025-03-23,20250323,Won,27600.0,0.1228,24211.55,52.0,CRM,False
2114,OP-002114,26828,24,5,2024-03-10,20240310,2024-05-07,20240507,Won,43900.0,0.1582,36954.03,58.0,CRM,False
2115,OP-002115,26839,7,3,2024-09-30,20240930,2024-11-02,20241102,Lost,9600.0,0.1579,0.0,33.0,CRM,False
2116,OP-002116,26849,1,1,2025-07-11,20250711,,,Open,162100.0,0.0858,0.0,173.0,CRM,False
2117,OP-002117,26854,10,1,2025-10-16,20251016,2025-11-28,20251128,Won,24000.0,0.1094,21375.46,43.0,CRM,False
2118,OP-002118,26863,7,1,2025-10-10,20251010,,,Open,45400.0,0.0594,0.0,82.0,CRM,False
2119,OP-002119,26864,18,2,2024-12-22,20241222,2025-01-23,20250123,Lost,18800.0,0.0441,0.0,32.0,CRM,False
2120,OP-002120,26883,21,6,2024-04-12,20240412,,,Open,59700.0,0.1296,0.0,628.0,CRM,False
2121,OP-002121,26903,13,1,2024-10-06,20241006,2024-11-09,20241109,Lost,25700.0,0.0,0.0,34.0,CRM,False
2122,OP-002122,26910,14,5,2025-05-13,20250513,2025-08-05,20250805,Won,13700.0,0.0729,12701.75,84.0,CRM,False
2123,OP-002123,26913,6,3,2025-12-09,20251209,2026-02-27,20260227,Won,307800.0,0.1108,273692.14,80.0,CRM,False
2124,OP-002124,26928,2,5,2025-11-14,20251114,2026-01-22,20260122,Won,76000.0,0.1331,65884.13,69.0,CRM,False
2125,OP-002125,26934,17,5,2025-01-05,20250105,2025-04-01,20250401,Won,22900.0,0.1166,20229.76,86.0,CRM,False
2126,OP-002126,26942,22,2,2025-12-01,20251201,,,Open,15900.0,0.0927,0.0,30.0,CRM,False
2127,OP-002127,26981,11,6,2025-01-19,20250119,2025-03-06,20250306,Won,16300.0,0.1165,14401.12,46.0,CRM,False
2128,OP-002128,27007,6,5,2024-05-01,20240501,2024-05-23,20240523,Lost,29100.0,0.0754,0.0,22.0,CRM,False
2129,OP-002129,27016,14,1,2025-05-20,20250520,2025-07-02,20250702,Won,22200.0,0.0,22200.0,43.0,CRM,False
2130,OP-002130,27030,16,3,2024-01-23,20240123,2024-03-13,20240313,Won,29500.0,0.1778,24254.72,50.0,CRM,False
2131,OP-002131,27044,4,1,2024-10-08,20241008,2025-01-04,20250104,Won,20100.0,0.1636,16811.66,88.0,CRM,False
2132,OP-002132,27056,21,1,2024-08-07,20240807,2024-08-18,20240818,Won,24800.0,0.0302,24050.27,11.0,CRM,False
2133,OP-002133,27060,6,3,2024-08-11,20240811,2024-10-22,20241022,Won,14900.0,0.0291,14466.46,72.0,CRM,False
2134,OP-002134,27098,9,1,2024-06-23,20240623,2024-07-30,20240730,Lost,57100.0,0.0952,0.0,37.0,CRM,False
2135,OP-002135,27131,8,1,2024-03-02,20240302,2024-04-08,20240408,Won,26600.0,0.0931,24123.22,37.0,CRM,False
2136,OP-002136,27149,14,1,2025-04-07,20250407,2025-06-22,20250622,Won,31600.0,0.12,27807.54,76.0,CRM,False
2137,OP-002137,27158,16,1,2025-07-09,20250709,2025-10-03,20251003,Won,16600.0,0.087,15155.51,86.0,CRM,False
2138,OP-002138,27175,9,3,2024-02-25,20240225,2024-05-06,20240506,Lost,23100.0,0.1002,0.0,71.0,CRM,False
2139,OP-002139,27198,11,4,2025-11-25,20251125,2025-12-30,20251230,Lost,171700.0,0.1452,0.0,35.0,CRM,False
2140,OP-002140,27233,17,5,2024-06-06,20240606,2024-06-21,20240621,Lost,172400.0,0.122,0.0,15.0,CRM,False
2141,OP-002141,27249,22,4,2024-06-20,20240620,,,Open,49400.0,0.1053,0.0,559.0,CRM,False
2142,OP-002142,27251,1,3,2025-01-17,20250117,2025-04-05,20250405,Lost,19800.0,0.15,0.0,78.0,CRM,False
2143,OP-002143,27257,14,2,2025-09-03,20250903,2025-10-08,20251008,Lost,346000.0,0.0795,0.0,35.0,CRM,False
2144,OP-002144,27258,11,5,2025-11-29,20251129,,,Open,56800.0,0.0377,0.0,32.0,CRM,False
2145,OP-002145,27265,21,3,2024-08-15,20240815,2024-10-26,20241026,Lost,183900.0,0.0667,0.0,72.0,CRM,False
2146,OP-002146,27273,22,4,2025-09-13,20250913,2025-10-05,20251005,Won,14000.0,0.0736,12969.41,22.0,CRM,False
2147,OP-002147,27291,15,3,2024-03-29,20240329,2024-04-22,20240422,Won,376000.0,0.0729,348581.53,24.0,CRM,False
2148,OP-002148,27303,7,1,2024-12-16,20241216,2025-02-20,20250220,Lost,9400.0,0.0957,0.0,66.0,CRM,False
2149,OP-002149,27355,22,6,2024-05-07,20240507,2024-06-09,20240609,Lost,66700.0,0.1004,0.0,33.0,CRM,False
2150,OP-002150,27377,1,5,2025-09-12,20250912,,,Open,32500.0,0.0924,0.0,110.0,CRM,False
2151,OP-002151,27379,6,5,2024-03-06,20240306,2024-04-30,20240430,Won,120700.0,0.0812,110895.78,55.0,CRM,False
2152,OP-002152,27408,17,2,2025-11-22,20251122,2026-01-09,20260109,Lost,34700.0,0.0,0.0,48.0,CRM,False
2153,OP-002153,27419,11,6,2024-04-06,20240406,2024-04-20,20240420,Lost,157400.0,0.1014,0.0,14.0,CRM,False
2154,OP-002154,27431,2,3,2025-11-17,20251117,2026-01-15,20260115,Won,49200.0,0.0396,47251.76,59.0,CRM,False
2155,OP-002155,27435,12,1,2025-06-22,20250622,2025-09-09,20250909,Won,47700.0,0.0999,42932.91,79.0,CRM,False
2156,OP-002156,27465,16,5,2025-05-13,20250513,,,Open,25800.0,0.1623,0.0,232.0,CRM,False
2157,OP-002157,27474,16,1,2024-03-30,20240330,2024-06-08,20240608,Won,183500.0,0.0,183500.0,70.0,CRM,False
2158,OP-002158,27480,8,1,2025-02-10,20250210,2025-02-26,20250226,Won,42700.0,0.0765,39432.18,16.0,CRM,False
2159,OP-002159,27488,11,1,2025-12-22,20251222,2026-01-08,20260108,Won,244600.0,0.0819,224569.28,17.0,CRM,False
2160,OP-002160,27495,13,2,2025-10-08,20251008,2025-12-16,20251216,Lost,50500.0,0.0,0.0,69.0,CRM,False
2161,OP-002161,27498,19,1,2025-05-07,20250507,2025-07-27,20250727,Lost,22200.0,0.0886,0.0,81.0,CRM,False
2162,OP-002162,27504,21,2,2025-10-25,20251025,2025-12-18,20251218,Won,19100.0,0.0565,18021.6,54.0,CRM,False
2163,OP-002163,27508,8,6,2024-04-04,20240404,2024-04-20,20240420,Lost,38600.0,0.1496,0.0,16.0,CRM,False
2164,OP-002164,27520,1,5,2025-09-07,20250907,2025-09-19,20250919,Won,16300.0,0.0283,15839.31,12.0,CRM,False
2165,OP-002165,27533,22,5,2025-05-02,20250502,,,Open,114800.0,0.0911,0.0,243.0,CRM,False
2166,OP-002166,27541,23,4,2025-01-26,20250126,2025-04-04,20250404,Won,21800.0,0.0094,21595.22,68.0,CRM,False
2167,OP-002167,27557,15,1,2024-11-01,20241101,2024-12-29,20241229,Lost,43000.0,0.0526,0.0,58.0,CRM,False
2168,OP-002168,27573,4,1,2025-03-16,20250316,2025-06-07,20250607,Lost,10800.0,0.0297,0.0,83.0,CRM,False
2169,OP-002169,27587,2,1,2024-06-15,20240615,2024-06-29,20240629,Won,346900.0,0.1138,307426.4,14.0,CRM,False
2170,OP-002170,27604,10,2,2024-11-10,20241110,2024-12-28,20241228,Lost,213700.0,0.058,0.0,48.0,CRM,False
2171,OP-002171,27616,13,3,2024-04-24,20240424,,,Open,10900.0,0.0021,0.0,616.0,CRM,False
2172,OP-002172,27617,11,2,2024-07-31,20240731,2024-10-07,20241007,Won,44200.0,0.0321,42779.76,68.0,CRM,False
2173,OP-002173,27635,11,1,2025-10-03,20251003,,,Open,9300.0,0.1055,0.0,89.0,CRM,False
2174,OP-002174,27637,1,5,2024-10-08,20241008,,,Open,18800.0,0.0197,0.0,449.0,CRM,False
2175,OP-002175,27665,9,3,2025-11-30,20251130,,,Open,174800.0,0.0524,0.0,31.0,CRM,False
2176,OP-002176,27706,21,2,2026-01-13,20260113,2026-04-12,20260412,Won,75300.0,0.0721,69871.57,89.0,CRM,False
2177,OP-002177,27739,9,4,2024-01-25,20240125,2024-02-05,20240205,Lost,79600.0,0.0219,0.0,11.0,CRM,False
2178,OP-002178,27778,1,5,2025-10-24,20251024,,,Open,32600.0,0.0484,0.0,68.0,CRM,False
2179,OP-002179,27793,12,1,2024-12-12,20241212,,,Open,483800.0,0.0393,0.0,384.0,CRM,False
2180,OP-002180,27795,13,3,2025-01-26,20250126,2025-04-04,20250404,Lost,12300.0,0.0,0.0,68.0,CRM,False
2181,OP-002181,27825,6,5,2025-09-28,20250928,2025-10-13,20251013,Lost,7600.0,0.214,0.0,15.0,CRM,False
2182,OP-002182,27829,17,1,2024-04-05,20240405,2024-04-26,20240426,Won,66400.0,0.141,57036.14,21.0,CRM,False
2183,OP-002183,27839,8,4,2025-09-04,20250904,2025-11-07,20251107,Won,20200.0,0.03,19593.68,64.0,CRM,False
2184,OP-002184,27840,7,3,2025-06-15,20250615,2025-07-13,20250713,Lost,29000.0,0.061,0.0,28.0,CRM,False
2185,OP-002185,27854,7,1,2024-04-02,20240402,2024-06-06,20240606,Lost,82100.0,0.0218,0.0,65.0,CRM,False
2186,OP-002186,27864,9,6,2024-11-17,20241117,2025-02-05,20250205,Won,218500.0,0.0581,205803.26,80.0,CRM,False
2187,OP-002187,27892,16,5,2024-08-15,20240815,2024-10-15,20241015,Won,14400.0,0.1001,12958.96,61.0,CRM,False
2188,OP-002188,27902,11,4,2025-07-08,20250708,,,Open,11900.0,0.1346,0.0,176.0,CRM,False
2189,OP-002189,27927,8,1,2025-06-14,20250614,2025-06-30,20250630,Won,12700.0,0.0674,11843.4,16.0,CRM,False
2190,OP-002190,27959,16,1,2025-05-12,20250512,2025-06-26,20250626,Lost,16600.0,0.0539,0.0,45.0,CRM,False
2191,OP-002191,27971,6,2,2025-12-06,20251206,2025-12-30,20251230,Won,21000.0,0.0603,19733.0,24.0,CRM,False
2192,OP-002192,27972,11,5,2025-02-15,20250215,2025-03-01,20250301,Lost,382700.0,0.0998,0.0,14.0,CRM,False
2193,OP-002193,27973,10,2,2025-05-17,20250517,,,Open,98100.0,0.1035,0.0,228.0,CRM,False
2194,OP-002194,27982,22,2,2025-12-06,20251206,2026-02-09,20260209,Lost,42700.0,0.1335,0.0,65.0,CRM,False
2195,OP-002195,27993,1,3,2025-03-02,20250302,2025-04-29,20250429,Lost,83200.0,0.1002,0.0,58.0,CRM,False
2196,OP-002196,28002,1,4,2025-05-22,20250522,2025-06-20,20250620,Won,15600.0,0.1175,13767.77,29.0,CRM,False
2197,OP-002197,28009,22,3,2024-10-06,20241006,,,Open,77400.0,0.1737,0.0,451.0,CRM,False
2198,OP-002198,28013,6,6,2024-05-04,20240504,2024-05-16,20240516,Won,56000.0,0.092,50845.7,272.0,CRM,True
2199,OP-002199,28026,6,4,2024-04-15,20240415,2024-07-08,20240708,Won,23000.0,0.0958,20797.46,84.0,CRM,False
2200,OP-002200,28029,6,4,2024-03-08,20240308,2024-04-20,20240420,Won,14200.0,0.0146,13993.33,43.0,CRM,False
2201,OP-002201,28039,22,5,2024-09-29,20240929,2024-10-12,20241012,Won,64300.0,0.0614,60352.19,13.0,CRM,False
2202,OP-002202,28045,21,3,2025-08-25,20250825,,,Open,35400.0,0.0903,0.0,128.0,CRM,False
2203,OP-002203,28057,1,6,2024-10-05,20241005,2024-11-20,20241120,Won,40600.0,0.2025,32376.8,46.0,CRM,False
2204,OP-002204,28067,11,5,2024-12-17,20241217,2025-02-05,20250205,Lost,12900.0,0.0797,0.0,50.0,CRM,False
2205,OP-002205,28076,17,5,2025-09-14,20250914,2025-09-25,20250925,Lost,29300.0,0.0413,0.0,11.0,CRM,False
2206,OP-002206,28083,1,1,2024-02-21,20240221,2024-03-03,20240303,Won,18100.0,0.0417,17344.83,11.0,CRM,False
2207,OP-002207,28095,6,2,2024-06-21,20240621,2024-07-28,20240728,Won,12100.0,0.0684,11272.17,37.0,CRM,False
2208,OP-002208,28117,11,1,2025-10-19,20251019,2026-01-13,20260113,Won,78500.0,0.0369,75601.59,86.0,CRM,False
2209,OP-002209,28128,18,3,2025-03-05,20250305,2025-05-20,20250520,Won,14200.0,0.1514,12049.47,76.0,CRM,False
2210,OP-002210,28141,8,4,2024-10-24,20241024,2025-01-08,20250108,Lost,123200.0,0.0881,0.0,76.0,CRM,False
2211,OP-002211,28168,11,3,2025-02-27,20250227,2025-05-03,20250503,Lost,13900.0,0.1166,0.0,65.0,CRM,False
2212,OP-002212,28169,21,3,2024-12-22,20241222,2025-01-01,20250101,Won,346900.0,0.049,329904.06,10.0,CRM,False
2213,OP-002213,28188,10,2,2025-10-18,20251018,2025-12-12,20251212,Lost,8400.0,0.0409,0.0,55.0,CRM,False
2214,OP-002214,28193,16,6,2024-03-11,20240311,2024-04-05,20240405,Won,114900.0,0.0655,107379.63,25.0,CRM,False
2215,OP-002215,28198,6,1,2025-03-19,20250319,2025-06-11,20250611,Lost,6000.0,0.0827,0.0,84.0,CRM,False
2216,OP-002216,28206,14,5,2024-04-05,20240405,2024-05-26,20240526,Won,24300.0,0.0443,23223.81,51.0,CRM,False
2217,OP-002217,28210,19,1,2025-01-07,20250107,2025-02-26,20250226,Won,22600.0,0.0912,20538.67,50.0,CRM,False
2218,OP-002218,28215,19,1,2024-04-05,20240405,2024-06-11,20240611,Won,52200.0,0.1019,46878.8,67.0,CRM,False
2219,OP-002219,28219,7,1,2024-09-09,20240909,2024-10-28,20241028,Lost,82300.0,0.1021,0.0,49.0,CRM,False
2220,OP-002220,28234,22,5,2024-12-30,20241230,,,Open,92700.0,0.0887,0.0,366.0,CRM,False
2221,OP-002221,28247,22,3,2025-11-24,20251124,2026-01-29,20260129,Won,108100.0,0.0011,107979.97,66.0,CRM,False
2222,OP-002222,28257,23,2,2025-12-05,20251205,2025-12-28,20251228,Lost,153500.0,0.0821,0.0,23.0,CRM,False
2223,OP-002223,28265,21,3,2025-12-13,20251213,2026-02-19,20260219,Lost,32000.0,0.1061,0.0,68.0,CRM,False
2224,OP-002224,28269,9,5,2025-06-11,20250611,2025-07-10,20250710,Lost,59400.0,0.02,0.0,29.0,CRM,False
2225,OP-002225,28295,8,2,2024-03-26,20240326,2024-04-08,20240408,Won,29800.0,0.0201,29201.36,13.0,CRM,False
2226,OP-002226,28299,11,4,2024-02-29,20240229,2024-05-24,20240524,Won,38700.0,0.0673,36095.19,85.0,CRM,False
2227,OP-002227,28318,6,1,2024-03-15,20240315,,,Open,71700.0,0.1124,0.0,656.0,CRM,False
2228,OP-002228,28324,1,1,2024-05-02,20240502,2024-07-28,20240728,Lost,112000.0,0.0918,0.0,87.0,CRM,False
2229,OP-002229,28337,8,5,2024-07-21,20240721,2024-09-08,20240908,Won,16900.0,0.1152,14952.82,49.0,CRM,False
2230,OP-002230,28343,16,3,2025-06-15,20250615,2025-06-28,20250628,Won,13200.0,0.0705,12269.9,13.0,CRM,False
2231,OP-002231,28366,1,6,2025-06-02,20250602,2025-08-14,20250814,Won,16800.0,0.0058,16701.81,73.0,CRM,False
2232,OP-002232,28385,9,3,2024-07-11,20240711,2024-09-24,20240924,Won,284800.0,0.1285,248210.18,75.0,CRM,False
2233,OP-002233,28392,12,5,2024-01-24,20240124,2024-04-05,20240405,Lost,75600.0,0.0681,0.0,72.0,CRM,False
2234,OP-002234,28393,13,1,2025-03-12,20250312,2025-06-06,20250606,Lost,30700.0,0.0756,0.0,86.0,CRM,False
2235,OP-002235,28397,22,2,2024-02-15,20240215,2024-03-08,20240308,Lost,8500.0,0.0886,0.0,22.0,CRM,False
2236,OP-002236,28402,8,1,2024-06-27,20240627,2024-08-16,20240816,Won,18400.0,0.0407,17651.07,50.0,CRM,False
2237,OP-002237,28412,3,1,2025-06-04,20250604,2025-06-14,20250614,Won,34500.0,0.0944,31242.04,10.0,CRM,False
2238,OP-002238,28430,1,2,2024-09-10,20240910,2024-10-30,20241030,Lost,16800.0,0.0869,0.0,50.0,CRM,False
2239,OP-002239,28432,1,3,2025-09-21,20250921,2025-10-10,20251010,Lost,14900.0,0.0676,0.0,19.0,CRM,False
2240,OP-002240,28437,10,3,2025-04-21,20250421,2025-05-05,20250505,Lost,17200.0,0.0361,0.0,14.0,CRM,False
2241,OP-002241,28462,23,3,2024-05-29,20240529,2024-07-02,20240702,Won,18500.0,0.0347,17858.3,34.0,CRM,False
2242,OP-002242,28469,21,1,2024-07-02,20240702,2024-08-07,20240807,Won,79900.0,0.0463,76198.94,36.0,CRM,False
2243,OP-002243,28470,12,5,2025-09-08,20250908,2025-11-16,20251116,Lost,18600.0,0.0546,0.0,69.0,CRM,False
2244,OP-002244,28473,21,3,2025-06-15,20250615,2025-08-07,20250807,Won,118600.0,0.0986,106903.29,53.0,CRM,False
2245,OP-002245,28507,18,1,2024-04-23,20240423,2024-05-12,20240512,Lost,20100.0,0.0951,0.0,19.0,CRM,False
2246,OP-002246,28512,23,2,2024-10-22,20241022,2024-11-06,20241106,Won,15400.0,0.0597,14481.14,15.0,CRM,False
2247,OP-002247,28514,18,6,2024-04-25,20240425,2024-05-26,20240526,Won,382200.0,0.1118,339468.5,31.0,CRM,False
2248,OP-002248,28515,16,3,2025-07-18,20250718,2025-08-10,20250810,Won,58700.0,0.1,52828.76,23.0,CRM,False
2249,OP-002249,28517,7,1,2025-09-15,20250915,,,Open,315200.0,0.0,0.0,107.0,CRM,False
2250,OP-002250,28559,1,1,2025-12-13,20251213,,,Open,10400.0,0.0537,0.0,18.0,CRM,False
2251,OP-002251,28562,1,5,2024-05-25,20240525,2024-06-04,20240604,Won,78900.0,0.0337,76238.29,10.0,CRM,False
2252,OP-002252,28599,19,5,2025-11-20,20251120,2025-12-30,20251230,Lost,7200.0,0.1018,0.0,40.0,CRM,False
2253,OP-002253,28630,8,3,2024-08-11,20240811,2024-09-03,20240903,Lost,123200.0,0.0429,0.0,23.0,CRM,False
2254,OP-002254,28636,8,1,2025-04-05,20250405,2025-04-21,20250421,Lost,79800.0,0.0548,0.0,16.0,CRM,False
2255,OP-002255,28666,23,6,2025-05-31,20250531,2025-07-16,20250716,Lost,9700.0,0.0768,0.0,46.0,CRM,False
2256,OP-002256,28671,7,1,2025-12-14,20251214,2026-02-10,20260210,Lost,20300.0,0.0996,0.0,58.0,CRM,False
2257,OP-002257,28686,18,6,2024-11-15,20241115,2024-12-16,20241216,Lost,45300.0,0.0872,0.0,31.0,CRM,False
2258,OP-002258,28782,16,3,2024-02-26,20240226,2024-03-22,20240322,Won,62900.0,0.0676,58649.28,25.0,CRM,False
2259,OP-002259,28790,23,1,2024-04-11,20240411,2024-06-28,20240628,Lost,85100.0,0.1419,0.0,78.0,CRM,False
2260,OP-002260,28795,21,1,2024-09-18,20240918,2024-12-13,20241213,Won,23700.0,0.0739,21947.66,86.0,CRM,False
2261,OP-002261,28816,1,3,2026-01-25,20260125,2026-02-26,20260226,Won,127400.0,0.1022,114382.95,32.0,CRM,False
2262,OP-002262,28830,22,5,2024-10-10,20241010,2024-11-29,20241129,Won,44600.0,0.0347,43051.17,50.0,CRM,False
2263,OP-002263,28831,17,1,2025-10-01,20251001,,,Open,82900.0,0.1396,0.0,91.0,CRM,False
2264,OP-002264,28833,20,6,2025-08-02,20250802,2025-09-11,20250911,Won,19600.0,0.0491,18638.07,40.0,CRM,False
2265,OP-002265,28849,8,3,2024-05-14,20240514,2024-08-05,20240805,Won,14600.0,0.077,13475.86,83.0,CRM,False
2266,OP-002266,28861,1,3,2024-09-25,20240925,2024-10-17,20241017,Won,677800.0,0.0214,663315.48,22.0,CRM,False
2267,OP-002267,28870,22,6,2024-06-06,20240606,2024-08-04,20240804,Won,19400.0,0.0718,18007.55,59.0,CRM,False
2268,OP-002268,28892,16,2,2025-07-03,20250703,2025-07-21,20250721,Won,36800.0,0.08,33857.66,18.0,CRM,False
2269,OP-002269,28893,7,6,2025-09-15,20250915,2025-10-16,20251016,Lost,25600.0,0.0863,0.0,31.0,CRM,False
2270,OP-002270,28895,7,1,2025-12-12,20251212,2025-12-27,20251227,Lost,158300.0,0.0842,0.0,15.0,CRM,False
2271,OP-002271,28897,24,1,2025-05-17,20250517,,,Open,96100.0,0.1253,0.0,228.0,CRM,False
2272,OP-002272,28900,24,4,2024-08-03,20240803,2024-08-17,20240817,Won,14800.0,0.1101,13170.79,14.0,CRM,False
2273,OP-002273,28904,11,6,2024-03-09,20240309,,,Open,141800.0,0.0892,0.0,662.0,CRM,False
2274,OP-002274,28905,8,4,2024-04-03,20240403,2024-06-24,20240624,Lost,15400.0,0.0865,0.0,82.0,CRM,False
2275,OP-002275,28948,1,6,2025-09-27,20250927,2025-10-28,20251028,Lost,55100.0,0.1393,0.0,31.0,CRM,False
2276,OP-002276,28967,13,1,2025-10-31,20251031,2025-11-10,20251110,Lost,57100.0,0.0761,0.0,10.0,CRM,False
2277,OP-002277,28987,1,2,2024-10-02,20241002,,,Open,15700.0,0.2423,0.0,455.0,CRM,False
2278,OP-002278,28997,16,3,2025-06-23,20250623,2025-08-06,20250806,Won,16500.0,0.1218,14490.73,44.0,CRM,False
2279,OP-002279,29034,17,5,2025-02-22,20250222,2025-04-19,20250419,Lost,9600.0,0.1027,0.0,56.0,CRM,False
2280,OP-002280,29066,22,2,2024-10-15,20241015,2024-11-11,20241111,Lost,14600.0,0.0909,0.0,27.0,CRM,False
2281,OP-002281,29089,16,5,2024-04-18,20240418,2024-06-07,20240607,Won,44100.0,0.0935,39976.6,50.0,CRM,False
2282,OP-002282,29110,12,4,2025-02-21,20250221,2025-03-29,20250329,Won,6900.0,0.1109,6135.09,36.0,CRM,False
2283,OP-002283,29126,21,6,2024-04-13,20240413,2024-06-27,20240627,Lost,14900.0,0.1432,0.0,75.0,CRM,False
2284,OP-002284,29136,9,1,2025-09-17,20250917,,,Open,20400.0,0.0727,0.0,105.0,CRM,False
2285,OP-002285,29153,1,6,2024-06-22,20240622,2024-09-02,20240902,Lost,82700.0,0.1099,0.0,72.0,CRM,False
2286,OP-002286,29169,15,6,2025-10-23,20251023,2026-01-08,20260108,Lost,27900.0,0.1401,0.0,77.0,CRM,False
2287,OP-002287,29171,9,1,2024-05-19,20240519,2024-06-02,20240602,Lost,227300.0,0.0898,0.0,14.0,CRM,False
2288,OP-002288,29172,12,1,2025-09-20,20250920,,,Open,237100.0,0.0859,0.0,102.0,CRM,False
2289,OP-002289,29190,4,3,2024-04-11,20240411,2024-05-06,20240506,Lost,117100.0,0.0765,0.0,25.0,CRM,False
2290,OP-002290,29197,18,5,2024-03-06,20240306,2024-04-24,20240424,Lost,114400.0,0.0958,0.0,49.0,CRM,False
2291,OP-002291,29211,11,2,2025-12-10,20251210,2026-01-15,20260115,Won,59900.0,0.1568,50507.83,36.0,CRM,False
2292,OP-002292,29234,16,1,2025-08-31,20250831,2025-11-11,20251111,Lost,62100.0,0.0118,0.0,72.0,CRM,False
2293,OP-002293,29247,22,2,2024-09-14,20240914,2024-10-25,20241025,Lost,12600.0,0.0155,0.0,41.0,CRM,False
2294,OP-002294,29268,2,3,2025-10-23,20251023,,,Open,532000.0,0.0353,0.0,69.0,CRM,False
2295,OP-002295,29283,14,1,2025-10-28,20251028,2025-12-09,20251209,Won,46800.0,0.1542,39582.89,42.0,CRM,False
2296,OP-002296,29285,1,1,2025-10-06,20251006,2025-10-31,20251031,Lost,11900.0,0.0912,0.0,25.0,CRM,False
2297,OP-002297,29288,10,6,2024-05-31,20240531,2024-06-30,20240630,Lost,25500.0,0.0515,0.0,30.0,CRM,False
2298,OP-002298,29341,11,6,2024-03-12,20240312,2024-05-29,20240529,Won,59800.0,0.0245,58332.54,78.0,CRM,False
2299,OP-002299,29345,16,2,2025-03-28,20250328,2025-04-08,20250408,Won,85400.0,0.0633,79990.42,11.0,CRM,False
2300,OP-002300,29370,4,5,2024-07-12,20240712,2024-09-13,20240913,Won,13600.0,0.1642,11367.06,63.0,CRM,False
2301,OP-002301,29376,6,1,2024-04-25,20240425,2024-05-28,20240528,Lost,15100.0,0.1699,0.0,33.0,CRM,False
2302,OP-002302,29387,21,6,2024-06-29,20240629,2024-09-08,20240908,Won,53200.0,0.0441,50855.37,71.0,CRM,False
2303,OP-002303,29404,4,4,2024-11-29,20241129,2024-12-27,20241227,Won,11500.0,0.0563,10852.84,28.0,CRM,False
2304,OP-002304,29431,21,3,2024-03-12,20240312,2024-04-11,20240411,Lost,91100.0,0.0,0.0,30.0,CRM,False
2305,OP-002305,29470,5,3,2024-07-07,20240707,2024-09-17,20240917,Lost,10700.0,0.052,0.0,72.0,CRM,False
2306,OP-002306,29473,20,5,2025-02-02,20250202,2025-03-31,20250331,Lost,559600.0,0.0378,0.0,57.0,CRM,False
2307,OP-002307,29501,18,5,2025-04-08,20250408,2025-06-01,20250601,Won,21600.0,0.0483,20556.1,54.0,CRM,False
2308,OP-002308,29502,10,5,2024-11-07,20241107,2024-11-25,20241125,Won,9100.0,0.1467,7765.4,18.0,CRM,False
2309,OP-002309,29516,6,3,2026-01-07,20260107,2026-04-03,20260403,Won,273800.0,0.1215,240520.01,86.0,CRM,False
2310,OP-002310,29529,16,5,2024-11-26,20241126,2024-12-13,20241213,Lost,11600.0,0.1186,0.0,17.0,CRM,False
2311,OP-002311,29530,18,6,2025-03-04,20250304,2025-03-25,20250325,Lost,259500.0,0.071,0.0,21.0,CRM,False
2312,OP-002312,29534,20,6,2024-03-06,20240306,2024-04-01,20240401,Lost,82800.0,0.1545,0.0,26.0,CRM,False
2313,OP-002313,29539,3,3,2025-11-29,20251129,2026-01-28,20260128,Won,46900.0,0.0534,44397.0,60.0,CRM,False
2314,OP-002314,29552,23,4,2024-06-22,20240622,2024-08-18,20240818,Won,24800.0,0.0321,24004.07,57.0,CRM,False
2315,OP-002315,29555,14,2,2025-04-16,20250416,2025-06-12,20250612,Won,52200.0,0.1448,44642.02,57.0,CRM,False
2316,OP-002316,29597,16,4,2025-01-11,20250111,2025-03-21,20250321,Won,252700.0,0.0,252700.0,69.0,CRM,False
2317,OP-002317,29632,20,1,2025-12-20,20251220,2026-02-07,20260207,Won,13800.0,0.0409,13235.97,49.0,CRM,False
2318,OP-002318,29639,11,3,2025-04-14,20250414,2025-06-21,20250621,Won,24300.0,0.0478,23138.82,68.0,CRM,False
2319,OP-002319,29643,6,3,2025-05-20,20250520,2025-08-10,20250810,Lost,87900.0,0.0901,0.0,82.0,CRM,False
2320,OP-002320,29651,16,6,2024-09-03,20240903,2024-09-18,20240918,Lost,31400.0,0.0739,0.0,15.0,CRM,False
2321,OP-002321,29673,12,4,2024-12-20,20241220,2025-03-12,20250312,Won,38700.0,0.0392,37181.39,82.0,CRM,False
2322,OP-002322,29679,22,2,2024-05-25,20240525,2024-08-08,20240808,Won,18100.0,0.0882,16504.29,75.0,CRM,False
2323,OP-002323,29721,22,6,2025-02-21,20250221,2025-05-18,20250518,Lost,83600.0,0.1226,0.0,86.0,CRM,False
2324,OP-002324,29732,6,4,2025-01-24,20250124,2025-03-29,20250329,Lost,24200.0,0.063,0.0,64.0,CRM,False
2325,OP-002325,29753,1,3,2025-11-29,20251129,2026-02-22,20260222,Won,41200.0,0.0544,38960.47,85.0,CRM,False
2326,OP-002326,29758,13,2,2025-11-15,20251115,2025-12-10,20251210,Won,7700.0,0.0599,7238.55,25.0,CRM,False
2327,OP-002327,29771,1,1,2024-08-15,20240815,2024-10-09,20241009,Lost,50700.0,0.1485,0.0,55.0,CRM,False
2328,OP-002328,29807,1,3,2024-04-01,20240401,2024-06-08,20240608,Won,63500.0,0.0392,61013.82,68.0,CRM,False
2329,OP-002329,29819,4,6,2025-04-30,20250430,2025-05-20,20250520,Lost,43700.0,0.1572,0.0,20.0,CRM,False
2330,OP-002330,29822,12,3,2024-10-04,20241004,2024-11-03,20241103,Lost,49500.0,0.0081,0.0,30.0,CRM,False
2331,OP-002331,29840,16,1,2025-01-12,20250112,2025-03-20,20250320,Lost,99100.0,0.0634,0.0,67.0,CRM,False
2332,OP-002332,29863,13,2,2024-10-29,20241029,2024-12-20,20241220,Lost,20500.0,0.1132,0.0,52.0,CRM,False
2333,OP-002333,29881,11,6,2024-02-11,20240211,2024-03-06,20240306,Lost,8300.0,0.0449,0.0,24.0,CRM,False
2334,OP-002334,29883,1,6,2024-04-15,20240415,2024-07-11,20240711,Lost,19900.0,0.0902,0.0,87.0,CRM,False
2335,OP-002335,29887,24,6,2025-02-27,20250227,,,Open,127400.0,0.0392,0.0,307.0,CRM,False
2336,OP-002336,29894,7,4,2025-05-01,20250501,,,Open,11000.0,0.1122,0.0,244.0,CRM,False
2337,OP-002337,29900,4,4,2025-06-09,20250609,,,Open,6800.0,0.0633,0.0,205.0,CRM,False
2338,OP-002338,29903,16,2,2025-07-03,20250703,2025-09-21,20250921,Won,73000.0,0.0465,69604.95,80.0,CRM,False
2339,OP-002339,29908,14,4,2024-04-01,20240401,2024-05-18,20240518,Lost,195900.0,0.1719,0.0,47.0,CRM,False
2340,OP-002340,29909,18,2,2025-07-22,20250722,2025-08-29,20250829,Lost,15700.0,0.1211,0.0,38.0,CRM,False
2341,OP-002341,29910,24,1,2024-04-09,20240409,,,Open,48200.0,0.0457,0.0,631.0,CRM,False
2342,OP-002342,29919,1,1,2026-01-10,20260110,2026-03-02,20260302,Won,183600.0,0.0476,174867.19,51.0,CRM,False
2343,OP-002343,29936,3,5,2025-10-08,20251008,2025-11-21,20251121,Lost,18000.0,0.1194,0.0,44.0,CRM,False
2344,OP-002344,29955,1,2,2024-12-06,20241206,2025-02-06,20250206,Lost,64300.0,0.0795,0.0,62.0,CRM,False
2345,OP-002345,29956,7,5,2024-06-19,20240619,2024-07-02,20240702,Lost,78400.0,0.1481,0.0,13.0,CRM,False
2346,OP-002346,29959,22,3,2024-12-05,20241205,2025-01-17,20250117,Won,11700.0,0.0545,11062.61,43.0,CRM,False
2347,OP-002347,29966,8,6,2025-02-12,20250212,2025-04-29,20250429,Won,138900.0,0.0682,129430.96,76.0,CRM,False
2348,OP-002348,29968,5,3,2024-10-02,20241002,2024-12-21,20241221,Lost,19800.0,0.0543,0.0,80.0,CRM,False
2349,OP-002349,29969,7,3,2024-07-08,20240708,2024-07-24,20240724,Lost,10800.0,0.0225,0.0,16.0,CRM,False
2350,OP-002350,29971,1,4,2024-05-01,20240501,2024-07-01,20240701,Won,6900.0,0.1083,6152.95,61.0,CRM,False
2351,OP-002351,29985,12,1,2025-02-24,20250224,,,Open,264100.0,0.1817,0.0,310.0,CRM,False
