revenue_key,opportunity_key,lead_key,sales_rep_key,channel_key,region,segment,revenue_date,gross_revenue_brl,discount_brl,net_revenue_brl,payment_status
1,1,1,5,4,Sul,Enterprise,2024-02-29,54118.46,3261.44,50857.02,Paid
2,2,2,5,2,Sudeste,Mid-Market,2024-04-22,24136.59,1734.13,22402.46,Paid
3,3,3,12,5,Nordeste,Enterprise,2024-04-24,109662.1,11680.45,97981.65,Paid
4,4,4,1,3,Sudeste,Enterprise,2024-04-15,52776.8,2464.42,50312.38,Pending
5,5,6,6,6,Sudeste,Mid-Market,2024-02-29,40560.95,6227.73,34333.22,Paid
6,6,7,2,4,Sul,Mid-Market,2024-03-29,26056.43,2516.27,23540.16,Pending
7,7,21,8,4,Sudeste,SMB,2024-02-26,17360.04,455.97,16904.07,Paid
8,8,24,12,5,Sudeste,SMB,2024-03-13,15184.23,3516.68,11667.55,Paid
9,9,27,9,3,Nordeste,SMB,2024-03-09,7858.05,1708.47,6149.58,Paid
10,11,63,10,3,Sudeste,SMB,2024-05-02,13160.01,2085.07,11074.94,Paid
11,13,118,2,4,Nordeste,Enterprise,2024-04-04,69275.91,2232.05,67043.86,Paid
12,14,148,8,3,Sul,Mid-Market,2024-04-02,33837.27,2045.51,31791.76,Pending
13,16,174,4,6,Sul,Mid-Market,2024-03-24,27443.83,1744.42,25699.41,Paid
14,17,214,7,4,Sul,SMB,2024-04-02,8803.48,2493.77,6309.71,Paid
15,18,225,9,2,Sudeste,Enterprise,2024-04-01,104222.84,19448.02,84774.82,Paid
16,19,229,5,3,Sudeste,Enterprise,2024-03-01,104025.59,16488.81,87536.78,Paid
17,22,248,7,2,Sudeste,Enterprise,2024-03-19,66444.37,1587.21,64857.16,Paid
18,23,252,6,5,Sul,Mid-Market,2024-04-03,15373.46,375.35,14998.11,Pending
19,26,266,2,1,Sudeste,SMB,2024-04-28,17723.52,480.64,17242.88,Paid
20,27,293,9,6,Sudeste,Enterprise,2024-05-16,74843.6,12405.33,62438.27,Overdue
21,28,296,3,6,Sudeste,SMB,2024-04-07,12452.4,1977.64,10474.76,Paid
22,29,315,1,2,Sul,Mid-Market,2024-04-01,30349.07,2027.95,28321.12,Overdue
23,30,343,5,4,Sudeste,Mid-Market,2024-03-18,24908.32,3875.18,21033.14,Paid
24,32,358,1,4,Sudeste,SMB,2024-03-02,4750.37,859.42,3890.95,Paid
25,33,367,7,4,Sudeste,SMB,2024-04-28,11067.49,320.22,10747.27,Paid
26,34,384,10,3,Centro-Oeste,Mid-Market,2024-03-29,60027.77,4367.67,55660.1,Paid
27,36,391,3,3,Sul,Enterprise,2024-03-18,87344.48,1620.31,85724.17,Pending
28,37,397,3,5,Sudeste,Mid-Market,2024-04-21,41326.51,1882.34,39444.17,Overdue
29,38,404,9,1,Sul,Enterprise,2024-03-20,146559.78,8925.7,137634.08,Pending
30,40,418,2,4,Sudeste,Enterprise,2024-04-07,108430.17,7548.01,100882.16,Paid
31,42,428,7,5,Sudeste,Enterprise,2024-04-10,31650.54,2873.97,28776.57,Overdue
32,43,431,8,6,Sudeste,Enterprise,2024-03-31,44875.59,2300.65,42574.94,Overdue
33,44,443,2,4,Nordeste,Mid-Market,2024-02-15,23442.46,4698.62,18743.84,Paid
34,46,460,3,3,Sul,Enterprise,2024-04-05,111425.88,12554.16,98871.72,Paid
35,50,487,5,3,Sudeste,Enterprise,2024-04-08,134585.85,17443.27,117142.58,Paid
36,51,494,12,2,Sul,Enterprise,2024-04-03,175683.33,6051.39,169631.94,Paid
37,52,501,7,4,Sudeste,Enterprise,2024-05-14,117222.7,7084.05,110138.65,Paid
38,53,531,12,3,Nordeste,Enterprise,2024-04-10,125464.62,10476.82,114987.8,Pending
39,54,535,10,1,Sudeste,SMB,2024-03-27,9936.89,68.21,9868.68,Paid
40,56,567,11,4,Centro-Oeste,Mid-Market,2024-04-25,31841.64,6364.89,25476.75,Pending
41,57,568,12,1,Sudeste,Mid-Market,2024-04-28,51415.28,5526.32,45888.96,Pending
42,58,572,10,5,Sul,Mid-Market,2024-02-20,31911.2,2432.59,29478.61,Pending
43,65,659,6,3,Centro-Oeste,SMB,2024-03-03,7421.2,599.52,6821.68,Paid
44,72,759,7,1,Nordeste,SMB,2024-04-02,12079.35,796.4,11282.95,Paid
45,73,760,11,3,Sul,Mid-Market,2024-04-11,30081.73,1905.28,28176.45,Pending
46,75,772,11,3,Sudeste,SMB,2024-05-14,14799.86,2037.32,12762.54,Paid
47,76,795,4,1,Sudeste,Enterprise,2024-05-06,188969.82,32980.09,155989.73,Paid
48,77,804,6,3,Sul,Mid-Market,2024-03-29,30536.21,496.66,30039.55,Pending
49,78,806,10,1,Centro-Oeste,SMB,2024-06-14,3416.21,109.66,3306.55,Pending
50,79,818,4,3,Sudeste,Mid-Market,2024-03-25,51132.32,3434.4,47697.92,Paid
51,80,853,11,5,Centro-Oeste,SMB,2024-05-14,12623.36,295.0,12328.36,Paid
52,83,884,3,3,Nordeste,Enterprise,2024-03-25,57222.13,6677.75,50544.38,Paid
53,84,887,11,2,Sudeste,SMB,2024-04-12,10930.27,1474.56,9455.71,Paid
54,86,905,7,6,Sul,SMB,2024-03-30,9081.77,1752.31,7329.46,Paid
55,87,909,5,2,Sudeste,SMB,2024-04-10,17113.57,3411.39,13702.18,Paid
56,92,978,1,2,Nordeste,Enterprise,2024-05-06,94570.18,5922.11,88648.07,Paid
57,94,990,9,4,Sudeste,Mid-Market,2024-04-24,20770.47,2064.55,18705.92,Overdue
58,96,1030,7,2,Sul,SMB,2024-04-24,8505.89,1110.61,7395.28,Paid
59,98,1037,1,2,Centro-Oeste,Mid-Market,2024-04-30,20782.58,255.04,20527.54,Paid
60,99,1123,1,5,Sudeste,Mid-Market,2024-05-06,44893.4,3015.46,41877.94,Paid
61,104,1198,6,3,Sudeste,SMB,2024-05-03,7655.6,282.98,7372.62,Paid
62,105,1226,6,5,Sudeste,Enterprise,2024-04-16,48767.28,842.19,47925.09,Paid
63,107,1261,5,1,Sul,Mid-Market,2024-03-21,32269.69,4007.07,28262.62,Paid
64,109,1293,5,3,Sudeste,Enterprise,2024-04-12,104372.54,5902.93,98469.61,Paid
65,110,1303,3,4,Sudeste,Mid-Market,2024-03-19,26471.8,4292.28,22179.52,Paid
66,111,1308,2,3,Sul,Enterprise,2024-03-10,126988.71,12106.99,114881.72,Paid
67,112,1317,10,3,Sudeste,SMB,2024-03-27,16229.32,164.84,16064.48,Paid
68,113,1325,3,2,Sudeste,Mid-Market,2024-05-24,44350.09,7506.86,36843.23,Paid
69,115,1341,9,1,Sul,SMB,2024-06-14,6640.82,1117.89,5522.93,Paid
70,117,1346,2,3,Sul,SMB,2024-04-11,6336.72,526.03,5810.69,Paid
71,118,1389,6,6,Sul,SMB,2024-05-01,7045.06,2061.15,4983.91,Paid
72,119,1400,5,2,Sul,Mid-Market,2024-05-22,26441.81,563.62,25878.19,Paid
73,121,1423,9,3,Nordeste,Enterprise,2024-05-02,54203.42,4768.79,49434.63,Paid
74,122,1428,6,1,Nordeste,Mid-Market,2024-05-29,13861.71,970.56,12891.15,Paid
75,123,1441,7,1,Sul,Mid-Market,2024-03-29,41107.69,3010.07,38097.62,Pending
76,124,1458,11,2,Sudeste,Mid-Market,2024-04-22,17400.67,3125.65,14275.02,Overdue
77,128,1510,6,4,Sudeste,Mid-Market,2024-04-09,21646.86,562.44,21084.42,Paid
78,129,1511,4,1,Sudeste,Enterprise,2024-05-15,131622.51,38743.01,92879.5,Pending
79,132,1548,6,4,Sudeste,SMB,2024-04-22,7099.06,380.23,6718.83,Paid
80,134,1566,12,3,Nordeste,Enterprise,2024-04-10,47849.15,6666.74,41182.41,Paid
81,135,1571,7,2,Sul,SMB,2024-04-11,7548.86,505.12,7043.74,Paid
82,136,1612,9,4,Nordeste,Enterprise,2024-05-13,52523.37,9269.21,43254.16,Paid
83,137,1615,4,5,Nordeste,Mid-Market,2024-05-20,52597.32,6803.8,45793.52,Paid
84,138,1644,1,1,Sudeste,SMB,2024-05-20,9266.79,3031.9,6234.89,Paid
85,139,1648,10,4,Nordeste,SMB,2024-04-18,3693.41,169.84,3523.57,Paid
86,140,1669,10,1,Sudeste,SMB,2024-04-29,9827.6,543.8,9283.8,Overdue
87,143,1682,3,5,Sudeste,SMB,2024-05-26,13607.7,1105.48,12502.22,Paid
88,145,1686,7,1,Sudeste,SMB,2024-04-07,10840.42,1463.46,9376.96,Paid
89,146,1712,6,2,Sudeste,Enterprise,2024-05-16,133766.57,5741.61,128024.96,Paid
90,147,1729,1,1,Sudeste,SMB,2024-05-29,13081.49,1146.54,11934.95,Paid
91,148,1736,8,4,Sudeste,SMB,2024-04-25,9002.34,800.51,8201.83,Paid
92,149,1739,12,3,Sudeste,Mid-Market,2024-05-30,26602.2,3019.02,23583.18,Paid
93,151,1784,8,1,Sudeste,Mid-Market,2024-04-01,50149.19,13156.28,36992.91,Paid
94,152,1792,5,2,Sudeste,Mid-Market,2024-03-27,20764.56,409.11,20355.45,Pending
95,153,1796,11,2,Sudeste,SMB,2024-05-19,14267.94,714.79,13553.15,Paid
96,154,1798,2,2,Sudeste,Mid-Market,2024-05-04,39416.76,5448.91,33967.85,Paid
97,155,1826,5,1,Centro-Oeste,SMB,2024-05-22,9022.12,265.7,8756.42,Paid
98,156,1834,8,1,Sul,Enterprise,2024-05-15,158811.17,9095.5,149715.67,Paid
99,157,1839,6,4,Sudeste,Mid-Market,2024-04-19,49036.33,5506.42,43529.91,Pending
100,158,1840,3,4,Sudeste,Mid-Market,2024-05-16,39568.38,5998.02,33570.36,Paid
101,161,1857,2,1,Sudeste,Mid-Market,2024-04-09,36811.72,2021.92,34789.8,Overdue
102,162,1868,9,1,Sul,SMB,2024-05-13,10329.26,1472.66,8856.6,Paid
103,163,1879,10,3,Sudeste,Enterprise,2024-05-01,151559.89,9973.04,141586.85,Paid
104,165,1899,10,1,Sudeste,Enterprise,2024-04-26,73464.43,654.3,72810.13,Paid
105,167,1920,10,6,Nordeste,Mid-Market,2024-06-20,28340.21,3409.88,24930.33,Paid
106,168,1924,4,2,Nordeste,Mid-Market,2024-04-23,34317.41,1436.44,32880.97,Pending
107,170,1937,9,3,Sul,Mid-Market,2024-04-23,30345.88,2670.6,27675.28,Paid
108,171,1940,11,1,Nordeste,SMB,2024-06-03,6871.81,902.67,5969.14,Overdue
109,173,1953,1,4,Sudeste,Enterprise,2024-06-08,122417.29,12620.29,109797.0,Paid
110,174,1983,7,5,Sul,SMB,2024-04-21,9165.85,1055.78,8110.07,Pending
111,176,2053,7,3,Sul,Mid-Market,2024-04-28,29365.27,1263.92,28101.35,Paid
112,178,2090,2,3,Sul,SMB,2024-05-03,8614.84,645.99,7968.85,Paid
113,180,2110,3,1,Sudeste,Enterprise,2024-05-20,69231.87,2243.62,66988.25,Paid
114,181,2133,1,6,Nordeste,SMB,2024-07-03,9931.32,98.79,9832.53,Pending
115,182,2135,4,3,Sul,SMB,2024-03-29,14761.29,1765.91,12995.38,Overdue
116,183,2152,7,1,Sudeste,SMB,2024-06-01,10085.1,394.56,9690.54,Paid
117,185,2160,3,1,Nordeste,Enterprise,2024-04-03,84233.45,13032.71,71200.74,Paid
118,186,2162,4,2,Sudeste,Enterprise,2024-06-05,71748.9,2900.71,68848.19,Paid
119,187,2187,7,4,Sudeste,Mid-Market,2024-05-21,40587.66,2688.3,37899.36,Paid
120,189,2217,10,1,Sul,SMB,2024-05-03,8597.0,1818.73,6778.27,Paid
121,190,2220,3,2,Centro-Oeste,Mid-Market,2024-04-18,47513.9,3029.21,44484.69,Pending
122,191,2227,10,4,Centro-Oeste,Mid-Market,2024-05-21,36039.36,1995.03,34044.33,Overdue
123,192,2237,9,1,Sudeste,SMB,2024-05-05,19079.95,2819.05,16260.9,Paid
124,193,2240,1,3,Nordeste,Enterprise,2024-04-18,146611.93,15208.58,131403.35,Pending
125,194,2244,1,2,Sudeste,Mid-Market,2024-03-28,42713.04,4009.66,38703.38,Overdue
126,195,2252,8,4,Centro-Oeste,Mid-Market,2024-05-24,19589.23,4230.94,15358.29,Paid
127,196,2254,8,3,Centro-Oeste,Mid-Market,2024-04-25,30599.34,2791.07,27808.27,Overdue
128,197,2274,12,5,Sul,Mid-Market,2024-05-05,63487.73,7553.74,55933.99,Overdue
129,199,2329,9,3,Sudeste,Mid-Market,2024-06-01,25010.42,207.24,24803.18,Paid
130,200,2353,11,1,Sudeste,Mid-Market,2024-06-27,36238.54,8505.33,27733.21,Paid
131,201,2364,12,5,Sudeste,Enterprise,2024-04-06,61430.71,4748.78,56681.93,Paid
132,202,2365,5,3,Nordeste,Mid-Market,2024-05-30,77075.85,4328.55,72747.3,Pending
133,205,2389,4,4,Sul,SMB,2024-06-17,6303.8,193.86,6109.94,Paid
134,206,2424,8,1,Sudeste,SMB,2024-04-25,14661.96,387.7,14274.26,Pending
135,207,2426,2,4,Centro-Oeste,Mid-Market,2024-05-04,55566.85,11170.82,44396.03,Paid
136,208,2442,9,1,Nordeste,Enterprise,2024-05-18,107008.17,8702.91,98305.26,Paid
137,210,2466,7,4,Sudeste,Mid-Market,2024-06-03,35918.64,4183.71,31734.93,Overdue
138,213,2485,6,4,Sudeste,Enterprise,2024-04-26,48432.97,2961.84,45471.13,Paid
139,214,2493,10,1,Sudeste,Mid-Market,2024-05-26,28991.44,1205.44,27786.0,Paid
140,216,2534,3,1,Nordeste,SMB,2024-06-02,17575.52,2285.77,15289.75,Paid
141,217,2599,3,6,Sudeste,Mid-Market,2024-04-23,44791.26,2669.41,42121.85,Paid
142,218,2606,1,1,Centro-Oeste,Enterprise,2024-04-18,59167.46,8202.88,50964.58,Paid
143,219,2661,8,5,Sudeste,SMB,2024-05-31,14691.97,1072.86,13619.11,Paid
144,220,2668,6,1,Sudeste,Enterprise,2024-05-31,53939.01,3212.39,50726.62,Paid
145,222,2717,11,3,Sudeste,SMB,2024-06-06,11991.14,486.44,11504.7,Pending
146,224,2727,3,4,Centro-Oeste,Enterprise,2024-04-30,125735.26,16431.99,109303.27,Overdue
147,225,2731,10,1,Sudeste,Mid-Market,2024-05-11,25399.95,2264.27,23135.68,Paid
148,228,2760,11,3,Sul,Mid-Market,2024-06-08,19760.89,1669.77,18091.12,Paid
149,229,2789,10,6,Sudeste,Mid-Market,2024-06-26,16643.07,1352.42,15290.65,Paid
150,231,2818,1,3,Nordeste,SMB,2024-05-10,5695.49,255.03,5440.46,Paid
151,232,2823,7,1,Sudeste,Enterprise,2024-06-06,219172.9,30917.03,188255.87,Pending
152,233,2849,2,4,Nordeste,SMB,2024-06-21,17338.78,503.55,16835.23,Overdue
153,235,2858,11,2,Sudeste,Mid-Market,2024-06-12,39041.4,545.74,38495.66,Paid
154,236,2860,11,3,Sudeste,Mid-Market,2024-07-29,37718.23,2199.66,35518.57,Paid
155,239,2913,10,3,Sudeste,Mid-Market,2024-05-25,52720.9,575.66,52145.24,Pending
156,241,2925,11,1,Sudeste,Mid-Market,2024-07-03,25756.28,1542.28,24214.0,Paid
157,242,2927,3,3,Nordeste,Mid-Market,2024-05-29,41817.95,4665.33,37152.62,Paid
158,245,2976,6,4,Nordeste,SMB,2024-04-26,13421.34,1803.14,11618.2,Paid
159,247,2989,10,1,Sudeste,Enterprise,2024-04-27,143154.96,15941.65,127213.31,Paid
160,250,3060,12,2,Sudeste,Enterprise,2024-06-16,110410.14,8706.92,101703.22,Paid
161,251,3118,8,3,Sul,Enterprise,2024-05-21,172096.15,5379.99,166716.16,Paid
162,258,3234,4,1,Nordeste,Enterprise,2024-04-22,106619.16,6434.09,100185.07,Overdue
163,261,3256,12,4,Sul,Mid-Market,2024-06-29,58472.89,2287.58,56185.31,Paid
164,262,3259,4,3,Sudeste,SMB,2024-05-27,7225.82,19.17,7206.65,Paid
165,263,3268,3,4,Sul,Enterprise,2024-07-10,126141.23,14504.73,111636.5,Paid
166,264,3295,9,3,Nordeste,Enterprise,2024-07-05,57508.16,12173.69,45334.47,Paid
167,265,3302,2,2,Sul,SMB,2024-07-23,8890.59,837.11,8053.48,Paid
168,266,3328,12,5,Sudeste,Mid-Market,2024-05-13,21763.26,564.21,21199.05,Overdue
169,267,3335,11,2,Sul,Mid-Market,2024-05-22,27823.85,207.86,27615.99,Paid
170,268,3343,1,1,Sudeste,SMB,2024-05-29,9495.76,530.12,8965.64,Paid
171,269,3369,5,1,Sudeste,Mid-Market,2024-05-02,20680.72,2328.97,18351.75,Paid
172,271,3418,8,4,Sul,Mid-Market,2024-06-04,25225.7,629.41,24596.29,Pending
173,272,3480,9,3,Sudeste,Mid-Market,2024-06-17,50888.0,7950.22,42937.78,Paid
174,273,3495,6,1,Sul,Mid-Market,2024-06-10,37933.14,6883.23,31049.91,Overdue
175,274,3510,9,2,Nordeste,Enterprise,2024-06-11,63302.24,595.7,62706.54,Paid
176,275,3526,4,2,Nordeste,SMB,2024-04-14,9660.62,856.03,8804.59,Paid
177,277,3539,12,1,Sudeste,SMB,2024-07-09,11449.48,1708.36,9741.12,Paid
178,279,3570,9,2,Sudeste,SMB,2024-06-22,8998.96,1504.8,7494.16,Paid
179,281,3576,12,2,Sudeste,Enterprise,2024-06-30,107873.09,13507.22,94365.87,Paid
180,283,3596,10,6,Centro-Oeste,Mid-Market,2024-07-26,37971.25,1630.26,36340.99,Pending
181,284,3600,6,2,Sudeste,SMB,2024-06-07,15896.1,1037.11,14858.99,Paid
182,286,3627,8,5,Sul,SMB,2024-06-14,5261.03,877.44,4383.59,Paid
183,287,3628,11,3,Sudeste,SMB,2024-06-03,13759.8,424.99,13334.81,Paid
184,288,3650,9,5,Sul,Enterprise,2024-06-10,102452.65,10153.39,92299.26,Paid
185,289,3656,2,1,Sudeste,SMB,2024-06-14,10905.99,1244.48,9661.51,Paid
186,290,3660,5,1,Sul,Enterprise,2024-06-07,108232.53,16668.54,91563.99,Paid
187,293,3688,9,6,Nordeste,Mid-Market,2024-06-04,77834.62,8753.84,69080.78,Paid
188,294,3691,6,1,Sul,SMB,2024-06-09,6640.05,1044.16,5595.89,Paid
189,298,3736,8,6,Sudeste,SMB,2024-06-19,7892.06,393.14,7498.92,Paid
190,299,3746,9,4,Sudeste,Enterprise,2024-06-28,43446.91,395.79,43051.12,Paid
191,300,3753,10,3,Sudeste,SMB,2024-06-05,12789.94,2390.33,10399.61,Paid
192,301,3760,11,1,Nordeste,Mid-Market,2024-05-11,17309.33,311.81,16997.52,Paid
193,303,3806,3,1,Sul,Enterprise,2024-07-01,85175.66,2515.44,82660.22,Paid
194,304,3854,3,2,Sudeste,Mid-Market,2024-05-21,21206.56,5647.07,15559.49,Paid
195,306,3873,4,1,Nordeste,SMB,2024-08-06,11438.42,984.38,10454.04,Pending
196,308,3880,8,2,Nordeste,Mid-Market,2024-05-26,47533.17,5493.32,42039.85,Paid
197,309,3883,7,4,Sudeste,Enterprise,2024-08-17,59740.7,11887.04,47853.66,Overdue
198,310,3885,6,6,Nordeste,Mid-Market,2024-05-28,42063.99,2578.46,39485.53,Paid
199,311,3887,11,6,Sul,Mid-Market,2024-06-23,42015.08,5247.25,36767.83,Pending
200,312,3897,1,2,Centro-Oeste,SMB,2024-06-07,10946.04,1423.5,9522.54,Pending
201,315,3923,8,2,Sudeste,Enterprise,2024-06-30,114612.59,20759.95,93852.64,Paid
202,318,3955,2,1,Sudeste,Enterprise,2024-07-02,55209.07,3808.91,51400.16,Pending
203,322,3980,10,3,Nordeste,Mid-Market,2024-07-28,18416.67,1240.8,17175.87,Paid
204,323,3987,10,1,Sudeste,SMB,2024-06-23,10358.42,701.93,9656.49,Overdue
205,325,4014,1,1,Sul,Enterprise,2024-06-27,147115.4,31065.1,116050.3,Pending
206,330,4050,1,4,Nordeste,SMB,2024-07-30,5531.17,100.0,5431.17,Paid
207,331,4065,2,1,Sudeste,Enterprise,2024-06-21,103437.86,14891.74,88546.12,Overdue
208,332,4068,8,3,Sudeste,Mid-Market,2024-05-18,41245.58,15935.73,25309.85,Pending
209,333,4069,8,6,Sudeste,SMB,2024-05-29,9221.38,445.13,8776.25,Paid
210,334,4074,8,1,Sudeste,Mid-Market,2024-07-05,24308.61,3139.95,21168.66,Paid
211,335,4083,2,4,Sudeste,SMB,2024-07-28,4783.19,411.98,4371.21,Pending
212,337,4094,6,1,Sudeste,Mid-Market,2024-07-13,18883.5,3161.12,15722.38,Paid
213,339,4120,5,3,Sul,Enterprise,2024-06-01,92477.93,7223.53,85254.4,Paid
214,341,4153,12,2,Sudeste,SMB,2024-06-20,6733.33,46.32,6687.01,Pending
215,342,4205,2,4,Centro-Oeste,Enterprise,2024-07-27,143359.72,2658.53,140701.19,Paid
216,346,4247,4,5,Sudeste,SMB,2024-07-08,7436.33,1149.7,6286.63,Paid
217,350,4269,2,4,Nordeste,Enterprise,2024-05-28,68537.76,3233.29,65304.47,Pending
218,351,4284,9,1,Sul,Mid-Market,2024-06-24,41190.46,7069.34,34121.12,Paid
219,356,4321,4,5,Sul,SMB,2024-07-08,7882.09,1977.29,5904.8,Pending
220,357,4323,4,3,Sudeste,Mid-Market,2024-07-03,17978.53,2013.91,15964.62,Paid
221,358,4351,9,1,Nordeste,SMB,2024-06-01,6124.32,907.26,5217.06,Paid
222,359,4357,2,6,Sul,Enterprise,2024-06-01,91283.61,4078.84,87204.77,Paid
223,361,4391,8,1,Centro-Oeste,SMB,2024-06-15,11880.3,545.25,11335.05,Paid
224,364,4444,9,6,Centro-Oeste,Enterprise,2024-06-25,165933.36,8099.47,157833.89,Paid
225,366,4463,11,2,Sudeste,SMB,2024-07-23,13004.59,828.46,12176.13,Paid
226,368,4468,12,3,Sudeste,Enterprise,2024-07-05,144350.12,56756.88,87593.24,Paid
227,371,4523,2,4,Sudeste,Enterprise,2024-07-26,43958.01,4503.41,39454.6,Paid
228,374,4573,1,1,Nordeste,Enterprise,2024-06-26,138733.12,7066.84,131666.28,Overdue
229,375,4574,5,2,Centro-Oeste,Mid-Market,2024-07-06,34471.58,3381.62,31089.96,Paid
230,376,4579,4,3,Sudeste,Mid-Market,2024-08-21,63191.87,14802.17,48389.7,Paid
231,378,4637,3,2,Sudeste,Enterprise,2024-06-01,45610.72,1268.65,44342.07,Paid
232,379,4640,10,1,Sudeste,Mid-Market,2024-06-20,48410.34,5802.04,42608.3,Paid
233,380,4654,3,1,Centro-Oeste,Enterprise,2024-06-05,78934.45,2889.78,76044.67,Pending
234,381,4668,6,2,Centro-Oeste,Enterprise,2024-07-19,124469.55,27652.69,96816.86,Pending
235,382,4673,5,1,Sudeste,SMB,2024-07-24,10550.16,1074.17,9475.99,Paid
236,384,4675,1,3,Nordeste,SMB,2024-07-12,12670.38,1306.22,11364.16,Paid
237,385,4676,9,1,Sudeste,Mid-Market,2024-07-22,39940.25,3134.48,36805.77,Paid
238,387,4693,4,4,Sudeste,SMB,2024-07-09,11775.76,933.11,10842.65,Paid
239,392,4748,6,3,Nordeste,Mid-Market,2024-08-05,46159.79,2864.49,43295.3,Paid
240,393,4758,3,6,Sudeste,Enterprise,2024-07-28,85671.07,14794.77,70876.3,Pending
241,395,4767,5,3,Sudeste,SMB,2024-09-07,5932.77,947.6,4985.17,Paid
242,398,4788,7,4,Sudeste,SMB,2024-08-17,23196.86,1555.75,21641.11,Paid
243,399,4790,7,3,Sul,SMB,2024-07-22,18138.05,3597.9,14540.15,Pending
244,400,4794,9,6,Centro-Oeste,Enterprise,2024-08-24,50562.98,3217.07,47345.91,Paid
245,402,4801,11,2,Sudeste,Mid-Market,2024-06-21,52933.32,3084.19,49849.13,Paid
246,403,4802,1,1,Sudeste,SMB,2024-06-22,7307.59,370.64,6936.95,Paid
247,404,4804,11,3,Sul,Mid-Market,2024-06-24,35392.88,6342.22,29050.66,Paid
248,406,4813,4,3,Centro-Oeste,SMB,2024-07-12,16053.25,1087.56,14965.69,Pending
249,407,4842,10,2,Nordeste,Enterprise,2024-07-18,204000.6,12309.99,191690.61,Pending
250,408,4844,5,2,Sudeste,Enterprise,2024-07-10,80314.5,6797.44,73517.06,Paid
251,409,4871,11,2,Sul,Enterprise,2024-08-21,102743.24,16166.2,86577.04,Paid
252,411,4883,7,3,Sudeste,Enterprise,2024-07-01,174741.74,21118.32,153623.42,Pending
253,412,4886,10,5,Sul,Enterprise,2024-07-17,111675.26,5994.48,105680.78,Paid
254,415,4953,6,1,Sudeste,Mid-Market,2024-06-29,36210.13,3636.99,32573.14,Paid
255,416,4960,5,4,Sul,Mid-Market,2024-06-24,30549.7,4136.43,26413.27,Paid
256,417,4970,3,3,Sudeste,SMB,2024-07-21,5617.58,484.99,5132.59,Paid
257,419,5056,5,2,Sudeste,SMB,2024-07-18,6236.99,578.79,5658.2,Paid
258,420,5063,2,2,Centro-Oeste,SMB,2024-06-05,6936.44,67.09,6869.35,Paid
259,421,5076,9,1,Sudeste,Enterprise,2024-07-07,72410.71,6389.98,66020.73,Paid
260,422,5078,6,1,Centro-Oeste,SMB,2024-08-08,11101.93,1297.84,9804.09,Pending
261,423,5081,10,1,Sudeste,SMB,2024-07-23,11691.48,1955.5,9735.98,Pending
262,425,5089,9,6,Sul,Mid-Market,2024-06-18,31075.6,830.0,30245.6,Paid
263,427,5112,6,3,Sudeste,SMB,2024-08-09,8323.23,63.86,8259.37,Paid
264,430,5140,9,5,Centro-Oeste,Mid-Market,2024-08-21,42135.15,2821.29,39313.86,Paid
265,433,5209,9,1,Nordeste,SMB,2024-08-29,6880.2,936.93,5943.27,Paid
266,434,5213,7,6,Sudeste,SMB,2024-07-21,9499.14,88.31,9410.83,Paid
267,436,5225,1,3,Nordeste,Enterprise,2024-07-20,131832.64,7533.25,124299.39,Pending
268,437,5226,10,2,Sul,SMB,2024-08-18,8962.68,216.85,8745.83,Paid
269,441,5316,3,2,Centro-Oeste,Mid-Market,2024-06-01,38266.59,1212.46,37054.13,Paid
270,443,5329,3,2,Sudeste,SMB,2024-08-13,8841.64,928.13,7913.51,Paid
271,444,5336,12,4,Sudeste,Mid-Market,2024-08-30,15175.82,1534.95,13640.87,Paid
272,446,5347,11,4,Sul,Mid-Market,2024-07-09,36211.45,1648.25,34563.2,Paid
273,447,5357,2,3,Sudeste,Enterprise,2024-07-22,105741.84,6416.59,99325.25,Pending
274,448,5362,6,1,Sul,SMB,2024-07-19,8024.61,25.52,7999.09,Paid
275,449,5367,5,2,Sudeste,Mid-Market,2024-08-22,14038.37,509.43,13528.94,Paid
276,450,5402,6,1,Sudeste,Enterprise,2024-07-18,112105.93,5966.49,106139.44,Paid
277,452,5461,8,3,Sul,SMB,2024-07-31,7172.04,120.19,7051.85,Paid
278,453,5463,2,1,Sul,Enterprise,2024-08-12,114042.81,17831.23,96211.58,Pending
279,455,5483,5,2,Sul,SMB,2024-08-04,7092.91,732.11,6360.8,Paid
280,456,5500,7,2,Sul,Enterprise,2024-08-04,52347.09,4075.53,48271.56,Paid
281,457,5504,10,3,Sudeste,Enterprise,2024-07-12,101913.37,15583.53,86329.84,Paid
282,460,5528,2,1,Nordeste,Enterprise,2024-09-27,109337.44,8331.17,101006.27,Paid
283,461,5530,9,4,Sul,Enterprise,2024-08-10,65656.61,7481.94,58174.67,Pending
284,462,5552,11,1,Nordeste,Mid-Market,2024-10-04,39404.0,2442.07,36961.93,Paid
285,464,5580,12,4,Sudeste,Enterprise,2024-08-24,126425.31,23036.85,103388.46,Paid
286,465,5610,9,4,Centro-Oeste,Mid-Market,2024-06-21,68616.53,1666.28,66950.25,Paid
287,467,5626,9,3,Sudeste,Enterprise,2024-10-06,97137.97,18186.28,78951.69,Paid
288,468,5633,2,2,Sudeste,SMB,2024-08-31,21002.41,2392.8,18609.61,Paid
289,469,5635,12,1,Sudeste,Enterprise,2024-08-19,191395.26,19716.98,171678.28,Pending
290,473,5668,8,5,Sul,Mid-Market,2024-08-19,31751.25,2714.14,29037.11,Paid
291,474,5676,4,6,Nordeste,Mid-Market,2024-07-27,24365.91,2117.41,22248.5,Pending
292,475,5677,6,1,Nordeste,Enterprise,2024-08-01,77811.21,14716.51,63094.7,Paid
293,476,5678,8,3,Sudeste,SMB,2024-08-17,6429.41,586.01,5843.4,Paid
294,477,5682,3,2,Sudeste,Mid-Market,2024-07-09,45206.51,5213.88,39992.63,Paid
295,480,5705,12,3,Sudeste,Enterprise,2024-08-10,50947.71,1627.79,49319.92,Paid
296,481,5724,11,5,Nordeste,Mid-Market,2024-07-05,32787.29,4439.05,28348.24,Pending
297,482,5727,9,3,Sul,Mid-Market,2024-08-07,59066.59,3441.53,55625.06,Paid
298,484,5755,11,1,Sul,Enterprise,2024-08-13,53606.87,5166.7,48440.17,Paid
299,485,5782,8,6,Nordeste,Mid-Market,2024-07-24,36818.14,5903.4,30914.74,Paid
300,486,5815,9,3,Sudeste,SMB,2024-10-02,8062.4,515.39,7547.01,Paid
301,487,5827,12,3,Sudeste,Mid-Market,2024-08-27,88430.0,10915.39,77514.61,Paid
302,488,5830,5,4,Sudeste,Enterprise,2024-07-16,82076.12,3758.98,78317.14,Paid
303,489,5840,1,1,Sudeste,SMB,2024-07-23,11507.9,1031.12,10476.78,Paid
304,491,5868,12,4,Sul,Mid-Market,2024-07-25,27811.76,4458.27,23353.49,Paid
305,492,5877,1,3,Sul,SMB,2024-08-14,11090.92,322.61,10768.31,Paid
306,493,5878,6,1,Sul,SMB,2024-07-29,9237.09,699.7,8537.39,Paid
307,498,5939,2,3,Sudeste,SMB,2024-07-29,12325.96,501.44,11824.52,Paid
308,500,5952,9,3,Centro-Oeste,Mid-Market,2024-08-19,34508.2,3731.49,30776.71,Pending
309,504,6059,8,4,Centro-Oeste,Mid-Market,2024-08-21,17288.01,2188.82,15099.19,Paid
310,505,6066,7,5,Sudeste,Mid-Market,2024-09-14,76690.95,14258.95,62432.0,Paid
311,509,6094,12,3,Sudeste,Enterprise,2024-09-06,99153.37,8456.7,90696.67,Paid
312,510,6097,3,1,Centro-Oeste,SMB,2024-08-16,8845.66,1447.36,7398.3,Paid
313,512,6100,11,1,Sul,SMB,2024-08-04,6881.71,429.77,6451.94,Paid
314,513,6113,7,2,Nordeste,SMB,2024-06-30,9216.25,1411.96,7804.29,Paid
315,514,6138,3,1,Sudeste,Enterprise,2024-07-23,128182.33,8501.02,119681.31,Paid
316,515,6147,9,4,Sudeste,SMB,2024-07-08,19253.43,1378.22,17875.21,Paid
317,516,6156,2,1,Sudeste,Enterprise,2024-08-03,232917.42,29006.52,203910.9,Paid
318,517,6161,11,3,Sudeste,Enterprise,2024-08-08,188192.03,16505.76,171686.27,Paid
319,519,6218,7,3,Centro-Oeste,SMB,2024-09-20,9682.37,1122.24,8560.13,Paid
320,520,6222,4,1,Sul,Mid-Market,2024-09-02,28113.01,3178.08,24934.93,Pending
321,521,6240,6,3,Nordeste,SMB,2024-09-15,13168.79,1657.71,11511.08,Paid
322,523,6251,12,5,Sul,SMB,2024-07-29,12685.58,1637.79,11047.79,Paid
323,524,6254,1,2,Sul,Mid-Market,2024-09-12,50819.66,2158.14,48661.52,Paid
324,525,6255,10,6,Sul,Enterprise,2024-08-19,44984.49,3905.09,41079.4,Paid
325,527,6278,4,3,Sudeste,SMB,2024-08-15,10236.77,759.48,9477.29,Paid
326,528,6293,12,6,Sudeste,Enterprise,2024-07-19,141463.21,5415.5,136047.71,Paid
327,531,6335,11,4,Sul,SMB,2024-07-14,26694.42,1517.73,25176.69,Paid
328,532,6359,9,3,Sudeste,Mid-Market,2024-08-31,45442.14,4214.89,41227.25,Paid
329,534,6388,6,1,Sul,SMB,2024-10-03,15668.36,673.83,14994.53,Paid
330,537,6408,1,1,Sudeste,Mid-Market,2024-08-01,37768.16,1512.65,36255.51,Paid
331,538,6411,4,1,Sul,Enterprise,2024-09-20,66697.81,4279.08,62418.73,Paid
332,540,6428,3,2,Sudeste,Mid-Market,2024-08-25,18103.9,275.12,17828.78,Pending
333,541,6433,8,1,Sudeste,SMB,2024-07-26,4497.68,549.69,3947.99,Paid
334,544,6480,1,2,Sudeste,Enterprise,2024-08-19,82696.88,8563.42,74133.46,Paid
335,547,6505,6,4,Nordeste,Mid-Market,2024-07-26,35524.99,4957.92,30567.07,Paid
336,548,6513,7,1,Nordeste,Enterprise,2024-09-06,41051.02,4206.77,36844.25,Paid
337,550,6556,2,2,Sudeste,Enterprise,2024-09-23,195140.67,29514.48,165626.19,Paid
338,552,6575,6,2,Sudeste,Mid-Market,2024-08-03,22395.75,3574.97,18820.78,Pending
339,554,6583,6,4,Nordeste,Enterprise,2024-08-21,124578.31,8499.69,116078.62,Paid
340,559,6689,11,3,Sudeste,Mid-Market,2024-08-09,52571.26,4882.97,47688.29,Paid
341,560,6696,7,2,Nordeste,Mid-Market,2024-07-24,51673.13,1463.08,50210.05,Paid
342,561,6701,12,1,Nordeste,Enterprise,2024-07-29,345544.09,22242.41,323301.68,Paid
343,563,6707,3,1,Sudeste,SMB,2024-08-07,14874.66,275.01,14599.65,Paid
344,566,6718,12,5,Sudeste,Mid-Market,2024-07-24,75176.53,5661.89,69514.64,Paid
345,567,6727,9,1,Nordeste,Enterprise,2024-09-24,90952.29,1110.93,89841.36,Paid
346,568,6733,3,5,Nordeste,Mid-Market,2024-08-04,30124.76,693.69,29431.07,Paid
347,570,6737,2,1,Sul,Mid-Market,2024-09-13,30314.46,1488.88,28825.58,Paid
348,571,6755,7,2,Centro-Oeste,Mid-Market,2024-09-11,19098.41,1684.44,17413.97,Paid
349,573,6770,8,2,Sudeste,Mid-Market,2024-10-08,27639.41,5449.9,22189.51,Paid
350,575,6786,3,3,Centro-Oeste,SMB,2024-09-25,10269.27,1460.96,8808.31,Paid
351,578,6805,10,5,Sudeste,SMB,2024-09-16,18180.33,1916.76,16263.57,Paid
352,580,6823,7,3,Sudeste,Mid-Market,2024-08-01,53396.14,1349.79,52046.35,Pending
353,581,6824,3,1,Sudeste,SMB,2024-09-07,10395.8,128.59,10267.21,Paid
354,587,6871,1,3,Sudeste,Enterprise,2024-08-21,128878.2,15315.4,113562.8,Pending
355,589,6925,7,2,Nordeste,Mid-Market,2024-08-23,20627.18,1136.43,19490.75,Paid
356,592,6957,1,2,Sul,Enterprise,2024-09-23,92414.15,17775.39,74638.76,Paid
357,593,6969,7,3,Nordeste,SMB,2024-07-28,12006.05,813.4,11192.65,Paid
358,595,6976,6,1,Sul,Enterprise,2024-09-04,108459.98,15118.95,93341.03,Paid
359,598,7038,6,4,Sul,SMB,2024-08-28,10624.21,188.71,10435.5,Pending
360,599,7045,4,6,Sudeste,Enterprise,2024-09-15,99461.55,25526.95,73934.6,Paid
361,600,7071,9,3,Sudeste,Mid-Market,2024-09-15,25909.54,1786.28,24123.26,Paid
362,603,7103,9,3,Sul,Mid-Market,2024-08-18,37724.5,1975.17,35749.33,Overdue
363,605,7121,10,2,Nordeste,SMB,2024-09-12,11155.3,937.17,10218.13,Paid
364,606,7124,9,5,Sul,Mid-Market,2024-10-30,23413.93,2537.8,20876.13,Paid
365,607,7146,5,4,Sudeste,SMB,2024-08-13,8386.11,918.01,7468.1,Paid
366,608,7156,8,4,Nordeste,Mid-Market,2024-08-17,16711.97,1448.92,15263.05,Paid
367,610,7177,2,1,Sul,Enterprise,2024-10-13,114965.9,15523.92,99441.98,Paid
368,612,7200,11,3,Centro-Oeste,SMB,2024-10-14,11625.35,422.73,11202.62,Paid
369,613,7213,9,3,Sudeste,Mid-Market,2024-09-14,55646.97,3264.36,52382.61,Paid
370,614,7237,3,2,Nordeste,Mid-Market,2024-09-05,32883.98,2325.53,30558.45,Paid
371,616,7250,4,3,Sudeste,SMB,2024-10-05,8282.37,620.08,7662.29,Paid
372,617,7260,4,1,Nordeste,Enterprise,2024-08-17,58494.96,4306.46,54188.5,Pending
373,621,7289,11,3,Sudeste,SMB,2024-08-04,5290.34,578.6,4711.74,Paid
374,622,7293,7,5,Centro-Oeste,Mid-Market,2024-09-13,35580.87,3430.95,32149.92,Paid
375,625,7344,5,1,Sul,Mid-Market,2024-09-27,19968.9,2639.56,17329.34,Paid
376,628,7411,10,4,Sudeste,SMB,2024-09-04,6908.43,108.05,6800.38,Paid
377,629,7421,6,1,Sudeste,Enterprise,2024-10-24,70995.99,3056.73,67939.26,Paid
378,630,7428,12,1,Sudeste,Enterprise,2024-08-28,118184.91,11089.32,107095.59,Paid
379,631,7432,3,3,Nordeste,Mid-Market,2024-11-14,42613.4,3556.46,39056.94,Pending
380,634,7457,11,4,Sul,Enterprise,2024-09-02,96249.89,9212.99,87036.9,Paid
381,635,7465,3,6,Sudeste,Mid-Market,2024-10-03,38626.67,5498.11,33128.56,Paid
382,636,7469,1,4,Sul,SMB,2024-08-31,6601.7,638.3,5963.4,Paid
383,639,7505,8,3,Sudeste,Mid-Market,2024-09-24,30151.67,2489.09,27662.58,Paid
384,641,7537,5,3,Nordeste,Mid-Market,2024-08-28,23275.19,2744.93,20530.26,Overdue
385,642,7545,6,3,Centro-Oeste,SMB,2024-10-11,18014.13,2845.16,15168.97,Paid
386,643,7583,11,1,Sul,Mid-Market,2024-11-11,38872.89,937.61,37935.28,Paid
387,645,7588,12,6,Sudeste,Mid-Market,2024-08-17,31109.78,4662.75,26447.03,Paid
388,646,7592,2,6,Sudeste,SMB,2024-08-08,6831.78,381.54,6450.24,Paid
389,647,7615,6,2,Sul,SMB,2024-09-09,6301.72,60.73,6240.99,Paid
390,649,7636,5,1,Sul,SMB,2024-09-07,11813.23,1445.59,10367.64,Pending
391,650,7637,11,3,Nordeste,Enterprise,2024-09-28,115375.53,11961.33,103414.2,Paid
392,651,7639,9,3,Sul,Mid-Market,2024-09-14,45256.91,6328.44,38928.47,Paid
393,652,7641,11,1,Sudeste,SMB,2024-09-30,5929.03,235.59,5693.44,Paid
394,653,7650,7,4,Sul,Mid-Market,2024-09-15,33484.91,1449.89,32035.02,Paid
395,654,7658,2,4,Sudeste,Mid-Market,2024-10-28,57055.01,6794.86,50260.15,Paid
396,655,7663,5,3,Sul,SMB,2024-09-12,6700.05,1171.17,5528.88,Paid
397,656,7671,1,6,Sudeste,Enterprise,2024-09-27,172872.97,8854.13,164018.84,Pending
398,657,7675,3,3,Sudeste,SMB,2024-09-05,9396.73,786.37,8610.36,Paid
399,661,7770,9,3,Sul,SMB,2024-08-08,16789.52,1151.72,15637.8,Paid
400,662,7772,5,1,Centro-Oeste,Enterprise,2024-08-27,103121.14,15814.27,87306.87,Paid
401,663,7786,8,6,Sudeste,Mid-Market,2024-09-30,31030.16,2612.91,28417.25,Paid
402,664,7790,1,1,Sul,SMB,2024-09-05,12140.37,749.26,11391.11,Paid
403,665,7791,6,4,Sudeste,SMB,2024-09-07,15460.17,1653.78,13806.39,Paid
404,666,7814,9,2,Sul,SMB,2024-08-26,9522.57,132.58,9389.99,Paid
405,671,7855,4,2,Nordeste,SMB,2024-09-09,10990.96,995.62,9995.34,Paid
406,672,7860,3,4,Sudeste,SMB,2024-09-15,7335.62,340.0,6995.62,Overdue
407,673,7865,9,4,Sudeste,Mid-Market,2024-10-06,37331.22,3463.9,33867.32,Paid
408,674,7879,9,6,Sudeste,Enterprise,2024-10-20,101850.51,16160.26,85690.25,Paid
409,675,7888,1,1,Nordeste,Enterprise,2024-09-29,29295.76,4858.88,24436.88,Overdue
410,678,7896,1,3,Sul,Enterprise,2024-09-25,67841.27,11619.92,56221.35,Paid
411,679,7905,3,6,Sul,SMB,2024-10-30,12041.64,2916.6,9125.04,Pending
412,680,7934,1,1,Sudeste,SMB,2024-10-14,14489.03,1780.23,12708.8,Paid
413,684,7995,8,1,Sudeste,SMB,2024-09-21,7204.65,1494.38,5710.27,Paid
414,685,8003,2,2,Sul,Mid-Market,2024-10-11,27316.41,2036.83,25279.58,Paid
415,686,8013,7,3,Sudeste,SMB,2024-09-29,6075.24,624.73,5450.51,Pending
416,687,8039,3,1,Centro-Oeste,Enterprise,2024-10-08,35574.49,3798.87,31775.62,Paid
417,689,8079,10,6,Centro-Oeste,Enterprise,2024-09-18,48842.99,6209.77,42633.22,Paid
418,690,8091,1,2,Centro-Oeste,Enterprise,2024-11-23,48360.55,4437.89,43922.66,Paid
419,692,8106,11,1,Centro-Oeste,Enterprise,2024-09-08,46647.1,4669.51,41977.59,Pending
420,693,8108,7,5,Sudeste,Enterprise,2024-09-03,40839.34,5536.49,35302.85,Overdue
421,697,8146,10,3,Sul,SMB,2024-11-17,19367.31,3084.51,16282.8,Paid
422,698,8147,11,2,Sul,Mid-Market,2024-08-14,41210.68,2996.44,38214.24,Paid
423,699,8150,8,1,Sul,SMB,2024-11-06,11683.93,2129.71,9554.22,Paid
424,700,8166,7,3,Centro-Oeste,SMB,2024-11-10,15239.6,2561.14,12678.46,Paid
425,703,8190,11,4,Sudeste,Mid-Market,2024-10-13,15584.39,1273.16,14311.23,Paid
426,704,8207,2,2,Sudeste,Mid-Market,2024-11-01,26579.91,496.56,26083.35,Paid
427,705,8216,2,1,Sudeste,SMB,2024-08-31,12747.67,175.24,12572.43,Paid
428,706,8229,10,6,Sudeste,SMB,2024-08-31,6273.25,1085.58,5187.67,Paid
429,707,8255,11,3,Sudeste,SMB,2024-11-20,6479.65,670.41,5809.24,Overdue
430,708,8272,10,1,Sudeste,Enterprise,2024-08-18,189718.96,13555.85,176163.11,Paid
431,710,8299,10,1,Sul,Enterprise,2024-10-22,166569.21,20087.86,146481.35,Paid
432,712,8308,6,3,Sul,Mid-Market,2024-10-05,33753.09,9336.4,24416.69,Pending
433,714,8318,1,5,Sudeste,Enterprise,2024-10-22,98221.18,15153.52,83067.66,Paid
434,715,8335,12,1,Sul,Mid-Market,2024-10-07,25772.09,2669.03,23103.06,Overdue
435,716,8340,5,4,Centro-Oeste,SMB,2024-12-06,6755.54,734.95,6020.59,Paid
436,718,8350,10,1,Centro-Oeste,Mid-Market,2024-08-21,49683.49,5872.41,43811.08,Paid
437,719,8352,1,5,Nordeste,Enterprise,2024-10-09,50893.67,2134.65,48759.02,Paid
438,720,8354,11,1,Sul,SMB,2024-11-07,7193.95,726.06,6467.89,Paid
439,722,8380,6,2,Sudeste,Mid-Market,2024-10-28,34243.25,4184.01,30059.24,Paid
440,723,8386,2,2,Sudeste,Enterprise,2024-11-13,140815.25,9005.19,131810.06,Pending
441,725,8410,10,3,Sudeste,SMB,2024-10-21,8313.07,1184.0,7129.07,Paid
442,726,8411,9,3,Sul,Mid-Market,2024-09-04,20468.47,218.9,20249.57,Pending
443,727,8447,6,2,Sul,Mid-Market,2024-10-19,24529.3,3911.76,20617.54,Paid
444,728,8455,1,1,Sudeste,SMB,2024-10-03,14689.13,2346.15,12342.98,Paid
445,729,8458,8,5,Centro-Oeste,Mid-Market,2024-09-30,30891.45,5873.03,25018.42,Paid
446,730,8464,12,5,Sudeste,SMB,2024-10-17,11764.26,495.31,11268.95,Paid
447,731,8465,5,3,Centro-Oeste,Mid-Market,2024-09-27,19495.0,872.75,18622.25,Paid
448,734,8492,10,6,Sudeste,Mid-Market,2024-10-19,44457.75,16192.09,28265.66,Paid
449,735,8514,2,6,Sudeste,Enterprise,2024-11-15,103277.23,8991.07,94286.16,Paid
450,736,8521,9,3,Sudeste,Mid-Market,2024-10-08,29762.91,1854.24,27908.67,Paid
451,737,8522,12,2,Nordeste,Enterprise,2024-11-17,132309.03,12561.22,119747.81,Paid
452,738,8523,7,6,Centro-Oeste,Enterprise,2024-09-15,53484.11,2811.1,50673.01,Pending
453,740,8532,1,1,Centro-Oeste,Enterprise,2024-09-07,112930.04,4496.3,108433.74,Paid
454,742,8567,2,5,Sudeste,SMB,2024-10-28,19824.25,3010.52,16813.73,Paid
455,743,8602,2,1,Sudeste,Enterprise,2024-10-10,93174.42,7731.32,85443.1,Paid
456,744,8632,2,3,Centro-Oeste,Enterprise,2024-10-07,144581.29,21027.66,123553.63,Overdue
457,746,8638,11,2,Sudeste,SMB,2024-10-23,11678.09,553.49,11124.6,Paid
458,748,8650,12,3,Nordeste,SMB,2024-10-04,9421.72,545.41,8876.31,Paid
459,749,8652,10,6,Sudeste,SMB,2024-09-23,9236.26,315.71,8920.55,Paid
460,751,8665,7,1,Sudeste,Mid-Market,2024-11-02,18669.18,1671.73,16997.45,Paid
461,752,8697,4,1,Sudeste,Mid-Market,2024-10-25,59062.89,10970.44,48092.45,Paid
462,753,8698,1,2,Sudeste,Enterprise,2024-11-07,136581.29,30389.66,106191.63,Paid
463,754,8725,7,3,Sudeste,SMB,2024-11-18,15585.73,2317.94,13267.79,Paid
464,757,8744,2,4,Nordeste,Mid-Market,2024-09-18,17366.49,2601.18,14765.31,Paid
465,758,8750,11,3,Sudeste,SMB,2024-10-10,5730.47,144.6,5585.87,Paid
466,759,8758,12,1,Nordeste,Mid-Market,2024-10-06,34914.68,5721.72,29192.96,Paid
467,761,8774,7,4,Sudeste,SMB,2024-09-26,8417.61,152.75,8264.86,Paid
468,764,8785,10,4,Sul,Mid-Market,2024-10-15,16800.5,3393.41,13407.09,Paid
469,765,8787,5,3,Centro-Oeste,Enterprise,2024-09-12,116799.86,21522.89,95276.97,Overdue
470,766,8794,2,4,Centro-Oeste,SMB,2024-10-16,6504.29,745.3,5758.99,Paid
471,767,8804,11,1,Centro-Oeste,Mid-Market,2024-11-25,23824.6,4496.59,19328.01,Paid
472,768,8807,4,1,Nordeste,SMB,2024-09-18,9315.13,841.44,8473.69,Paid
473,769,8813,1,3,Sudeste,Mid-Market,2024-11-05,69751.95,22022.67,47729.28,Pending
474,770,8814,9,6,Sul,Enterprise,2024-11-20,82890.05,7502.07,75387.98,Paid
475,773,8866,6,3,Sudeste,Enterprise,2024-10-24,282025.81,27827.27,254198.54,Paid
476,775,8875,10,1,Sul,Enterprise,2024-09-27,86212.16,17264.89,68947.27,Paid
477,776,8923,12,1,Sudeste,SMB,2024-10-12,14280.04,1737.49,12542.55,Paid
478,778,8979,2,4,Nordeste,Enterprise,2024-11-20,54450.16,4405.29,50044.87,Paid
479,781,8997,11,5,Sudeste,Enterprise,2024-11-02,76983.92,10522.61,66461.31,Paid
480,782,9024,12,3,Sudeste,Mid-Market,2024-11-20,53822.12,6335.8,47486.32,Paid
481,783,9035,12,3,Sul,SMB,2024-09-24,7818.1,1035.45,6782.65,Pending
482,784,9044,1,3,Sul,Mid-Market,2024-11-20,18700.7,1992.65,16708.05,Paid
483,785,9059,1,1,Nordeste,Mid-Market,2024-09-27,46206.25,6981.77,39224.48,Paid
484,786,9065,10,1,Nordeste,SMB,2024-11-19,10439.86,640.76,9799.1,Paid
485,787,9073,8,3,Sudeste,Enterprise,2024-10-03,90684.53,17161.06,73523.47,Overdue
486,788,9084,4,1,Centro-Oeste,SMB,2024-08-27,4603.17,426.33,4176.84,Paid
487,790,9147,1,1,Sul,SMB,2024-10-22,12023.96,1325.24,10698.72,Paid
488,791,9151,8,2,Sudeste,SMB,2024-11-21,18659.12,2705.61,15953.51,Paid
489,792,9154,12,6,Centro-Oeste,Mid-Market,2024-10-04,24089.17,3741.48,20347.69,Paid
490,795,9168,8,1,Sudeste,Mid-Market,2024-09-25,33376.83,1849.79,31527.04,Paid
491,796,9191,10,3,Sudeste,SMB,2024-10-28,10987.77,668.83,10318.94,Pending
492,798,9232,11,4,Centro-Oeste,Mid-Market,2024-09-23,90070.6,6632.46,83438.14,Paid
493,800,9254,11,4,Sul,Enterprise,2024-11-25,145876.06,21255.54,124620.52,Pending
494,801,9260,12,2,Nordeste,Enterprise,2024-12-19,173798.11,8525.08,165273.03,Paid
495,802,9284,8,1,Sul,Mid-Market,2024-11-23,67965.53,5310.01,62655.52,Paid
496,804,9325,7,3,Sudeste,SMB,2024-10-18,5395.86,286.81,5109.05,Paid
497,805,9334,12,3,Sudeste,Mid-Market,2024-10-29,40229.45,5070.24,35159.21,Paid
498,809,9355,11,3,Centro-Oeste,Enterprise,2024-12-15,109262.85,20785.58,88477.27,Pending
499,810,9361,3,2,Sudeste,Enterprise,2024-11-10,69776.53,2089.23,67687.3,Paid
500,813,9441,10,3,Sul,Mid-Market,2024-10-19,21302.5,2006.33,19296.17,Paid
501,815,9446,2,2,Sudeste,Enterprise,2024-11-21,32301.31,1068.62,31232.69,Paid
502,816,9484,10,3,Sudeste,SMB,2024-12-26,19046.9,831.61,18215.29,Paid
503,819,9512,5,2,Sudeste,Enterprise,2024-10-31,73276.0,5796.39,67479.61,Paid
504,820,9513,11,2,Sudeste,Enterprise,2024-10-16,101237.91,5546.7,95691.21,Paid
505,822,9518,10,2,Sudeste,Mid-Market,2024-11-01,22854.06,2218.32,20635.74,Paid
506,823,9519,4,2,Sul,SMB,2024-11-11,11108.92,1349.2,9759.72,Paid
507,824,9526,8,3,Nordeste,SMB,2024-11-01,16504.97,2906.38,13598.59,Paid
508,825,9528,10,1,Sudeste,SMB,2024-11-01,6753.85,650.08,6103.77,Paid
509,827,9550,7,1,Sul,Mid-Market,2024-10-30,66982.06,9354.54,57627.52,Pending
510,828,9592,2,1,Nordeste,Enterprise,2024-10-23,93428.13,2582.11,90846.02,Paid
511,829,9619,1,3,Centro-Oeste,SMB,2024-12-11,12048.72,1020.35,11028.37,Pending
512,830,9634,6,2,Sudeste,SMB,2024-11-07,11718.03,360.53,11357.5,Paid
513,831,9652,4,4,Sudeste,Mid-Market,2024-12-02,36488.64,3871.2,32617.44,Paid
514,834,9683,10,6,Nordeste,SMB,2024-11-07,8647.67,1867.97,6779.7,Pending
515,835,9690,10,1,Nordeste,Enterprise,2024-11-23,38254.28,3160.57,35093.71,Pending
516,837,9729,12,3,Nordeste,Mid-Market,2024-09-20,24776.07,1848.26,22927.81,Paid
517,838,9742,3,2,Sudeste,SMB,2024-12-06,6590.4,469.7,6120.7,Pending
518,840,9764,12,2,Sul,SMB,2024-11-29,7999.91,1075.46,6924.45,Pending
519,843,9833,9,4,Sul,Enterprise,2024-11-14,85625.59,8240.75,77384.84,Paid
520,844,9866,11,2,Centro-Oeste,Enterprise,2024-11-04,31663.81,2986.05,28677.76,Overdue
521,845,9868,6,4,Centro-Oeste,Mid-Market,2024-12-20,21423.7,1762.09,19661.61,Overdue
522,847,9883,8,3,Sudeste,Mid-Market,2024-12-03,20857.03,2212.94,18644.09,Overdue
523,849,9939,1,4,Sudeste,SMB,2024-09-29,13325.04,520.64,12804.4,Paid
524,850,9940,2,4,Sul,Mid-Market,2024-11-24,68744.48,2595.14,66149.34,Paid
525,853,9971,11,4,Nordeste,Enterprise,2024-10-18,92354.96,13918.57,78436.39,Paid
526,855,10000,8,3,Centro-Oeste,SMB,2024-12-02,9432.16,1021.39,8410.77,Paid
527,856,10010,3,2,Sul,Mid-Market,2024-11-06,58278.59,5053.68,53224.91,Paid
528,857,10021,3,1,Sudeste,Mid-Market,2024-12-02,27997.54,1290.74,26706.8,Paid
529,858,10049,7,6,Centro-Oeste,SMB,2024-11-27,7823.27,590.28,7232.99,Pending
530,859,10051,4,1,Sul,Enterprise,2024-12-08,303303.6,11996.59,291307.01,Pending
531,860,10060,1,6,Sudeste,Enterprise,2024-11-04,77894.72,3632.27,74262.45,Pending
532,862,10095,11,5,Sul,Enterprise,2024-11-08,86610.43,1759.41,84851.02,Paid
533,863,10102,7,4,Centro-Oeste,Enterprise,2024-11-02,88243.09,15537.66,72705.43,Paid
534,865,10109,8,5,Sul,SMB,2024-12-07,11348.63,1017.36,10331.27,Paid
535,866,10116,12,2,Centro-Oeste,Mid-Market,2024-12-02,16833.33,1480.52,15352.81,Paid
536,868,10123,9,1,Sudeste,SMB,2024-12-07,18030.45,4301.53,13728.92,Paid
537,869,10133,10,3,Sul,SMB,2024-12-05,10601.24,575.74,10025.5,Paid
538,872,10148,9,1,Centro-Oeste,SMB,2024-10-17,12152.3,1391.93,10760.37,Paid
539,874,10167,2,6,Sudeste,SMB,2024-10-29,9910.93,1381.17,8529.76,Paid
540,876,10171,4,3,Sudeste,Mid-Market,2024-10-30,47408.39,5487.77,41920.62,Paid
541,878,10218,3,1,Sul,Mid-Market,2024-10-20,34106.27,4474.91,29631.36,Paid
542,881,10234,5,2,Sudeste,Enterprise,2024-10-27,77712.47,2510.01,75202.46,Paid
543,882,10235,9,4,Sul,Enterprise,2024-11-06,78545.83,7071.51,71474.32,Paid
544,884,10264,10,1,Nordeste,Enterprise,2024-10-13,69985.82,2292.98,67692.84,Paid
545,887,10337,11,3,Sul,SMB,2024-11-06,6076.28,119.56,5956.72,Paid
546,888,10347,8,3,Sudeste,SMB,2024-11-08,11474.51,1116.12,10358.39,Paid
547,890,10370,10,6,Sudeste,Mid-Market,2024-10-21,22283.32,3035.03,19248.29,Overdue
548,892,10377,9,3,Sul,Mid-Market,2024-12-05,16333.31,1334.25,14999.06,Pending
549,893,10381,8,3,Sudeste,Mid-Market,2024-12-26,38249.18,2641.23,35607.95,Paid
550,895,10452,3,5,Sul,Enterprise,2024-12-12,70937.23,2193.18,68744.05,Paid
551,898,10488,10,1,Sudeste,Mid-Market,2024-12-05,14959.94,1291.88,13668.06,Pending
552,899,10491,1,2,Sudeste,Mid-Market,2024-10-13,35648.01,2764.21,32883.8,Overdue
553,905,10605,8,2,Sul,Mid-Market,2025-01-08,19983.39,4881.93,15101.46,Pending
554,906,10620,3,4,Nordeste,Enterprise,2024-11-20,105610.1,5098.1,100512.0,Paid
555,907,10627,8,1,Centro-Oeste,SMB,2024-12-18,12158.44,488.09,11670.35,Paid
556,910,10643,4,4,Centro-Oeste,SMB,2024-11-25,11411.66,1831.08,9580.58,Overdue
557,911,10660,1,3,Nordeste,SMB,2024-12-02,16865.96,1159.4,15706.56,Paid
558,912,10661,9,1,Sul,Mid-Market,2024-12-03,34724.97,6832.01,27892.96,Paid
559,914,10688,4,5,Sudeste,Enterprise,2024-11-26,72296.59,8033.13,64263.46,Pending
560,915,10697,4,3,Sudeste,Mid-Market,2024-11-29,20349.77,814.41,19535.36,Paid
561,917,10705,9,1,Nordeste,SMB,2024-11-24,14063.6,890.72,13172.88,Paid
562,918,10708,9,3,Sul,Mid-Market,2024-12-25,24747.73,552.48,24195.25,Paid
563,919,10710,8,3,Sul,Mid-Market,2024-12-30,28010.34,2278.02,25732.32,Pending
564,920,10733,2,4,Centro-Oeste,SMB,2024-12-24,9464.38,617.56,8846.82,Paid
565,922,10768,4,2,Sudeste,Mid-Market,2024-11-05,45157.06,2221.68,42935.38,Pending
566,924,10777,1,5,Sudeste,Enterprise,2024-10-18,203712.22,52599.74,151112.48,Overdue
567,925,10779,9,4,Sudeste,Mid-Market,2025-01-05,22178.2,1454.55,20723.65,Overdue
568,926,10784,12,1,Centro-Oeste,SMB,2024-12-16,16603.59,2813.61,13789.98,Paid
569,927,10791,7,6,Nordeste,SMB,2024-11-26,17937.04,1365.66,16571.38,Pending
570,928,10796,3,3,Sudeste,Enterprise,2025-01-06,86795.29,7222.85,79572.44,Paid
571,929,10824,1,2,Sul,Mid-Market,2024-11-30,39483.34,10013.3,29470.04,Overdue
572,930,10841,8,4,Sudeste,Mid-Market,2024-12-15,29973.48,1942.89,28030.59,Paid
573,931,10842,11,3,Nordeste,Mid-Market,2024-12-04,25759.99,554.57,25205.42,Pending
574,936,10881,10,1,Nordeste,SMB,2024-12-08,7008.02,398.98,6609.04,Pending
575,939,10924,8,2,Sudeste,Mid-Market,2024-12-17,26872.64,3550.7,23321.94,Paid
576,940,10934,10,3,Sudeste,Enterprise,2024-12-03,110458.29,16073.79,94384.5,Paid
577,943,10965,6,3,Sudeste,Mid-Market,2024-12-31,28088.17,2425.8,25662.37,Paid
578,944,10968,1,6,Centro-Oeste,Mid-Market,2024-12-10,11770.38,2075.58,9694.8,Paid
579,946,10977,1,3,Nordeste,Mid-Market,2024-11-17,20669.92,1287.94,19381.98,Paid
580,947,10979,12,3,Sul,Enterprise,2024-12-06,107745.85,5352.2,102393.65,Paid
581,948,10990,8,5,Nordeste,SMB,2024-11-18,7994.98,677.76,7317.22,Paid
582,949,11001,10,4,Nordeste,SMB,2024-11-26,8485.0,1714.76,6770.24,Pending
583,950,11021,1,2,Sudeste,SMB,2024-12-12,11264.56,923.47,10341.09,Overdue
584,951,11041,2,6,Nordeste,SMB,2024-11-19,7019.24,117.19,6902.05,Paid
585,955,11100,9,2,Sul,Mid-Market,2024-12-28,13520.15,1264.85,12255.3,Pending
586,958,11113,2,1,Nordeste,SMB,2024-12-27,9610.0,908.21,8701.79,Paid
587,959,11143,4,4,Centro-Oeste,Enterprise,2024-11-01,59258.43,2439.24,56819.19,Paid
588,963,11219,2,3,Sudeste,SMB,2024-12-30,7134.19,420.17,6714.02,Pending
589,964,11220,2,4,Nordeste,SMB,2025-01-04,15320.69,2255.33,13065.36,Paid
590,965,11248,9,3,Sudeste,Mid-Market,2024-11-27,25315.42,792.96,24522.46,Paid
591,966,11285,11,5,Sul,SMB,2024-11-11,5978.35,467.09,5511.26,Paid
592,969,11314,12,1,Sudeste,Mid-Market,2024-11-18,33089.37,1088.77,32000.6,Paid
593,970,11368,3,4,Sudeste,SMB,2024-12-24,9179.89,1010.04,8169.85,Paid
594,971,11370,10,4,Sudeste,Enterprise,2024-10-22,60821.7,3156.92,57664.78,Pending
595,973,11397,2,5,Sudeste,Mid-Market,2024-11-07,24756.27,1634.23,23122.04,Paid
596,980,11484,4,3,Sudeste,SMB,2024-12-18,15243.78,537.04,14706.74,Paid
597,981,11514,10,1,Sudeste,SMB,2025-01-14,4718.97,264.61,4454.36,Paid
598,982,11520,2,3,Sudeste,Mid-Market,2024-12-27,63233.68,17321.01,45912.67,Paid
599,983,11523,6,5,Sul,Enterprise,2024-12-25,124223.8,20198.43,104025.37,Paid
600,984,11525,1,5,Sudeste,Enterprise,2024-12-17,95781.59,18560.84,77220.75,Paid
601,986,11529,11,4,Sudeste,Mid-Market,2024-11-26,15110.29,1581.21,13529.08,Paid
602,987,11532,9,1,Sul,SMB,2024-12-24,14539.28,1099.29,13439.99,Paid
603,988,11537,1,3,Nordeste,Enterprise,2024-11-30,68711.11,4268.91,64442.2,Paid
604,990,11590,4,1,Sudeste,SMB,2025-01-06,8126.21,495.01,7631.2,Paid
605,991,11592,4,1,Sudeste,Mid-Market,2025-01-21,44463.86,1655.28,42808.58,Paid
606,994,11629,12,2,Sudeste,Mid-Market,2025-01-05,39423.69,7331.53,32092.16,Pending
607,995,11641,7,4,Sul,Enterprise,2024-11-10,217314.29,12378.37,204935.92,Pending
608,996,11680,1,2,Sul,SMB,2025-01-20,9296.03,1746.97,7549.06,Paid
609,998,11750,12,4,Nordeste,Mid-Market,2024-12-31,25463.81,3542.37,21921.44,Pending
610,1003,11776,10,1,Sudeste,Enterprise,2024-12-31,64027.08,7321.47,56705.61,Pending
611,1004,11778,8,2,Sul,Mid-Market,2024-12-13,35288.85,2966.36,32322.49,Pending
612,1005,11804,5,4,Nordeste,Mid-Market,2024-12-20,27497.8,884.86,26612.94,Paid
613,1009,11825,7,3,Sudeste,Enterprise,2024-12-04,81966.41,7034.6,74931.81,Paid
614,1013,11855,9,1,Sudeste,SMB,2025-02-02,21368.33,4393.37,16974.96,Paid
615,1016,11898,8,2,Centro-Oeste,SMB,2025-02-07,12269.06,2074.53,10194.53,Paid
616,1017,11913,4,6,Sudeste,SMB,2025-01-14,15078.67,1771.59,13307.08,Paid
617,1018,11925,10,1,Nordeste,Enterprise,2024-12-14,110448.37,12285.63,98162.74,Pending
618,1019,11926,8,2,Sudeste,Mid-Market,2024-12-14,31665.14,1997.51,29667.63,Overdue
619,1021,11957,1,4,Sudeste,SMB,2025-01-17,7796.47,1109.79,6686.68,Paid
620,1022,11970,3,2,Centro-Oeste,Mid-Market,2024-12-13,28425.26,2099.74,26325.52,Paid
621,1023,12006,1,2,Sudeste,SMB,2025-01-12,9764.39,292.65,9471.74,Paid
622,1024,12016,9,1,Sudeste,SMB,2025-01-16,11361.35,921.11,10440.24,Paid
623,1026,12020,6,1,Sudeste,Mid-Market,2024-12-21,35724.25,1864.72,33859.53,Paid
624,1030,12050,6,4,Sudeste,SMB,2024-12-04,6495.12,712.68,5782.44,Paid
625,1032,12079,3,1,Sul,SMB,2024-12-11,8848.59,830.83,8017.76,Paid
626,1034,12093,5,2,Sudeste,SMB,2024-12-21,7467.5,713.88,6753.62,Pending
627,1035,12115,9,3,Nordeste,Mid-Market,2025-02-04,29716.65,4571.05,25145.6,Paid
628,1037,12124,11,6,Sudeste,SMB,2024-12-10,13901.0,2307.02,11593.98,Paid
629,1038,12128,10,3,Sudeste,Enterprise,2025-02-01,178816.34,23594.88,155221.46,Pending
630,1039,12153,11,5,Sudeste,Mid-Market,2024-12-20,48336.55,6537.84,41798.71,Pending
631,1042,12193,11,1,Sudeste,Mid-Market,2024-12-26,46023.09,5329.9,40693.19,Paid
632,1043,12217,4,2,Nordeste,Mid-Market,2024-12-23,29998.62,3196.63,26801.99,Paid
633,1044,12222,4,3,Sudeste,Mid-Market,2024-12-26,30178.49,900.54,29277.95,Paid
634,1045,12224,2,4,Nordeste,Mid-Market,2024-12-21,26741.56,497.74,26243.82,Pending
635,1046,12228,5,3,Nordeste,SMB,2025-01-21,9921.64,221.31,9700.33,Paid
636,1048,12253,12,4,Sudeste,Enterprise,2024-10-24,160119.04,2446.72,157672.32,Paid
637,1049,12268,10,1,Nordeste,Mid-Market,2024-12-14,35490.15,5844.86,29645.29,Paid
638,1052,12278,3,3,Sul,Enterprise,2024-12-17,91347.28,3697.84,87649.44,Pending
639,1053,12288,10,4,Sul,Enterprise,2025-01-08,51074.52,10032.71,41041.81,Paid
640,1054,12290,5,2,Sudeste,Mid-Market,2025-01-05,64685.11,10707.36,53977.75,Overdue
641,1056,12294,7,3,Sudeste,SMB,2024-12-26,8417.78,296.63,8121.15,Paid
642,1059,12339,2,4,Sudeste,Enterprise,2025-01-15,101056.05,18563.53,82492.52,Paid
643,1060,12346,9,2,Sul,Enterprise,2025-02-19,81946.5,7801.19,74145.31,Paid
644,1061,12352,2,3,Centro-Oeste,SMB,2025-02-21,5321.69,410.1,4911.59,Paid
645,1062,12361,4,1,Centro-Oeste,SMB,2024-12-15,3462.8,451.45,3011.35,Paid
646,1063,12385,1,3,Centro-Oeste,Mid-Market,2025-02-01,21104.83,2914.05,18190.78,Pending
647,1064,12388,12,3,Nordeste,Enterprise,2024-12-05,171446.52,3459.89,167986.63,Paid
648,1067,12404,4,2,Sudeste,SMB,2025-02-11,8858.09,2379.27,6478.82,Paid
649,1068,12410,3,3,Sudeste,Mid-Market,2025-01-13,28490.18,763.12,27727.06,Paid
650,1074,12452,2,5,Sudeste,SMB,2025-01-11,10522.63,1011.57,9511.06,Overdue
651,1075,12479,12,6,Sudeste,Mid-Market,2024-12-02,34691.66,3947.28,30744.38,Paid
652,1077,12515,12,3,Centro-Oeste,Mid-Market,2025-01-07,99813.95,11259.48,88554.47,Paid
653,1079,12533,12,2,Sudeste,SMB,2024-12-30,7874.67,947.37,6927.3,Paid
654,1080,12544,5,3,Sudeste,Enterprise,2025-02-16,58055.93,1866.62,56189.31,Paid
655,1082,12570,7,3,Nordeste,Mid-Market,2024-12-24,29654.77,437.22,29217.55,Paid
656,1083,12578,7,6,Sudeste,Mid-Market,2025-02-13,23246.25,3448.35,19797.9,Paid
657,1084,12595,8,3,Centro-Oeste,Enterprise,2024-12-25,88941.31,7535.61,81405.7,Paid
658,1085,12614,3,4,Centro-Oeste,Enterprise,2025-02-03,107538.51,1043.33,106495.18,Paid
659,1088,12626,6,3,Sudeste,Mid-Market,2024-12-19,54050.31,3144.59,50905.72,Overdue
660,1090,12665,10,1,Sudeste,Enterprise,2024-12-11,119307.05,16046.51,103260.54,Paid
661,1091,12678,1,3,Sudeste,Mid-Market,2025-01-05,37074.35,4413.16,32661.19,Paid
662,1092,12693,8,6,Sudeste,Enterprise,2025-03-08,94799.76,2227.14,92572.62,Paid
663,1093,12707,7,1,Nordeste,Mid-Market,2025-02-04,28893.21,8384.15,20509.06,Paid
664,1097,12753,5,3,Sudeste,SMB,2024-12-19,12699.11,714.21,11984.9,Pending
665,1098,12755,6,6,Sudeste,Mid-Market,2025-01-25,23392.69,594.49,22798.2,Paid
666,1102,12786,6,2,Nordeste,SMB,2025-02-06,7841.43,95.75,7745.68,Pending
667,1106,12845,9,1,Nordeste,Mid-Market,2025-01-22,25384.19,2066.71,23317.48,Paid
668,1107,12850,1,3,Centro-Oeste,Mid-Market,2025-02-15,62039.39,5574.48,56464.91,Paid
669,1108,12871,7,6,Nordeste,Mid-Market,2025-01-19,11963.31,228.42,11734.89,Paid
670,1111,12896,5,3,Centro-Oeste,Mid-Market,2025-01-14,30890.24,7057.18,23833.06,Paid
671,1113,12934,6,4,Centro-Oeste,Mid-Market,2025-02-08,48960.85,8518.97,40441.88,Pending
672,1114,12943,4,3,Sul,Mid-Market,2025-01-21,39447.39,2618.95,36828.44,Paid
673,1117,12973,10,5,Sudeste,Enterprise,2024-12-26,70292.54,7801.45,62491.09,Pending
674,1119,12979,4,1,Sudeste,Mid-Market,2025-01-14,54204.66,5091.05,49113.61,Paid
675,1120,12983,7,4,Sudeste,Enterprise,2025-01-06,112114.32,21147.49,90966.83,Overdue
676,1121,12984,3,3,Sul,Enterprise,2025-01-17,172470.89,7115.83,165355.06,Paid
677,1122,12990,8,1,Sudeste,Mid-Market,2025-02-18,16001.39,1607.02,14394.37,Paid
678,1125,13040,11,6,Nordeste,Mid-Market,2025-01-09,29460.03,2578.91,26881.12,Paid
679,1127,13060,7,3,Sudeste,SMB,2025-02-06,6413.53,246.08,6167.45,Paid
680,1128,13090,12,5,Nordeste,SMB,2025-02-10,12847.15,686.4,12160.75,Overdue
681,1129,13092,11,3,Sudeste,Mid-Market,2025-01-18,31656.97,3596.71,28060.26,Paid
682,1130,13118,7,6,Sudeste,SMB,2025-03-04,11333.62,1833.01,9500.61,Paid
683,1131,13136,11,6,Centro-Oeste,Enterprise,2025-03-04,84099.19,3693.3,80405.89,Pending
684,1133,13173,5,5,Sul,SMB,2025-02-12,8656.03,47.44,8608.59,Paid
685,1140,13285,12,6,Sul,Enterprise,2024-12-24,174056.25,7823.33,166232.92,Paid
686,1141,13306,1,1,Sudeste,SMB,2025-02-28,7521.78,1213.55,6308.23,Pending
687,1142,13318,4,2,Sul,Mid-Market,2025-01-15,105732.08,12085.61,93646.47,Overdue
688,1146,13400,12,1,Nordeste,Enterprise,2025-01-31,98702.4,21570.44,77131.96,Paid
689,1149,13421,7,2,Nordeste,Mid-Market,2025-01-24,42344.43,3518.65,38825.78,Pending
690,1150,13423,3,6,Centro-Oeste,SMB,2025-02-19,5858.22,791.03,5067.19,Pending
691,1151,13426,2,2,Sudeste,Mid-Market,2025-01-10,23976.55,1309.71,22666.84,Paid
692,1152,13429,11,1,Sudeste,Enterprise,2025-02-16,77655.02,11017.93,66637.09,Paid
693,1153,13433,2,2,Nordeste,Mid-Market,2025-01-29,32663.16,5124.06,27539.1,Pending
694,1157,13476,7,3,Sudeste,Mid-Market,2025-01-19,31683.08,5351.21,26331.87,Paid
695,1160,13513,5,4,Sul,Enterprise,2025-01-11,56330.44,7929.56,48400.88,Paid
696,1161,13516,2,5,Sudeste,Enterprise,2025-02-14,50567.83,5471.42,45096.41,Paid
697,1162,13533,6,1,Centro-Oeste,Enterprise,2025-02-04,76041.89,9268.52,66773.37,Paid
698,1164,13554,4,6,Sul,Enterprise,2025-02-15,145853.57,17775.07,128078.5,Paid
699,1167,13577,6,2,Sudeste,Mid-Market,2025-02-14,38870.52,3570.75,35299.77,Overdue
700,1168,13599,1,2,Sul,Mid-Market,2025-02-13,53885.55,9988.43,43897.12,Paid
701,1169,13601,9,3,Nordeste,Mid-Market,2025-01-19,16001.48,884.31,15117.17,Pending
702,1174,13665,4,4,Sul,Mid-Market,2025-02-24,34229.78,2145.72,32084.06,Pending
703,1175,13690,5,2,Centro-Oeste,Mid-Market,2025-02-05,37138.59,2118.84,35019.75,Paid
704,1176,13706,5,4,Sudeste,Enterprise,2025-01-19,198700.34,11793.51,186906.83,Overdue
705,1177,13737,4,3,Nordeste,Enterprise,2025-01-29,114997.75,2912.68,112085.07,Paid
706,1179,13753,8,5,Centro-Oeste,SMB,2025-02-13,13628.53,980.14,12648.39,Paid
707,1184,13791,1,2,Nordeste,SMB,2025-03-18,12763.38,1421.51,11341.87,Pending
708,1185,13796,7,3,Centro-Oeste,Enterprise,2025-02-17,120006.59,12598.55,107408.04,Paid
709,1186,13802,4,4,Sudeste,Enterprise,2025-02-25,194362.0,16612.08,177749.92,Paid
710,1187,13812,7,4,Sudeste,Mid-Market,2025-02-15,36656.79,1590.94,35065.85,Paid
711,1188,13836,7,4,Centro-Oeste,Mid-Market,2025-04-01,34177.15,1848.07,32329.08,Paid
712,1190,13844,11,3,Sul,Mid-Market,2025-02-12,51807.67,4508.62,47299.05,Paid
713,1191,13847,3,4,Sudeste,Mid-Market,2025-03-03,58317.74,14194.75,44122.99,Paid
714,1192,13852,1,3,Sudeste,Enterprise,2025-01-28,93848.21,3282.72,90565.49,Paid
715,1193,13857,12,6,Sudeste,Mid-Market,2025-01-28,44481.3,5635.39,38845.91,Paid
716,1196,13879,2,4,Sul,Enterprise,2025-03-10,57704.2,11361.9,46342.3,Paid
717,1197,13885,7,3,Sul,Mid-Market,2025-03-08,27208.89,2143.53,25065.36,Pending
718,1199,13930,10,3,Sudeste,SMB,2025-01-30,11715.52,909.54,10805.98,Paid
719,1200,13933,6,3,Nordeste,SMB,2025-03-30,8344.24,1585.68,6758.56,Paid
720,1201,13935,4,4,Sudeste,Enterprise,2025-04-01,86239.98,8567.29,77672.69,Paid
721,1202,13936,5,2,Sul,Enterprise,2025-03-13,75153.02,4565.71,70587.31,Paid
722,1203,13941,9,4,Centro-Oeste,Enterprise,2025-02-17,118187.15,3263.23,114923.92,Pending
723,1204,13942,12,2,Sul,Mid-Market,2025-01-21,29414.67,987.18,28427.49,Paid
724,1205,13943,4,4,Sudeste,SMB,2025-02-25,11911.24,1912.22,9999.02,Paid
725,1207,13985,2,6,Nordeste,SMB,2025-04-14,10761.17,553.68,10207.49,Paid
726,1213,14020,10,5,Sudeste,Enterprise,2025-03-06,205326.44,10294.23,195032.21,Overdue
727,1218,14066,5,3,Sudeste,Enterprise,2025-02-04,134182.96,15110.11,119072.85,Paid
728,1219,14083,4,2,Sudeste,SMB,2025-03-04,8268.75,410.92,7857.83,Paid
729,1221,14112,8,2,Sudeste,SMB,2025-02-07,15654.53,2086.0,13568.53,Pending
730,1222,14118,3,1,Sudeste,SMB,2025-03-04,11045.81,712.28,10333.53,Paid
731,1223,14147,2,2,Sudeste,SMB,2025-03-28,6618.45,550.1,6068.35,Paid
732,1224,14154,3,1,Sudeste,SMB,2025-02-06,11505.66,2688.0,8817.66,Paid
733,1225,14161,2,3,Sudeste,Enterprise,2025-01-23,109500.9,9326.73,100174.17,Paid
734,1227,14177,6,3,Sul,Enterprise,2025-02-24,89539.67,17815.42,71724.25,Paid
735,1228,14179,1,3,Sul,Mid-Market,2025-03-04,60910.69,7045.68,53865.01,Paid
736,1230,14189,10,4,Sudeste,Mid-Market,2025-01-17,23022.88,4516.04,18506.84,Paid
737,1232,14194,4,5,Sudeste,SMB,2025-02-15,5625.38,1002.23,4623.15,Paid
738,1233,14202,4,6,Nordeste,SMB,2025-03-31,8234.06,391.78,7842.28,Paid
739,1234,14207,3,4,Sudeste,Enterprise,2025-03-23,58446.63,899.59,57547.04,Paid
740,1235,14209,4,1,Nordeste,SMB,2025-02-01,8167.4,282.99,7884.41,Overdue
741,1236,14228,3,2,Sul,SMB,2025-03-02,10832.29,478.09,10354.2,Paid
742,1238,14262,8,3,Sudeste,Mid-Market,2025-03-16,21518.79,319.58,21199.21,Overdue
743,1240,14297,1,1,Sul,SMB,2025-03-10,7878.93,407.26,7471.67,Paid
744,1241,14299,8,1,Sul,Mid-Market,2025-01-22,24535.83,4912.81,19623.02,Paid
745,1243,14322,7,3,Sul,Enterprise,2025-01-23,58194.6,4340.52,53854.08,Paid
746,1244,14327,1,2,Sudeste,Mid-Market,2025-02-19,24678.44,6896.66,17781.78,Paid
747,1245,14340,9,2,Sudeste,SMB,2025-03-05,10601.86,1622.39,8979.47,Pending
748,1246,14366,12,4,Sudeste,Mid-Market,2025-01-30,49763.23,7360.1,42403.13,Paid
749,1247,14380,6,3,Nordeste,Enterprise,2025-02-17,99666.62,7794.51,91872.11,Paid
750,1250,14418,9,4,Nordeste,Mid-Market,2025-03-22,16852.44,1298.72,15553.72,Overdue
751,1251,14429,2,2,Nordeste,Enterprise,2025-03-03,68905.19,4231.23,64673.96,Paid
752,1254,14442,8,3,Sudeste,Enterprise,2025-01-21,151583.97,9658.24,141925.73,Paid
753,1256,14460,6,2,Sudeste,SMB,2025-03-10,5959.47,650.51,5308.96,Overdue
754,1257,14485,7,3,Sul,Enterprise,2025-04-16,66371.94,8672.75,57699.19,Overdue
755,1259,14508,3,1,Nordeste,SMB,2025-02-27,10409.41,1790.24,8619.17,Overdue
756,1260,14522,8,2,Sul,Mid-Market,2025-03-15,21544.5,1625.11,19919.39,Paid
757,1262,14576,4,1,Sudeste,Mid-Market,2025-03-02,29558.2,1487.46,28070.74,Paid
758,1265,14591,4,6,Nordeste,Enterprise,2025-02-28,65488.86,22395.31,43093.55,Paid
759,1266,14610,6,6,Sul,Mid-Market,2025-02-23,83126.29,4212.28,78914.01,Paid
760,1267,14617,4,2,Nordeste,Mid-Market,2025-04-09,22035.41,943.9,21091.51,Paid
761,1269,14628,9,3,Sudeste,SMB,2025-02-01,8556.84,467.97,8088.87,Paid
762,1273,14678,4,4,Centro-Oeste,Enterprise,2025-04-11,46154.08,3150.58,43003.5,Pending
763,1274,14696,5,4,Sudeste,Enterprise,2025-03-26,60519.67,12099.17,48420.5,Pending
764,1275,14707,5,2,Sudeste,Mid-Market,2025-02-06,44411.92,3383.9,41028.02,Pending
765,1276,14708,12,2,Sudeste,Mid-Market,2025-01-17,24774.7,988.6,23786.1,Paid
766,1277,14732,3,1,Sul,Enterprise,2025-03-07,168681.16,24215.01,144466.15,Pending
767,1278,14735,11,3,Sudeste,SMB,2025-04-01,5477.89,742.44,4735.45,Pending
768,1279,14745,9,6,Sul,Enterprise,2025-04-25,139825.74,6893.28,132932.46,Overdue
769,1280,14755,1,6,Sul,Enterprise,2025-01-31,55829.45,5177.53,50651.92,Paid
770,1281,14793,11,5,Sudeste,SMB,2025-02-23,8489.97,459.98,8029.99,Paid
771,1282,14794,1,5,Sul,Enterprise,2025-03-26,96883.68,14712.55,82171.13,Paid
772,1283,14817,9,4,Sul,Mid-Market,2025-03-17,15542.5,571.72,14970.78,Paid
773,1284,14825,6,3,Sudeste,SMB,2025-03-05,12341.39,1128.28,11213.11,Pending
774,1285,14830,6,5,Sudeste,Mid-Market,2025-03-18,30731.37,1533.01,29198.36,Paid
775,1286,14834,7,1,Centro-Oeste,Enterprise,2025-04-02,33892.03,3760.18,30131.85,Paid
776,1287,14852,12,4,Nordeste,Enterprise,2025-01-29,67429.07,9515.79,57913.28,Paid
777,1288,14878,1,3,Sudeste,Enterprise,2025-03-22,41719.36,7270.33,34449.03,Paid
778,1289,14890,2,3,Sudeste,Enterprise,2025-03-19,92715.21,19023.62,73691.59,Pending
779,1290,14892,10,2,Sudeste,SMB,2025-03-08,5816.58,864.24,4952.34,Paid
780,1291,14911,2,2,Sudeste,SMB,2025-01-25,12070.55,1983.68,10086.87,Paid
781,1292,14917,10,4,Nordeste,SMB,2025-02-21,4705.96,182.56,4523.4,Paid
782,1293,14919,2,4,Nordeste,Mid-Market,2025-04-10,16199.83,2820.99,13378.84,Pending
783,1294,14921,10,3,Centro-Oeste,Enterprise,2025-03-06,96942.99,4288.68,92654.31,Paid
784,1296,14964,12,6,Nordeste,Enterprise,2025-04-15,120909.42,11075.84,109833.58,Paid
785,1297,14966,12,4,Sudeste,SMB,2025-02-25,15148.79,1686.52,13462.27,Paid
786,1300,14999,1,2,Sudeste,SMB,2025-02-15,8381.53,721.98,7659.55,Paid
787,1301,15032,6,3,Sudeste,Mid-Market,2025-04-14,54912.17,2641.2,52270.97,Paid
788,1304,15068,7,4,Sul,SMB,2025-02-07,8036.31,571.46,7464.85,Pending
789,1305,15074,12,3,Sudeste,SMB,2025-04-08,10943.07,1276.41,9666.66,Paid
790,1312,15112,3,2,Sul,Enterprise,2025-04-26,59932.63,13357.96,46574.67,Paid
791,1314,15163,6,4,Sul,Mid-Market,2025-03-28,30354.24,7762.82,22591.42,Paid
792,1315,15181,7,3,Sul,SMB,2025-03-27,11420.95,1238.76,10182.19,Paid
793,1321,15224,9,3,Sul,Enterprise,2025-03-04,108468.41,3699.37,104769.04,Pending
794,1322,15231,6,3,Sudeste,Enterprise,2025-02-16,121806.65,3978.24,117828.41,Paid
795,1323,15232,12,5,Sudeste,Enterprise,2025-02-13,200255.05,10083.29,190171.76,Paid
796,1324,15248,6,2,Sudeste,Enterprise,2025-04-05,85323.71,17236.13,68087.58,Paid
797,1325,15257,2,4,Sul,Mid-Market,2025-03-25,77757.24,6655.42,71101.82,Paid
798,1326,15279,9,5,Sul,Mid-Market,2025-03-14,33342.5,7065.31,26277.19,Paid
799,1327,15288,4,1,Sudeste,Enterprise,2025-02-16,172565.97,11982.66,160583.31,Paid
800,1329,15298,1,1,Sudeste,Mid-Market,2025-04-17,25659.88,1980.29,23679.59,Paid
801,1332,15373,8,6,Sudeste,Mid-Market,2025-04-23,34704.31,2266.4,32437.91,Paid
802,1335,15407,6,1,Nordeste,SMB,2025-03-21,5632.12,914.73,4717.39,Paid
803,1336,15421,11,3,Sudeste,SMB,2025-03-25,14243.38,3558.75,10684.63,Paid
804,1339,15476,7,3,Sudeste,Enterprise,2025-03-30,117095.9,6593.64,110502.26,Paid
805,1341,15486,3,5,Sudeste,SMB,2025-03-01,7256.82,252.41,7004.41,Paid
806,1342,15489,9,2,Centro-Oeste,Mid-Market,2025-04-24,14756.29,604.36,14151.93,Paid
807,1344,15503,12,2,Centro-Oeste,Mid-Market,2025-03-10,17412.73,1443.89,15968.84,Paid
808,1346,15535,8,4,Sudeste,Mid-Market,2025-03-11,54622.96,1033.04,53589.92,Overdue
809,1347,15544,11,3,Centro-Oeste,Mid-Market,2025-03-26,30670.79,2705.36,27965.43,Paid
810,1353,15580,1,3,Sudeste,Enterprise,2025-03-18,172327.13,19392.89,152934.24,Paid
811,1354,15588,4,2,Nordeste,Mid-Market,2025-03-08,45236.13,1407.17,43828.96,Pending
812,1355,15590,8,4,Sudeste,Enterprise,2025-04-12,149760.44,12416.72,137343.72,Paid
813,1356,15596,9,1,Sudeste,Mid-Market,2025-04-15,16381.27,175.58,16205.69,Paid
814,1357,15620,7,2,Nordeste,Mid-Market,2025-04-05,17925.31,820.11,17105.2,Pending
815,1360,15645,5,5,Sudeste,SMB,2025-03-11,4802.97,159.51,4643.46,Pending
816,1361,15669,4,1,Sul,SMB,2025-02-16,7539.11,1370.86,6168.25,Paid
817,1362,15672,6,1,Nordeste,Mid-Market,2025-04-03,24034.68,4489.09,19545.59,Paid
818,1363,15679,10,4,Sudeste,SMB,2025-03-25,10771.66,1322.5,9449.16,Paid
819,1366,15733,11,1,Nordeste,Mid-Market,2025-03-30,44189.7,10409.85,33779.85,Paid
820,1368,15747,9,3,Sudeste,Mid-Market,2025-04-19,31527.43,1439.97,30087.46,Paid
821,1369,15752,3,4,Sul,Mid-Market,2025-03-12,17676.82,2676.19,15000.63,Paid
822,1373,15803,5,2,Sul,Enterprise,2025-03-08,20697.06,2801.93,17895.13,Paid
823,1377,15859,5,4,Sudeste,Mid-Market,2025-02-23,28268.17,5366.04,22902.13,Paid
824,1378,15866,1,1,Nordeste,SMB,2025-03-17,7347.1,1412.84,5934.26,Paid
825,1380,15877,8,5,Sudeste,SMB,2025-04-21,7896.28,730.6,7165.68,Pending
826,1382,15901,5,1,Sul,Enterprise,2025-02-10,95928.21,4425.22,91502.99,Pending
827,1384,15925,6,3,Sudeste,SMB,2025-04-28,7829.53,104.06,7725.47,Paid
828,1385,15931,2,3,Centro-Oeste,Mid-Market,2025-04-08,29932.58,5590.23,24342.35,Pending
829,1386,15933,10,1,Centro-Oeste,Mid-Market,2025-03-28,23441.49,5736.37,17705.12,Paid
830,1388,15952,3,1,Nordeste,SMB,2025-05-19,12801.92,405.97,12395.95,Paid
831,1389,15961,5,4,Sul,Mid-Market,2025-03-11,48144.88,1931.57,46213.31,Pending
832,1392,16039,10,3,Sudeste,Mid-Market,2025-04-17,29678.56,2727.1,26951.46,Paid
833,1393,16045,7,4,Nordeste,SMB,2025-04-04,5547.82,594.67,4953.15,Paid
834,1397,16106,3,2,Centro-Oeste,Enterprise,2025-04-27,58194.45,9148.36,49046.09,Paid
835,1398,16140,2,6,Nordeste,SMB,2025-05-02,9059.25,446.63,8612.62,Paid
836,1399,16142,4,2,Centro-Oeste,Mid-Market,2025-02-22,27861.8,770.98,27090.82,Pending
837,1400,16150,11,1,Centro-Oeste,SMB,2025-04-04,8778.34,481.5,8296.84,Overdue
838,1401,16179,3,2,Sul,Enterprise,2025-04-02,100801.59,11850.25,88951.34,Paid
839,1404,16208,5,2,Sul,Mid-Market,2025-03-11,29332.32,6273.96,23058.36,Pending
840,1405,16210,9,1,Sudeste,Enterprise,2025-04-24,72588.48,8845.92,63742.56,Paid
841,1406,16224,9,5,Sudeste,Mid-Market,2025-03-10,28612.42,4608.33,24004.09,Paid
842,1407,16230,12,6,Sudeste,Mid-Market,2025-04-11,19730.57,545.57,19185.0,Pending
843,1408,16235,11,6,Sul,Mid-Market,2025-05-18,33888.99,3031.33,30857.66,Pending
844,1409,16236,3,1,Nordeste,SMB,2025-02-20,16188.68,80.33,16108.35,Paid
845,1410,16251,8,1,Sudeste,Enterprise,2025-04-11,401339.07,32248.07,369091.0,Pending
846,1411,16253,5,3,Sul,Mid-Market,2025-04-21,20112.97,1687.97,18425.0,Paid
847,1412,16275,12,2,Nordeste,Enterprise,2025-04-08,68514.83,8150.1,60364.73,Paid
848,1413,16307,5,3,Sudeste,Enterprise,2025-05-26,55420.18,7572.37,47847.81,Paid
849,1414,16312,10,4,Sul,SMB,2025-05-10,4844.03,27.21,4816.82,Paid
850,1415,16315,5,1,Sul,SMB,2025-04-27,8976.67,1908.04,7068.63,Paid
851,1419,16355,7,4,Sudeste,Enterprise,2025-03-15,274608.36,3837.84,270770.52,Paid
852,1421,16402,3,2,Sul,Enterprise,2025-03-29,49211.22,4327.75,44883.47,Paid
853,1422,16409,7,4,Sudeste,SMB,2025-02-24,14689.32,1559.86,13129.46,Paid
854,1424,16437,3,3,Nordeste,Enterprise,2025-04-28,132898.51,27499.78,105398.73,Paid
855,1425,16462,10,5,Sudeste,SMB,2025-03-17,10868.01,647.53,10220.48,Overdue
856,1429,16495,1,1,Sudeste,Enterprise,2025-05-10,42511.19,9926.59,32584.6,Paid
857,1431,16499,7,6,Nordeste,Enterprise,2025-03-04,59949.96,5156.24,54793.72,Paid
858,1432,16512,3,1,Sudeste,SMB,2025-05-03,7874.75,528.91,7345.84,Paid
859,1433,16519,6,3,Sul,SMB,2025-04-19,9934.26,1381.3,8552.96,Paid
860,1434,16523,7,4,Sul,SMB,2025-04-05,11223.3,1624.59,9598.71,Paid
861,1435,16528,3,1,Sul,Enterprise,2025-04-22,92990.62,6881.04,86109.58,Paid
862,1436,16529,4,1,Sudeste,SMB,2025-04-29,7244.43,646.63,6597.8,Paid
863,1437,16533,10,4,Nordeste,SMB,2025-04-12,9099.68,131.7,8967.98,Paid
864,1438,16556,7,1,Nordeste,Mid-Market,2025-05-17,35582.06,7302.54,28279.52,Paid
865,1440,16588,2,6,Sul,Mid-Market,2025-03-05,29007.39,2308.26,26699.13,Paid
866,1441,16594,1,1,Sudeste,Mid-Market,2025-04-07,22991.7,2776.53,20215.17,Paid
867,1442,16597,3,2,Centro-Oeste,Mid-Market,2025-03-15,57163.39,1653.91,55509.48,Paid
868,1443,16604,9,1,Sul,Enterprise,2025-05-15,99986.59,12734.96,87251.63,Pending
869,1444,16628,2,3,Sudeste,Enterprise,2025-06-01,265280.91,20573.67,244707.24,Paid
870,1447,16656,4,4,Nordeste,SMB,2025-04-26,12167.42,1874.06,10293.36,Paid
871,1448,16661,10,1,Sudeste,Mid-Market,2025-04-04,27100.92,1795.26,25305.66,Paid
872,1449,16662,12,6,Sudeste,SMB,2025-04-12,10521.66,1793.56,8728.1,Paid
873,1451,16684,3,3,Sul,Enterprise,2025-03-25,58956.35,8018.17,50938.18,Paid
874,1452,16686,1,4,Sul,Enterprise,2025-04-05,65058.69,4929.04,60129.65,Paid
875,1453,16687,7,6,Sudeste,Mid-Market,2025-04-28,29343.98,1732.65,27611.33,Paid
876,1454,16725,2,4,Sudeste,Enterprise,2025-04-30,49161.3,5471.58,43689.72,Paid
877,1455,16728,3,1,Sudeste,Mid-Market,2025-04-16,43268.68,2211.8,41056.88,Pending
878,1456,16742,9,3,Nordeste,Mid-Market,2025-04-30,45728.54,3467.73,42260.81,Paid
879,1457,16744,3,3,Centro-Oeste,SMB,2025-04-27,11453.1,1274.34,10178.76,Paid
880,1458,16765,5,6,Nordeste,Mid-Market,2025-02-16,32151.15,6403.48,25747.67,Paid
881,1459,16766,10,6,Sudeste,SMB,2025-05-08,12063.16,521.0,11542.16,Paid
882,1460,16779,4,3,Sudeste,Enterprise,2025-04-24,106249.84,15327.44,90922.4,Paid
883,1462,16796,9,3,Nordeste,Enterprise,2025-04-16,42789.08,509.48,42279.6,Paid
884,1463,16797,12,3,Sul,Enterprise,2025-03-06,124961.14,23606.69,101354.45,Pending
885,1467,16853,9,1,Sudeste,SMB,2025-03-30,5306.29,55.31,5250.98,Paid
886,1468,16889,3,1,Sul,SMB,2025-04-19,9007.98,1271.68,7736.3,Paid
887,1470,16900,6,2,Sudeste,Mid-Market,2025-04-08,40826.82,7781.16,33045.66,Pending
888,1473,16917,4,2,Centro-Oeste,Enterprise,2025-03-05,96138.38,10353.21,85785.17,Paid
889,1474,16944,1,6,Sudeste,SMB,2025-03-30,8859.96,899.96,7960.0,Paid
890,1475,16958,1,3,Sudeste,Mid-Market,2025-05-17,24633.62,3077.92,21555.7,Paid
891,1476,16960,10,1,Nordeste,Mid-Market,2025-06-10,41105.71,5667.71,35438.0,Paid
892,1477,16974,5,1,Nordeste,SMB,2025-05-23,6034.01,92.86,5941.15,Paid
893,1478,16985,3,3,Centro-Oeste,Mid-Market,2025-03-31,24210.66,3066.38,21144.28,Pending
894,1479,16990,10,4,Sudeste,SMB,2025-04-17,12733.09,430.43,12302.66,Pending
895,1480,17011,7,1,Sudeste,Mid-Market,2025-04-24,15796.47,2225.95,13570.52,Paid
896,1481,17031,3,4,Centro-Oeste,Mid-Market,2025-04-29,18087.46,156.17,17931.29,Paid
897,1482,17033,5,3,Sudeste,Mid-Market,2025-05-26,16466.51,4063.66,12402.85,Pending
898,1484,17070,7,1,Sudeste,Enterprise,2025-05-17,76262.44,6561.49,69700.95,Paid
899,1485,17087,9,3,Sudeste,Enterprise,2025-05-25,61199.19,2835.08,58364.11,Paid
900,1486,17105,9,1,Nordeste,Enterprise,2025-04-21,40449.06,2740.14,37708.92,Paid
901,1488,17124,1,6,Sul,Mid-Market,2025-04-01,33731.09,1096.43,32634.66,Paid
902,1490,17147,5,5,Nordeste,Enterprise,2025-04-16,73728.46,4029.35,69699.11,Paid
903,1491,17182,7,2,Sudeste,Enterprise,2025-04-20,116520.8,21971.63,94549.17,Paid
904,1492,17206,1,5,Centro-Oeste,Enterprise,2025-04-22,97483.26,11893.19,85590.07,Paid
905,1493,17211,3,4,Sul,SMB,2025-04-01,16904.65,1326.62,15578.03,Paid
906,1494,17221,8,4,Nordeste,Enterprise,2025-05-25,73864.43,4672.81,69191.62,Paid
907,1496,17267,4,1,Nordeste,SMB,2025-05-06,4763.38,549.98,4213.4,Paid
908,1497,17271,1,1,Sul,Mid-Market,2025-04-28,39993.05,5716.77,34276.28,Paid
909,1500,17290,1,3,Sudeste,SMB,2025-04-10,15394.04,2579.24,12814.8,Paid
910,1501,17293,1,6,Sul,Enterprise,2025-04-13,76040.87,4927.97,71112.9,Paid
911,1502,17304,3,3,Centro-Oeste,SMB,2025-04-05,9571.97,971.04,8600.93,Paid
912,1503,17312,4,1,Centro-Oeste,Mid-Market,2025-05-04,30286.93,2637.99,27648.94,Paid
913,1504,17318,3,1,Sul,Mid-Market,2025-05-22,35975.5,13391.76,22583.74,Paid
914,1505,17345,9,1,Sul,SMB,2025-03-25,3813.65,125.85,3687.8,Paid
915,1507,17353,5,3,Sudeste,SMB,2025-04-04,6750.49,1042.41,5708.08,Overdue
916,1508,17369,7,3,Sudeste,Mid-Market,2025-04-21,33279.68,1160.06,32119.62,Paid
917,1509,17376,2,4,Sudeste,Enterprise,2025-06-12,140281.59,24226.94,116054.65,Paid
918,1510,17395,10,3,Sudeste,SMB,2025-03-24,9616.95,1154.34,8462.61,Overdue
919,1513,17420,5,3,Nordeste,Enterprise,2025-03-28,101392.78,12148.01,89244.77,Paid
920,1514,17424,6,1,Nordeste,Mid-Market,2025-04-12,27005.39,4408.57,22596.82,Pending
921,1515,17428,1,1,Sudeste,SMB,2025-03-26,8261.65,661.53,7600.12,Paid
922,1516,17430,6,2,Centro-Oeste,Mid-Market,2025-07-05,24972.07,3104.24,21867.83,Paid
923,1520,17458,2,3,Nordeste,Mid-Market,2025-06-13,38547.91,4263.3,34284.61,Paid
924,1521,17474,5,3,Sudeste,Mid-Market,2025-04-03,19777.01,763.02,19013.99,Paid
925,1522,17475,3,3,Sudeste,Mid-Market,2025-05-10,37659.2,856.54,36802.66,Paid
926,1524,17490,3,4,Sudeste,Enterprise,2025-04-30,223224.07,5762.9,217461.17,Paid
927,1528,17529,7,2,Sudeste,Mid-Market,2025-04-22,53473.87,505.21,52968.66,Paid
928,1531,17575,10,3,Sudeste,Enterprise,2025-05-15,47685.01,3175.48,44509.53,Paid
929,1533,17604,8,1,Sul,Enterprise,2025-04-30,90381.04,7681.17,82699.87,Paid
930,1534,17606,9,3,Sul,Mid-Market,2025-05-22,32901.52,3643.56,29257.96,Paid
931,1535,17619,5,6,Sudeste,SMB,2025-06-17,9730.39,1577.41,8152.98,Paid
932,1536,17633,4,1,Nordeste,SMB,2025-05-30,8348.29,371.0,7977.29,Paid
933,1540,17688,1,1,Sul,SMB,2025-06-08,3884.1,254.82,3629.28,Paid
934,1541,17690,1,2,Sul,SMB,2025-06-09,10640.79,513.59,10127.2,Paid
935,1544,17696,5,6,Sudeste,Enterprise,2025-04-16,138967.38,6048.0,132919.38,Overdue
936,1547,17732,7,1,Nordeste,Mid-Market,2025-04-05,41559.02,1186.76,40372.26,Paid
937,1548,17746,4,3,Sul,Mid-Market,2025-06-12,47056.05,9587.13,37468.92,Paid
938,1549,17752,6,2,Centro-Oeste,Enterprise,2025-05-22,45649.72,4151.52,41498.2,Paid
939,1550,17764,12,2,Sul,Enterprise,2025-04-21,145965.17,11803.09,134162.08,Paid
940,1551,17784,1,6,Sudeste,Mid-Market,2025-05-10,35981.16,1019.75,34961.41,Paid
941,1552,17787,6,2,Sudeste,Mid-Market,2025-05-29,29681.59,1362.13,28319.46,Pending
942,1554,17799,5,1,Sul,Mid-Market,2025-05-31,33726.63,5166.18,28560.45,Paid
943,1556,17851,5,3,Sudeste,SMB,2025-06-17,9831.66,1072.71,8758.95,Paid
944,1557,17852,1,3,Sul,Enterprise,2025-04-08,48340.77,4055.54,44285.23,Pending
945,1558,17856,9,2,Nordeste,SMB,2025-06-06,7922.99,1014.47,6908.52,Paid
946,1559,17878,1,6,Sudeste,SMB,2025-05-25,8624.24,291.03,8333.21,Paid
947,1561,17941,1,3,Centro-Oeste,SMB,2025-05-22,18113.9,1600.97,16512.93,Paid
948,1562,17957,2,3,Centro-Oeste,SMB,2025-05-09,14379.74,2436.66,11943.08,Paid
949,1563,17964,8,6,Sul,Mid-Market,2025-06-20,22583.32,1024.61,21558.71,Paid
950,1564,17968,4,3,Nordeste,Enterprise,2025-04-08,107890.04,8718.79,99171.25,Paid
951,1565,17974,2,5,Nordeste,Enterprise,2025-04-30,103624.44,1730.95,101893.49,Pending
952,1566,17975,3,6,Sudeste,Mid-Market,2025-06-07,29987.48,816.27,29171.21,Pending
953,1568,18005,12,5,Centro-Oeste,SMB,2025-05-08,9532.27,867.7,8664.57,Pending
954,1569,18006,3,4,Centro-Oeste,SMB,2025-07-04,7547.0,74.46,7472.54,Pending
955,1572,18024,7,3,Sudeste,SMB,2025-05-27,15355.15,1536.98,13818.17,Paid
956,1573,18050,5,3,Sudeste,Mid-Market,2025-06-08,37380.18,2253.11,35127.07,Overdue
957,1574,18053,8,6,Sudeste,SMB,2025-06-12,10494.67,1431.22,9063.45,Paid
958,1575,18057,5,1,Nordeste,Enterprise,2025-05-07,86867.7,15722.36,71145.34,Overdue
959,1577,18072,2,6,Sudeste,SMB,2025-04-16,6174.64,260.24,5914.4,Paid
960,1579,18085,8,6,Sul,Mid-Market,2025-05-11,25874.23,2769.94,23104.29,Paid
961,1582,18141,9,3,Sudeste,Enterprise,2025-06-26,41003.89,4344.78,36659.11,Paid
962,1583,18147,9,4,Sudeste,SMB,2025-06-26,9788.36,1460.84,8327.52,Paid
963,1584,18148,2,5,Sul,Mid-Market,2025-05-11,28812.63,5124.35,23688.28,Paid
964,1586,18172,10,4,Sul,Enterprise,2025-05-05,120937.42,5216.94,115720.48,Paid
965,1593,18257,11,3,Sudeste,Mid-Market,2025-06-10,9054.12,512.32,8541.8,Overdue
966,1595,18287,1,2,Sudeste,Mid-Market,2025-06-21,16723.28,2007.68,14715.6,Paid
967,1597,18323,10,4,Sul,Enterprise,2025-06-03,90975.92,3656.3,87319.62,Pending
968,1598,18332,7,4,Sudeste,Mid-Market,2025-05-24,34700.31,5400.84,29299.47,Paid
969,1599,18338,2,3,Centro-Oeste,Enterprise,2025-05-13,72353.63,2144.74,70208.89,Paid
970,1600,18339,8,4,Nordeste,Mid-Market,2025-07-06,54746.46,12310.47,42435.99,Paid
971,1601,18352,2,4,Sudeste,Enterprise,2025-05-28,84957.42,5579.88,79377.54,Paid
972,1602,18438,4,6,Sul,Mid-Market,2025-06-16,45909.74,9138.5,36771.24,Paid
973,1604,18453,10,3,Sudeste,SMB,2025-07-05,3960.24,468.49,3491.75,Paid
974,1605,18489,12,3,Centro-Oeste,Mid-Market,2025-06-09,30705.52,2855.13,27850.39,Paid
975,1609,18523,2,6,Centro-Oeste,Mid-Market,2025-05-31,43703.49,3643.31,40060.18,Pending
976,1610,18535,3,2,Nordeste,SMB,2025-04-08,11453.07,879.46,10573.61,Paid
977,1611,18540,1,1,Sudeste,SMB,2025-04-05,15024.25,2323.5,12700.75,Pending
978,1613,18563,9,2,Sudeste,SMB,2025-05-16,12559.19,629.14,11930.05,Paid
979,1614,18566,5,3,Centro-Oeste,Mid-Market,2025-04-27,22673.31,1494.68,21178.63,Paid
980,1616,18589,7,1,Sul,Enterprise,2025-06-09,57815.85,4597.48,53218.37,Paid
981,1617,18596,12,1,Sudeste,Mid-Market,2025-04-28,37903.17,6012.61,31890.56,Paid
982,1618,18617,9,1,Sudeste,SMB,2025-06-07,10806.98,1228.91,9578.07,Paid
983,1619,18633,11,4,Sudeste,SMB,2025-05-15,25325.06,2358.0,22967.06,Paid
984,1620,18639,3,3,Centro-Oeste,Mid-Market,2025-05-29,35333.69,3736.79,31596.9,Pending
985,1621,18652,9,4,Sudeste,Enterprise,2025-05-26,143289.73,33304.8,109984.93,Pending
986,1622,18658,10,1,Sudeste,Mid-Market,2025-05-13,26268.69,1333.62,24935.07,Paid
987,1623,18659,2,2,Sudeste,Mid-Market,2025-06-06,25305.27,6518.01,18787.26,Pending
988,1626,18695,10,3,Sudeste,SMB,2025-05-31,9340.01,392.08,8947.93,Paid
989,1627,18725,3,1,Centro-Oeste,SMB,2025-06-09,6502.89,99.48,6403.41,Paid
990,1631,18775,3,3,Centro-Oeste,Enterprise,2025-05-16,117850.72,23558.21,94292.51,Paid
991,1633,18779,8,1,Sul,SMB,2025-06-09,9812.14,457.93,9354.21,Paid
992,1634,18828,1,2,Sul,Mid-Market,2025-06-11,28673.79,3514.31,25159.48,Paid
993,1635,18836,8,4,Sul,Enterprise,2025-05-31,206511.68,6649.33,199862.35,Paid
994,1638,18860,2,4,Sudeste,Enterprise,2025-06-14,132424.78,6507.07,125917.71,Paid
995,1641,18897,4,4,Sul,SMB,2025-06-11,8366.2,1669.12,6697.08,Paid
996,1644,18928,6,3,Nordeste,SMB,2025-06-11,7417.03,733.06,6683.97,Paid
997,1646,18940,1,6,Nordeste,Mid-Market,2025-05-23,27983.73,394.92,27588.81,Paid
998,1647,18974,6,1,Sudeste,SMB,2025-07-18,10509.35,389.98,10119.37,Overdue
999,1648,18975,10,3,Sudeste,Mid-Market,2025-04-23,25798.15,4977.5,20820.65,Paid
1000,1651,19006,5,4,Nordeste,Mid-Market,2025-06-23,25356.94,4039.08,21317.86,Pending
1001,1654,19114,12,3,Sudeste,SMB,2025-05-30,12189.74,1093.67,11096.07,Paid
1002,1656,19122,7,1,Nordeste,Enterprise,2025-05-22,54614.13,6430.35,48183.78,Paid
1003,1657,19129,6,2,Sudeste,SMB,2025-05-08,19136.54,2411.65,16724.89,Paid
1004,1661,19179,12,4,Nordeste,Enterprise,2025-06-20,65369.77,13980.2,51389.57,Pending
1005,1662,19184,10,3,Sudeste,Mid-Market,2025-05-31,41851.85,2461.14,39390.71,Overdue
1006,1663,19196,5,3,Sul,SMB,2025-05-12,7274.33,593.07,6681.26,Paid
1007,1664,19201,3,4,Sudeste,SMB,2025-07-08,10957.57,687.91,10269.66,Paid
1008,1665,19213,2,6,Sudeste,Enterprise,2025-06-18,117564.23,4297.74,113266.49,Paid
1009,1666,19222,5,1,Sudeste,Enterprise,2025-05-11,51347.69,6260.16,45087.53,Overdue
1010,1667,19227,4,1,Sudeste,Enterprise,2025-08-18,232646.73,12851.89,219794.84,Paid
1011,1669,19235,12,6,Sudeste,SMB,2025-06-06,10596.54,535.85,10060.69,Paid
1012,1670,19241,1,4,Nordeste,Mid-Market,2025-06-18,38715.15,2837.5,35877.65,Overdue
1013,1671,19259,1,6,Centro-Oeste,Enterprise,2025-06-04,82361.04,4536.61,77824.43,Paid
1014,1672,19262,3,3,Sudeste,Mid-Market,2025-05-14,50084.44,6660.78,43423.66,Paid
1015,1673,19266,12,6,Sudeste,Mid-Market,2025-06-14,35826.44,2171.31,33655.13,Pending
1016,1675,19287,12,3,Sudeste,Mid-Market,2025-07-03,52336.94,1548.56,50788.38,Paid
1017,1679,19362,8,6,Sudeste,Mid-Market,2025-06-02,55314.04,8227.68,47086.36,Paid
1018,1682,19396,5,4,Centro-Oeste,Mid-Market,2025-05-20,77332.4,4456.71,72875.69,Paid
1019,1683,19400,10,2,Sudeste,Enterprise,2025-05-20,159984.93,4287.57,155697.36,Paid
1020,1684,19412,6,1,Sudeste,Mid-Market,2025-06-08,47722.03,8750.46,38971.57,Pending
1021,1685,19420,3,5,Sudeste,SMB,2025-06-17,9926.3,1715.01,8211.29,Paid
1022,1686,19428,11,3,Nordeste,Enterprise,2025-07-11,153819.27,7659.05,146160.22,Overdue
1023,1689,19474,11,1,Sudeste,SMB,2025-06-20,13649.55,1459.14,12190.41,Pending
1024,1690,19489,10,1,Sul,Mid-Market,2025-06-05,19940.06,1726.45,18213.61,Paid
1025,1692,19502,7,1,Sul,Mid-Market,2025-06-25,27161.07,2287.84,24873.23,Paid
1026,1693,19506,6,3,Sudeste,SMB,2025-06-12,12703.4,885.66,11817.74,Overdue
1027,1694,19530,6,3,Sudeste,SMB,2025-07-06,5385.04,416.91,4968.13,Paid
1028,1695,19540,3,3,Sudeste,SMB,2025-05-21,15583.57,709.68,14873.89,Paid
1029,1696,19542,6,4,Nordeste,Enterprise,2025-05-26,71954.31,2495.13,69459.18,Paid
1030,1697,19592,5,6,Sudeste,Mid-Market,2025-05-27,29946.64,1044.71,28901.93,Paid
1031,1700,19599,9,3,Sudeste,Enterprise,2025-05-20,70104.61,6599.81,63504.8,Paid
1032,1701,19615,9,2,Nordeste,Mid-Market,2025-07-01,48234.21,1967.98,46266.23,Paid
1033,1702,19621,1,3,Centro-Oeste,Enterprise,2025-06-21,92448.41,8757.11,83691.3,Pending
1034,1703,19629,12,2,Nordeste,Mid-Market,2025-06-22,26438.78,371.34,26067.44,Paid
1035,1704,19630,10,4,Sudeste,Enterprise,2025-06-08,145006.13,26806.93,118199.2,Paid
1036,1705,19634,7,1,Nordeste,SMB,2025-06-17,7948.62,806.62,7142.0,Paid
1037,1706,19637,3,4,Sul,Mid-Market,2025-06-09,19220.19,438.21,18781.98,Paid
1038,1707,19656,2,3,Nordeste,SMB,2025-07-12,12900.61,1341.39,11559.22,Paid
1039,1708,19671,12,1,Sudeste,Enterprise,2025-06-03,182081.54,34217.33,147864.21,Paid
1040,1710,19682,7,5,Nordeste,Mid-Market,2025-06-13,31785.99,260.36,31525.63,Paid
1041,1714,19691,11,3,Centro-Oeste,Mid-Market,2025-06-05,49060.32,1691.94,47368.38,Paid
1042,1717,19703,7,3,Nordeste,SMB,2025-06-21,8067.23,777.91,7289.32,Pending
1043,1718,19705,9,2,Nordeste,SMB,2025-05-27,12430.52,1827.66,10602.86,Paid
1044,1720,19751,7,1,Sul,Mid-Market,2025-07-17,20800.06,1619.84,19180.22,Paid
1045,1721,19769,11,4,Sudeste,Enterprise,2025-06-02,150087.18,9496.92,140590.26,Pending
1046,1723,19789,2,4,Nordeste,SMB,2025-08-03,8665.58,1929.08,6736.5,Paid
1047,1725,19792,3,3,Sudeste,SMB,2025-07-10,10430.75,1281.71,9149.04,Paid
1048,1729,19849,5,4,Sul,Enterprise,2025-05-10,70594.24,6733.58,63860.66,Paid
1049,1731,19868,12,1,Sul,Enterprise,2025-07-08,85372.42,5439.86,79932.56,Paid
1050,1733,19905,1,3,Sudeste,Enterprise,2025-07-09,124305.43,6261.72,118043.71,Paid
1051,1734,19923,7,5,Sudeste,Enterprise,2025-05-30,117726.89,14276.34,103450.55,Paid
1052,1736,19934,4,1,Sudeste,Mid-Market,2025-05-10,27716.58,1669.03,26047.55,Paid
1053,1738,19940,2,2,Sudeste,Mid-Market,2025-07-29,20062.54,638.45,19424.09,Paid
1054,1739,19963,11,6,Sul,Mid-Market,2025-05-12,42954.45,7956.17,34998.28,Paid
1055,1741,19973,9,6,Nordeste,SMB,2025-07-30,8022.82,1338.89,6683.93,Paid
1056,1742,19978,11,2,Sul,Mid-Market,2025-06-16,66979.5,2042.73,64936.77,Paid
1057,1743,19993,9,3,Sul,SMB,2025-08-20,9203.5,268.83,8934.67,Paid
1058,1744,20015,7,1,Centro-Oeste,SMB,2025-06-07,8796.94,826.96,7969.98,Paid
1059,1745,20033,2,4,Sudeste,SMB,2025-07-28,12168.26,1214.24,10954.02,Paid
1060,1746,20058,5,6,Sudeste,Enterprise,2025-08-08,66949.92,11224.45,55725.47,Paid
1061,1748,20089,11,2,Nordeste,Enterprise,2025-06-24,68612.08,4362.58,64249.5,Overdue
1062,1749,20090,3,2,Nordeste,SMB,2025-06-30,9068.08,802.62,8265.46,Overdue
1063,1751,20126,9,6,Sudeste,Enterprise,2025-07-07,70774.26,3580.72,67193.54,Paid
1064,1752,20162,12,1,Centro-Oeste,Enterprise,2025-05-27,72039.84,3543.86,68495.98,Paid
1065,1754,20187,2,1,Sudeste,Mid-Market,2025-07-28,19711.45,2604.14,17107.31,Paid
1066,1755,20214,9,6,Sudeste,Enterprise,2025-06-28,104347.33,17256.19,87091.14,Paid
1067,1757,20219,8,5,Sudeste,Mid-Market,2025-07-18,24763.48,3000.29,21763.19,Paid
1068,1760,20243,11,1,Sudeste,Enterprise,2025-07-17,92204.42,10451.39,81753.03,Paid
1069,1762,20271,4,4,Sudeste,Mid-Market,2025-06-15,51869.59,6268.88,45600.71,Overdue
1070,1763,20273,11,1,Nordeste,Mid-Market,2025-06-19,29986.41,1071.75,28914.66,Paid
1071,1765,20295,2,1,Nordeste,Enterprise,2025-06-22,137382.67,22415.09,114967.58,Paid
1072,1766,20321,7,2,Sudeste,SMB,2025-07-22,4247.75,279.34,3968.41,Pending
1073,1767,20360,10,4,Centro-Oeste,Mid-Market,2025-08-15,15105.7,3792.65,11313.05,Paid
1074,1769,20374,11,3,Centro-Oeste,Mid-Market,2025-07-11,46263.97,5249.27,41014.7,Paid
1075,1770,20406,3,6,Sul,Enterprise,2025-08-22,145215.32,15623.1,129592.22,Paid
1076,1771,20409,11,3,Sul,Mid-Market,2025-07-03,41503.27,457.66,41045.61,Paid
1077,1772,20415,6,1,Nordeste,Enterprise,2025-07-25,70347.43,6708.1,63639.33,Pending
1078,1773,20421,2,3,Sudeste,Mid-Market,2025-08-03,19731.74,2444.42,17287.32,Paid
1079,1775,20435,12,2,Nordeste,Mid-Market,2025-06-29,39329.82,2341.48,36988.34,Paid
1080,1776,20436,11,3,Centro-Oeste,Enterprise,2025-07-26,75975.01,2393.78,73581.23,Pending
1081,1777,20446,5,2,Sudeste,Mid-Market,2025-06-09,30651.24,8343.87,22307.37,Paid
1082,1780,20472,8,6,Sul,Mid-Market,2025-07-28,26564.4,5088.18,21476.22,Paid
1083,1781,20475,2,5,Sul,SMB,2025-09-10,6057.87,334.74,5723.13,Paid
1084,1782,20479,12,3,Sudeste,SMB,2025-08-10,11737.98,1089.72,10648.26,Paid
1085,1783,20483,8,1,Centro-Oeste,SMB,2025-06-25,7698.59,525.28,7173.31,Paid
1086,1784,20499,12,1,Sudeste,Mid-Market,2025-06-13,25012.81,4277.7,20735.11,Pending
1087,1785,20505,9,4,Sudeste,Mid-Market,2025-07-07,43966.64,10860.84,33105.8,Pending
1088,1787,20565,3,5,Centro-Oeste,Enterprise,2025-07-28,54542.1,11847.26,42694.84,Paid
1089,1788,20572,1,1,Sudeste,Enterprise,2025-07-05,83395.34,4745.97,78649.37,Paid
1090,1789,20583,7,1,Sudeste,SMB,2025-07-28,9835.95,356.15,9479.8,Paid
1091,1791,20595,6,2,Sul,SMB,2025-06-06,10291.43,1644.78,8646.65,Paid
1092,1792,20599,10,4,Sul,SMB,2025-08-15,8708.68,1009.27,7699.41,Paid
1093,1796,20625,11,3,Sul,Mid-Market,2025-07-13,19948.25,400.68,19547.57,Pending
1094,1798,20632,9,3,Centro-Oeste,Mid-Market,2025-08-09,36700.38,8239.53,28460.85,Paid
1095,1800,20683,8,3,Nordeste,Enterprise,2025-07-23,84191.39,5871.43,78319.96,Paid
1096,1801,20687,6,6,Sudeste,Mid-Market,2025-08-11,31172.27,2571.84,28600.43,Paid
1097,1802,20689,11,3,Centro-Oeste,Enterprise,2025-08-01,153597.08,9189.87,144407.21,Paid
1098,1804,20713,7,3,Sul,SMB,2025-07-16,8839.46,640.89,8198.57,Paid
1099,1806,20747,6,1,Sudeste,Enterprise,2025-07-20,60152.62,3768.4,56384.22,Paid
1100,1809,20782,5,3,Sul,Enterprise,2025-07-06,116611.16,21751.62,94859.54,Paid
1101,1810,20789,12,6,Sudeste,SMB,2025-07-15,9694.54,1129.13,8565.41,Overdue
1102,1811,20794,10,4,Sudeste,SMB,2025-08-26,15249.89,1063.14,14186.75,Overdue
1103,1814,20812,7,6,Sudeste,Mid-Market,2025-07-09,39473.65,5636.62,33837.03,Paid
1104,1815,20820,7,5,Sudeste,Mid-Market,2025-07-19,89646.74,8175.96,81470.78,Paid
1105,1816,20834,1,3,Nordeste,SMB,2025-06-23,8576.2,937.96,7638.24,Pending
1106,1818,20891,3,3,Sudeste,Mid-Market,2025-07-15,18130.88,2114.37,16016.51,Paid
1107,1819,20918,12,1,Sudeste,Enterprise,2025-08-25,36913.69,3758.36,33155.33,Overdue
1108,1824,20981,1,6,Centro-Oeste,Enterprise,2025-08-14,70720.11,22824.03,47896.08,Paid
1109,1825,20995,8,2,Sul,Mid-Market,2025-08-11,25802.11,3280.83,22521.28,Paid
1110,1827,21044,6,1,Sudeste,Mid-Market,2025-07-14,51906.85,5759.12,46147.73,Paid
1111,1828,21063,1,3,Sul,SMB,2025-07-23,8631.66,444.52,8187.14,Pending
1112,1830,21097,11,6,Sudeste,Mid-Market,2025-09-20,34277.08,5815.0,28462.08,Paid
1113,1831,21122,5,2,Sul,Enterprise,2025-07-06,142804.0,18730.8,124073.2,Paid
1114,1832,21144,3,2,Sudeste,SMB,2025-09-10,19652.04,6663.07,12988.97,Paid
1115,1834,21196,5,3,Sudeste,SMB,2025-08-14,9172.07,987.99,8184.08,Paid
1116,1835,21197,1,1,Centro-Oeste,Mid-Market,2025-07-31,32449.25,2066.73,30382.52,Paid
1117,1836,21207,8,1,Nordeste,Mid-Market,2025-09-02,39094.72,624.82,38469.9,Pending
1118,1837,21210,6,1,Sudeste,Mid-Market,2025-07-22,28792.94,5735.86,23057.08,Pending
1119,1844,21290,9,3,Nordeste,SMB,2025-07-14,13440.19,1056.72,12383.47,Paid
1120,1845,21293,9,1,Nordeste,Enterprise,2025-07-09,144521.84,26063.98,118457.86,Pending
1121,1846,21324,7,1,Sudeste,Mid-Market,2025-08-21,58794.12,5934.94,52859.18,Paid
1122,1848,21379,7,3,Nordeste,Enterprise,2025-08-12,57844.37,6008.53,51835.84,Paid
1123,1850,21401,12,3,Sul,Enterprise,2025-08-06,54047.49,5266.6,48780.89,Paid
1124,1852,21416,11,3,Centro-Oeste,SMB,2025-08-04,9486.07,1232.18,8253.89,Paid
1125,1853,21426,9,3,Nordeste,Enterprise,2025-08-16,38756.45,2894.41,35862.04,Paid
1126,1854,21431,5,4,Sudeste,Mid-Market,2025-09-01,59859.13,2584.28,57274.85,Paid
1127,1856,21444,8,4,Sudeste,Mid-Market,2025-07-21,23515.71,3785.42,19730.29,Paid
1128,1857,21487,2,4,Sudeste,Enterprise,2025-08-27,56258.82,6082.89,50175.93,Paid
1129,1859,21518,1,4,Sudeste,Enterprise,2025-08-22,136229.2,12027.29,124201.91,Paid
1130,1861,21554,3,1,Sudeste,SMB,2025-08-27,10187.47,760.43,9427.04,Paid
1131,1862,21559,8,3,Sul,SMB,2025-09-09,9321.11,1715.53,7605.58,Paid
1132,1864,21597,6,3,Sul,Enterprise,2025-07-27,73865.33,6027.09,67838.24,Paid
1133,1867,21654,5,5,Sudeste,Mid-Market,2025-09-12,49375.07,6610.15,42764.92,Paid
1134,1868,21675,7,2,Sudeste,SMB,2025-07-15,8778.81,955.01,7823.8,Paid
1135,1870,21682,1,5,Sul,Mid-Market,2025-09-04,46154.14,2166.46,43987.68,Pending
1136,1871,21697,10,1,Sul,SMB,2025-08-31,9204.68,882.67,8322.01,Paid
1137,1872,21712,12,4,Sudeste,Enterprise,2025-07-15,58279.0,2862.67,55416.33,Paid
1138,1873,21719,10,3,Sudeste,Mid-Market,2025-08-16,21555.11,3537.09,18018.02,Paid
1139,1874,21738,6,1,Sudeste,Mid-Market,2025-08-19,21479.29,6732.92,14746.37,Paid
1140,1875,21740,7,6,Sudeste,Mid-Market,2025-08-10,26147.97,3574.32,22573.65,Paid
1141,1877,21755,2,3,Centro-Oeste,SMB,2025-07-18,6982.38,1165.07,5817.31,Paid
1142,1879,21770,10,3,Sudeste,Mid-Market,2025-07-19,26694.03,3022.82,23671.21,Paid
1143,1880,21792,10,3,Sudeste,Enterprise,2025-09-15,79472.99,1656.34,77816.65,Pending
1144,1882,21808,3,3,Sudeste,Enterprise,2025-08-25,52618.36,13464.35,39154.01,Paid
1145,1883,21813,10,4,Sul,SMB,2025-07-02,9425.65,239.51,9186.14,Paid
1146,1885,21819,9,1,Sudeste,Enterprise,2025-08-24,197964.27,8109.76,189854.51,Paid
1147,1886,21846,11,4,Nordeste,SMB,2025-08-07,8659.71,447.23,8212.48,Paid
1148,1887,21849,7,1,Nordeste,Mid-Market,2025-08-18,37475.48,2439.47,35036.01,Paid
1149,1888,21862,12,5,Sudeste,Enterprise,2025-08-21,98228.37,5398.21,92830.16,Overdue
1150,1890,21874,12,4,Sudeste,SMB,2025-08-18,12294.45,391.2,11903.25,Paid
1151,1891,21898,6,6,Sudeste,SMB,2025-09-02,5045.67,192.83,4852.84,Paid
1152,1892,21899,12,6,Sul,SMB,2025-07-23,14530.06,524.99,14005.07,Paid
1153,1894,21902,7,1,Sudeste,Enterprise,2025-07-27,58681.98,7204.85,51477.13,Pending
1154,1896,21936,8,4,Sudeste,Enterprise,2025-07-28,59280.72,4785.93,54494.79,Paid
1155,1898,21960,7,4,Sul,Enterprise,2025-08-15,34336.18,797.33,33538.85,Paid
1156,1899,21971,6,2,Nordeste,Enterprise,2025-08-15,131997.35,14602.35,117395.0,Pending
1157,1901,21992,10,1,Sudeste,Mid-Market,2025-09-09,39092.47,1695.59,37396.88,Paid
1158,1902,22006,9,3,Nordeste,Mid-Market,2025-08-16,25651.78,2406.93,23244.85,Paid
1159,1903,22013,6,3,Nordeste,SMB,2025-08-04,4286.42,560.11,3726.31,Paid
1160,1904,22020,7,3,Sudeste,SMB,2025-08-01,3973.13,88.33,3884.8,Paid
1161,1905,22028,10,2,Sudeste,SMB,2025-07-10,22430.06,1385.44,21044.62,Overdue
1162,1907,22058,2,4,Sul,Mid-Market,2025-07-20,63609.14,2174.11,61435.03,Pending
1163,1911,22114,1,2,Nordeste,Enterprise,2025-08-09,66421.8,1764.76,64657.04,Paid
1164,1913,22138,2,1,Nordeste,Mid-Market,2025-09-17,78983.81,7196.88,71786.93,Paid
1165,1914,22147,2,4,Sudeste,Mid-Market,2025-07-31,24721.48,467.67,24253.81,Paid
1166,1916,22161,6,1,Sudeste,Mid-Market,2025-08-31,24914.62,1525.24,23389.38,Paid
1167,1918,22170,8,2,Nordeste,SMB,2025-08-14,6669.09,1188.13,5480.96,Paid
1168,1920,22195,5,1,Sudeste,Mid-Market,2025-08-26,20864.4,1204.88,19659.52,Paid
1169,1923,22233,4,5,Sudeste,Mid-Market,2025-09-14,31450.17,7188.46,24261.71,Paid
1170,1924,22236,5,2,Sul,SMB,2025-08-09,22879.32,2765.89,20113.43,Pending
1171,1925,22248,4,2,Sul,SMB,2025-07-19,15675.6,3212.01,12463.59,Pending
1172,1926,22263,5,4,Centro-Oeste,Mid-Market,2025-09-01,59371.57,22449.29,36922.28,Paid
1173,1928,22290,7,5,Sul,Mid-Market,2025-08-31,44906.61,5992.33,38914.28,Paid
1174,1930,22327,9,5,Sudeste,Enterprise,2025-07-01,58339.6,8069.81,50269.79,Paid
1175,1931,22335,10,3,Sul,Mid-Market,2025-08-25,30681.47,6590.19,24091.28,Paid
1176,1932,22336,7,2,Sudeste,SMB,2025-07-28,9220.73,1057.26,8163.47,Paid
1177,1933,22348,9,6,Sul,SMB,2025-08-24,9687.96,383.22,9304.74,Paid
1178,1934,22350,11,4,Sul,SMB,2025-06-13,7298.5,988.53,6309.97,Overdue
1179,1937,22377,4,2,Sudeste,SMB,2025-09-18,8500.97,397.93,8103.04,Paid
1180,1938,22417,10,5,Sudeste,Enterprise,2025-09-02,187589.81,16826.03,170763.78,Overdue
1181,1939,22424,6,3,Nordeste,Mid-Market,2025-09-16,35851.69,3085.49,32766.2,Paid
1182,1940,22426,4,5,Sul,SMB,2025-08-17,7859.48,409.39,7450.09,Pending
1183,1941,22429,3,3,Centro-Oeste,Enterprise,2025-09-18,51586.37,945.85,50640.52,Paid
1184,1942,22432,7,5,Sudeste,Mid-Market,2025-09-02,66693.77,6498.34,60195.43,Paid
1185,1947,22512,2,6,Sudeste,SMB,2025-09-10,8665.14,555.92,8109.22,Paid
1186,1948,22549,6,5,Sudeste,Enterprise,2025-09-04,88624.59,913.23,87711.36,Paid
1187,1949,22550,4,3,Sudeste,Enterprise,2025-09-03,46163.94,6623.84,39540.1,Paid
1188,1951,22569,9,6,Centro-Oeste,Enterprise,2025-09-03,46191.91,1939.32,44252.59,Paid
1189,1952,22585,1,1,Sudeste,Mid-Market,2025-09-10,41934.19,6279.43,35654.76,Paid
1190,1953,22617,10,3,Sudeste,Enterprise,2025-09-04,122389.09,7307.49,115081.6,Paid
1191,1956,22665,6,1,Sudeste,SMB,2025-10-09,8475.68,612.84,7862.84,Paid
1192,1957,22684,5,1,Sul,SMB,2025-09-22,22676.23,400.47,22275.76,Paid
1193,1960,22714,12,2,Sul,Enterprise,2025-09-09,54117.38,10639.85,43477.53,Pending
1194,1961,22728,9,6,Nordeste,Mid-Market,2025-08-31,28246.91,1451.94,26794.97,Pending
1195,1962,22730,2,4,Sudeste,SMB,2025-09-07,4540.13,348.97,4191.16,Paid
1196,1963,22735,11,6,Centro-Oeste,Enterprise,2025-08-22,96306.66,4085.18,92221.48,Paid
1197,1965,22748,11,3,Sudeste,Enterprise,2025-08-25,90091.84,8341.36,81750.48,Overdue
1198,1966,22755,7,1,Centro-Oeste,Mid-Market,2025-09-10,47002.85,3039.61,43963.24,Paid
1199,1967,22772,1,1,Sudeste,Mid-Market,2025-08-10,31421.88,872.85,30549.03,Paid
1200,1970,22777,9,3,Sudeste,Mid-Market,2025-08-24,23148.45,9814.13,13334.32,Overdue
1201,1971,22780,9,3,Sudeste,Mid-Market,2025-09-27,30727.4,4514.74,26212.66,Paid
1202,1974,22829,2,3,Sul,Mid-Market,2025-09-05,21113.62,1908.63,19204.99,Overdue
1203,1975,22840,11,3,Sudeste,Enterprise,2025-09-26,122971.11,8869.55,114101.56,Paid
1204,1976,22858,5,5,Sul,Enterprise,2025-08-17,71137.7,13340.24,57797.46,Paid
1205,1977,22871,11,6,Nordeste,SMB,2025-09-05,8095.74,1187.58,6908.16,Paid
1206,1979,22893,5,3,Centro-Oeste,SMB,2025-07-21,8258.64,371.37,7887.27,Pending
1207,1981,22916,3,1,Nordeste,Mid-Market,2025-07-27,21008.61,1365.58,19643.03,Paid
1208,1983,22930,4,3,Sul,Enterprise,2025-08-21,144988.86,10168.25,134820.61,Paid
1209,1986,22980,7,1,Sul,Mid-Market,2025-08-21,43635.74,3744.25,39891.49,Paid
1210,1988,23011,11,1,Nordeste,Enterprise,2025-09-21,62030.69,5872.99,56157.7,Paid
1211,1989,23012,7,1,Nordeste,Mid-Market,2025-09-11,30116.73,2561.89,27554.84,Paid
1212,1990,23036,7,1,Sul,Enterprise,2025-09-12,102628.24,7892.57,94735.67,Pending
1213,1993,23058,4,3,Sudeste,SMB,2025-09-08,9233.72,2233.46,7000.26,Paid
1214,1994,23061,1,2,Sudeste,SMB,2025-07-28,15413.05,712.03,14701.02,Pending
1215,1995,23070,10,3,Centro-Oeste,SMB,2025-08-21,12624.49,538.38,12086.11,Paid
1216,1997,23094,5,2,Sul,Enterprise,2025-08-19,114120.36,11567.2,102553.16,Paid
1217,1999,23175,7,3,Sudeste,Mid-Market,2025-09-30,32139.71,1174.83,30964.88,Paid
1218,2002,23189,5,3,Nordeste,Enterprise,2025-09-06,101552.44,10424.55,91127.89,Paid
1219,2003,23199,6,4,Sudeste,SMB,2025-09-05,13069.29,1385.56,11683.73,Paid
1220,2006,23217,11,2,Sudeste,SMB,2025-09-08,10424.58,927.03,9497.55,Pending
1221,2012,23290,9,1,Nordeste,Enterprise,2025-09-06,141459.05,4982.34,136476.71,Paid
1222,2014,23305,11,1,Nordeste,Enterprise,2025-09-15,213188.13,37842.39,175345.74,Paid
1223,2015,23311,4,1,Sudeste,Enterprise,2025-10-10,128959.76,18289.78,110669.98,Paid
1224,2017,23326,10,2,Sudeste,Enterprise,2025-09-14,188682.42,23276.07,165406.35,Paid
1225,2019,23340,10,5,Sul,Mid-Market,2025-07-17,32248.0,1305.85,30942.15,Paid
1226,2021,23346,9,5,Sudeste,SMB,2025-11-02,11138.15,826.53,10311.62,Overdue
1227,2022,23349,1,1,Sul,Enterprise,2025-09-07,67579.72,5745.25,61834.47,Paid
1228,2023,23354,6,1,Sudeste,Mid-Market,2025-09-23,29284.5,1530.2,27754.3,Pending
1229,2024,23355,10,5,Sul,Mid-Market,2025-10-05,30895.59,6837.2,24058.39,Paid
1230,2025,23386,3,1,Sul,Mid-Market,2025-09-04,23066.8,3624.8,19442.0,Pending
1231,2026,23387,1,3,Nordeste,SMB,2025-09-06,9204.43,944.78,8259.65,Overdue
1232,2031,23472,8,2,Nordeste,Enterprise,2025-09-06,37115.67,350.73,36764.94,Paid
1233,2033,23487,5,1,Nordeste,Mid-Market,2025-09-02,16454.43,2049.97,14404.46,Paid
1234,2034,23490,12,1,Sul,Enterprise,2025-10-10,25558.06,2193.84,23364.22,Paid
1235,2035,23496,7,1,Centro-Oeste,SMB,2025-09-07,18974.48,1115.18,17859.3,Paid
1236,2037,23565,2,5,Sul,Mid-Market,2025-09-30,42245.72,3805.89,38439.83,Paid
1237,2038,23567,12,1,Nordeste,Enterprise,2025-08-25,102526.46,38741.12,63785.34,Paid
1238,2039,23573,8,4,Nordeste,Enterprise,2025-10-09,108181.25,9324.23,98857.02,Paid
1239,2041,23608,4,2,Sul,Enterprise,2025-11-05,67483.07,2244.68,65238.39,Overdue
1240,2042,23613,6,5,Centro-Oeste,Enterprise,2025-09-12,26351.75,891.48,25460.27,Paid
1241,2045,23674,4,6,Sul,SMB,2025-09-29,22341.04,2487.15,19853.89,Paid
1242,2046,23682,3,1,Sudeste,SMB,2025-09-16,13511.78,1463.3,12048.48,Paid
1243,2047,23713,1,3,Centro-Oeste,SMB,2025-09-12,10087.95,927.27,9160.68,Paid
1244,2050,23803,5,3,Sudeste,SMB,2025-08-12,10692.37,1677.22,9015.15,Paid
1245,2051,23817,5,4,Sul,SMB,2025-10-12,4978.52,67.14,4911.38,Paid
1246,2053,23829,8,2,Centro-Oeste,Enterprise,2025-11-03,55963.9,1530.61,54433.29,Pending
1247,2054,23858,7,3,Sudeste,Enterprise,2025-08-27,63897.51,3278.95,60618.56,Paid
1248,2057,23907,11,4,Sul,Enterprise,2025-11-03,156815.19,18912.04,137903.15,Pending
1249,2058,23916,7,6,Sudeste,Enterprise,2025-10-14,175124.0,22828.09,152295.91,Paid
1250,2060,23993,6,5,Centro-Oeste,Enterprise,2025-08-31,41238.66,4199.76,37038.9,Paid
1251,2061,24001,3,4,Sudeste,SMB,2025-10-15,8526.61,473.84,8052.77,Paid
1252,2063,24014,12,1,Sul,SMB,2025-10-07,7770.49,923.21,6847.28,Paid
1253,2064,24015,9,3,Sudeste,Mid-Market,2025-10-18,54500.44,11790.9,42709.54,Paid
1254,2066,24036,2,1,Sudeste,Enterprise,2025-09-21,71142.52,4216.86,66925.66,Paid
1255,2067,24049,2,2,Nordeste,Enterprise,2025-10-26,178236.38,12776.72,165459.66,Paid
1256,2068,24069,3,1,Nordeste,SMB,2025-10-21,8732.27,2217.36,6514.91,Paid
1257,2069,24085,5,2,Sudeste,Enterprise,2025-10-07,90809.03,16199.41,74609.62,Paid
1258,2070,24092,8,5,Sudeste,Enterprise,2025-10-02,128214.16,9069.06,119145.1,Paid
1259,2071,24094,8,3,Sudeste,Mid-Market,2025-10-30,27417.47,2293.49,25123.98,Paid
1260,2072,24100,1,6,Centro-Oeste,Mid-Market,2025-09-25,17918.48,4265.38,13653.1,Paid
1261,2073,24108,3,2,Sudeste,Mid-Market,2025-09-26,35079.31,6690.33,28388.98,Paid
1262,2074,24116,1,4,Nordeste,Enterprise,2025-09-30,118652.26,13988.97,104663.29,Pending
1263,2075,24139,5,2,Sudeste,SMB,2025-11-13,8413.3,2637.76,5775.54,Paid
1264,2076,24163,5,1,Sul,SMB,2025-10-19,8696.31,522.05,8174.26,Paid
1265,2077,24173,9,3,Sudeste,SMB,2025-10-03,8267.05,750.83,7516.22,Paid
1266,2078,24259,5,1,Sudeste,SMB,2025-10-17,9266.71,1145.3,8121.41,Pending
1267,2079,24276,10,4,Sudeste,Mid-Market,2025-10-07,48176.5,2934.48,45242.02,Paid
1268,2080,24282,2,2,Nordeste,SMB,2025-09-25,11176.5,494.74,10681.76,Paid
1269,2082,24312,3,6,Sul,Enterprise,2025-11-16,68931.49,5546.33,63385.16,Paid
1270,2083,24330,9,3,Sudeste,SMB,2025-09-25,10856.81,734.01,10122.8,Paid
1271,2087,24385,2,3,Sul,SMB,2025-10-12,11412.49,589.64,10822.85,Paid
1272,2089,24422,3,6,Sul,SMB,2025-11-24,18553.8,4106.28,14447.52,Paid
1273,2090,24431,2,3,Nordeste,Mid-Market,2025-10-27,35218.01,2336.69,32881.32,Paid
1274,2091,24439,5,4,Sudeste,Mid-Market,2025-11-02,31949.58,3221.35,28728.23,Paid
1275,2092,24445,1,4,Sul,SMB,2025-10-19,8546.13,675.34,7870.79,Paid
1276,2093,24467,7,1,Nordeste,Enterprise,2025-11-08,53332.96,4446.0,48886.96,Pending
1277,2094,24490,10,1,Sudeste,Enterprise,2025-10-03,38113.52,4453.85,33659.67,Pending
1278,2095,24515,6,5,Sudeste,SMB,2025-10-05,8184.71,332.51,7852.2,Overdue
1279,2096,24534,9,6,Sudeste,Mid-Market,2025-09-05,32799.34,1424.52,31374.82,Paid
1280,2097,24535,9,3,Sul,SMB,2025-10-11,9335.74,1855.74,7480.0,Paid
1281,2100,24574,3,2,Sudeste,Enterprise,2025-08-25,86311.57,4598.64,81712.93,Paid
1282,2103,24594,1,6,Sudeste,Mid-Market,2025-10-23,44133.68,1927.05,42206.63,Paid
1283,2104,24607,3,4,Centro-Oeste,Mid-Market,2025-10-05,30193.59,4339.86,25853.73,Paid
1284,2106,24634,9,5,Sul,Mid-Market,2025-09-25,30826.82,655.64,30171.18,Paid
1285,2107,24685,1,2,Sudeste,Mid-Market,2025-09-15,44092.47,5987.84,38104.63,Paid
1286,2108,24709,5,3,Sul,Mid-Market,2025-09-24,20862.17,1795.04,19067.13,Paid
1287,2109,24711,6,5,Sudeste,Enterprise,2025-09-01,80282.0,22424.37,57857.63,Pending
1288,2110,24712,3,6,Nordeste,Mid-Market,2025-11-13,33088.17,1846.3,31241.87,Paid
1289,2113,24753,9,4,Centro-Oeste,SMB,2025-09-06,8915.54,1070.38,7845.16,Paid
1290,2114,24764,6,5,Sudeste,Mid-Market,2025-10-03,56067.47,7135.29,48932.18,Paid
1291,2115,24784,10,2,Sul,SMB,2025-09-28,12493.46,1327.01,11166.45,Paid
1292,2116,24800,11,1,Sul,Enterprise,2025-09-18,73311.01,1061.78,72249.23,Pending
1293,2117,24811,12,6,Nordeste,Enterprise,2025-10-26,112290.05,1829.6,110460.45,Paid
1294,2118,24817,2,3,Sudeste,Mid-Market,2025-09-16,37114.18,5954.12,31160.06,Paid
1295,2125,24914,3,3,Sudeste,Mid-Market,2025-10-11,34692.18,2411.81,32280.37,Pending
1296,2126,24928,10,3,Sudeste,SMB,2025-09-30,18020.03,4263.42,13756.61,Paid
1297,2127,24937,6,4,Sudeste,Enterprise,2025-10-26,93269.11,8857.41,84411.7,Paid
1298,2128,24956,8,3,Sul,SMB,2025-10-04,9102.17,1238.61,7863.56,Paid
1299,2129,24959,12,3,Sudeste,SMB,2025-09-20,4556.45,223.8,4332.65,Paid
1300,2130,24961,1,1,Nordeste,Enterprise,2025-10-19,73835.85,7927.09,65908.76,Paid
1301,2131,24968,5,6,Sudeste,Mid-Market,2025-11-13,23322.52,3914.11,19408.41,Overdue
1302,2132,24972,3,2,Sudeste,Mid-Market,2025-09-05,47223.39,1558.78,45664.61,Paid
1303,2135,24992,1,4,Sudeste,SMB,2025-10-21,7701.83,1425.22,6276.61,Paid
1304,2137,25001,2,6,Sul,Enterprise,2025-09-06,86630.64,2874.35,83756.29,Paid
1305,2139,25030,12,1,Sudeste,Enterprise,2025-11-12,182003.29,10666.74,171336.55,Paid
1306,2140,25053,12,3,Sudeste,Mid-Market,2025-10-08,37063.68,4798.07,32265.61,Paid
1307,2141,25062,10,6,Sudeste,Enterprise,2025-10-05,44953.35,1277.49,43675.86,Paid
1308,2142,25093,6,2,Nordeste,Enterprise,2025-12-09,131428.05,401.32,131026.73,Pending
1309,2143,25097,5,3,Sul,SMB,2025-10-08,10976.14,1816.56,9159.58,Paid
1310,2145,25102,8,3,Sudeste,SMB,2025-09-18,10380.35,1125.46,9254.89,Pending
1311,2146,25114,6,3,Centro-Oeste,Mid-Market,2025-12-04,32852.12,3109.43,29742.69,Paid
1312,2149,25162,5,4,Sul,Mid-Market,2025-10-03,44689.69,3572.39,41117.3,Paid
1313,2153,25192,4,1,Nordeste,SMB,2025-10-24,5000.3,740.78,4259.52,Paid
1314,2154,25225,7,5,Sul,SMB,2025-10-27,7663.44,103.63,7559.81,Pending
1315,2155,25228,9,3,Sudeste,Enterprise,2025-11-10,95513.48,2123.11,93390.37,Paid
1316,2156,25234,4,3,Sudeste,SMB,2025-11-13,12579.58,2712.18,9867.4,Pending
1317,2157,25248,4,6,Sul,SMB,2025-12-05,10128.79,210.69,9918.1,Paid
1318,2158,25276,7,4,Centro-Oeste,SMB,2025-12-01,4625.74,125.68,4500.06,Paid
1319,2159,25281,6,3,Sudeste,Mid-Market,2025-09-29,32889.74,1797.36,31092.38,Paid
1320,2161,25307,7,4,Nordeste,Mid-Market,2025-11-10,31417.17,7031.21,24385.96,Paid
1321,2162,25322,5,6,Sudeste,Enterprise,2025-10-19,65395.87,619.77,64776.1,Overdue
1322,2163,25327,5,2,Sul,SMB,2025-10-21,7830.53,1512.57,6317.96,Pending
1323,2164,25336,6,4,Centro-Oeste,SMB,2025-10-15,8984.66,367.72,8616.94,Paid
1324,2165,25341,9,4,Sudeste,Mid-Market,2025-11-13,76837.21,1152.51,75684.7,Pending
1325,2166,25349,5,3,Sul,Mid-Market,2025-11-08,52237.78,3598.05,48639.73,Pending
1326,2167,25394,2,3,Sul,Enterprise,2025-10-10,68598.8,18889.97,49708.83,Paid
1327,2169,25437,4,1,Sudeste,Enterprise,2025-11-09,240562.88,53805.06,186757.82,Overdue
1328,2170,25447,3,5,Sul,Enterprise,2025-09-24,47794.85,5125.29,42669.56,Paid
1329,2173,25478,3,1,Sudeste,Mid-Market,2025-11-02,17014.41,1166.99,15847.42,Paid
1330,2174,25485,12,1,Sul,SMB,2025-12-14,6339.94,232.46,6107.48,Paid
1331,2177,25547,9,2,Centro-Oeste,SMB,2025-11-26,5273.98,58.25,5215.73,Paid
1332,2178,25553,8,3,Nordeste,SMB,2025-10-25,8542.78,548.74,7994.04,Paid
1333,2179,25558,9,4,Centro-Oeste,Enterprise,2025-10-14,121447.55,26246.92,95200.63,Pending
1334,2184,25617,6,2,Sudeste,SMB,2025-11-11,7380.5,775.05,6605.45,Paid
1335,2186,25686,6,2,Sudeste,SMB,2025-10-29,7050.42,565.92,6484.5,Paid
1336,2187,25709,2,2,Sudeste,SMB,2025-10-03,11529.18,841.28,10687.9,Paid
1337,2194,25786,1,3,Sul,Mid-Market,2025-11-14,45627.84,3535.49,42092.35,Overdue
1338,2195,25812,5,1,Nordeste,SMB,2025-12-10,7245.7,232.73,7012.97,Pending
1339,2196,25820,11,3,Sudeste,Enterprise,2025-12-03,16966.21,1356.18,15610.03,Paid
1340,2197,25821,2,4,Sudeste,SMB,2025-10-31,5736.04,1048.08,4687.96,Overdue
1341,2198,25826,8,1,Sudeste,Mid-Market,2025-10-23,29631.23,1000.87,28630.36,Paid
1342,2199,25830,11,3,Sudeste,SMB,2025-11-16,14556.2,763.6,13792.6,Paid
1343,2200,25836,2,3,Sudeste,SMB,2025-12-08,11383.11,521.75,10861.36,Paid
1344,2201,25857,8,3,Sul,Mid-Market,2025-11-15,21577.74,4427.09,17150.65,Paid
1345,2203,25867,10,3,Sul,Enterprise,2025-12-08,53163.12,5649.57,47513.55,Paid
1346,2204,25955,4,2,Nordeste,Enterprise,2025-12-02,141897.96,16298.39,125599.57,Paid
1347,2208,25996,4,1,Sudeste,Enterprise,2025-12-20,99409.41,9308.69,90100.72,Paid
1348,2211,26043,4,5,Sul,Enterprise,2025-10-17,44537.47,2554.89,41982.58,Paid
1349,2212,26057,8,4,Sul,Mid-Market,2025-11-14,10117.08,358.06,9759.02,Paid
1350,2213,26062,5,2,Sudeste,SMB,2025-11-27,5965.9,612.75,5353.15,Paid
1351,2216,26087,3,1,Nordeste,Mid-Market,2025-09-30,31748.18,1310.34,30437.84,Paid
1352,2217,26097,11,5,Nordeste,SMB,2025-11-19,10101.2,932.78,9168.42,Paid
1353,2218,26110,9,1,Sul,Enterprise,2025-10-22,103934.79,10507.56,93427.23,Paid
1354,2219,26117,1,4,Sul,Enterprise,2025-10-19,57753.74,6493.03,51260.71,Paid
1355,2220,26122,11,2,Nordeste,SMB,2025-11-15,13192.62,531.93,12660.69,Overdue
1356,2223,26171,3,2,Sudeste,Mid-Market,2025-11-16,18496.14,153.57,18342.57,Paid
1357,2224,26173,3,6,Sudeste,SMB,2025-10-31,21796.84,4372.88,17423.96,Paid
1358,2225,26177,9,5,Sudeste,Enterprise,2025-11-17,93672.39,5394.77,88277.62,Paid
1359,2227,26206,1,1,Sul,Enterprise,2025-12-14,90913.65,7410.56,83503.09,Paid
1360,2228,26209,11,3,Nordeste,Enterprise,2025-10-31,43843.72,10386.82,33456.9,Pending
1361,2229,26216,1,1,Nordeste,Enterprise,2025-11-09,171624.84,3790.39,167834.45,Paid
1362,2230,26227,12,6,Nordeste,Enterprise,2025-11-19,70123.08,3029.15,67093.93,Paid
1363,2232,26236,10,2,Nordeste,Enterprise,2025-10-19,119040.12,12878.91,106161.21,Paid
1364,2233,26247,7,2,Sul,Enterprise,2025-11-20,130840.07,5228.11,125611.96,Paid
1365,2234,26253,3,1,Nordeste,Enterprise,2025-11-05,64014.75,6850.47,57164.28,Paid
1366,2235,26254,11,3,Nordeste,Enterprise,2025-10-18,91477.32,10849.79,80627.53,Paid
1367,2237,26260,2,3,Sudeste,SMB,2025-10-17,15200.21,1437.21,13763.0,Paid
1368,2240,26283,2,4,Sudeste,Mid-Market,2025-12-12,17793.05,2714.34,15078.71,Paid
1369,2242,26294,4,2,Nordeste,Enterprise,2025-11-27,64339.23,4135.79,60203.44,Paid
1370,2243,26324,2,1,Sul,Mid-Market,2025-12-31,32151.54,1686.1,30465.44,Paid
1371,2245,26335,5,4,Centro-Oeste,Enterprise,2025-11-02,53096.69,5576.52,47520.17,Paid
1372,2247,26361,10,2,Sul,Enterprise,2025-12-22,75908.61,6390.69,69517.92,Paid
1373,2249,26372,8,1,Sudeste,Mid-Market,2025-12-13,31529.6,7310.91,24218.69,Paid
1374,2251,26395,5,4,Sul,Mid-Market,2025-12-14,50519.3,398.3,50121.0,Paid
1375,2252,26402,1,5,Sul,Mid-Market,2025-11-09,38301.96,6216.17,32085.79,Paid
1376,2253,26409,1,3,Sul,Mid-Market,2025-12-08,32008.27,2292.53,29715.74,Overdue
1377,2254,26416,3,6,Nordeste,Enterprise,2025-10-29,111324.84,10688.1,100636.74,Pending
1378,2256,26425,9,3,Sudeste,Mid-Market,2025-12-31,18281.29,1470.82,16810.47,Pending
1379,2258,26449,4,3,Sul,Mid-Market,2025-11-24,38952.79,2251.57,36701.22,Paid
1380,2261,26469,1,1,Nordeste,Mid-Market,2025-12-17,52759.39,3244.25,49515.14,Paid
1381,2262,26478,5,4,Centro-Oeste,Mid-Market,2025-12-31,19145.05,1245.39,17899.66,Paid
1382,2263,26481,5,3,Nordeste,Mid-Market,2025-10-27,42149.13,4834.85,37314.28,Paid
1383,2265,26525,7,1,Sudeste,SMB,2025-12-09,10641.12,1472.1,9169.02,Paid
1384,2266,26531,6,4,Sudeste,SMB,2025-11-30,11806.4,2846.11,8960.29,Paid
1385,2267,26533,1,2,Sudeste,SMB,2025-11-16,7354.77,199.57,7155.2,Paid
1386,2268,26535,11,4,Sul,Mid-Market,2025-10-23,26743.48,1029.9,25713.58,Paid
1387,2270,26570,1,1,Sudeste,Enterprise,2025-11-28,55746.03,2450.25,53295.78,Paid
1388,2271,26574,4,2,Sudeste,Mid-Market,2025-12-15,16200.58,1082.7,15117.88,Paid
1389,2272,26576,10,4,Sul,Enterprise,2025-11-09,43486.77,7554.11,35932.66,Paid
1390,2273,26579,12,4,Nordeste,Mid-Market,2025-12-03,47841.72,9394.47,38447.25,Paid
1391,2274,26603,4,6,Sudeste,Mid-Market,2025-11-30,22848.32,2507.56,20340.76,Paid
1392,2276,26621,3,2,Sudeste,Mid-Market,2025-12-20,33102.37,5677.48,27424.89,Paid
1393,2277,26624,8,5,Nordeste,Mid-Market,2025-11-06,35134.27,1759.03,33375.24,Pending
1394,2278,26626,5,1,Sudeste,SMB,2025-12-19,4213.77,558.18,3655.59,Paid
1395,2280,26634,4,6,Sudeste,Enterprise,2025-11-28,105457.74,11557.9,93899.84,Pending
1396,2284,26704,10,2,Centro-Oeste,SMB,2025-11-25,8064.58,1706.8,6357.78,Paid
1397,2285,26710,8,4,Sudeste,SMB,2025-11-28,11206.49,755.57,10450.92,Paid
1398,2287,26722,1,1,Sudeste,Enterprise,2025-10-21,37980.22,9392.39,28587.83,Pending
1399,2288,26727,4,3,Sudeste,Enterprise,2025-12-24,22972.48,3071.5,19900.98,Paid
1400,2290,26755,3,1,Sudeste,SMB,2025-11-28,4553.6,565.27,3988.33,Paid
1401,2291,26771,6,3,Sul,Enterprise,2025-10-11,144344.32,40327.41,104016.91,Paid
1402,2292,26804,8,4,Sudeste,SMB,2025-12-19,6697.78,305.88,6391.9,Paid
1403,2293,26827,2,4,Sul,SMB,2025-12-31,9371.41,1506.15,7865.26,Paid
1404,2294,26848,5,6,Nordeste,Mid-Market,2025-12-14,15556.1,932.11,14623.99,Overdue
1405,2295,26856,10,1,Sudeste,Enterprise,2025-12-12,139168.83,11131.64,128037.19,Paid
1406,2296,26860,1,4,Sudeste,Enterprise,2025-12-12,80006.42,8970.6,71035.82,Paid
1407,2297,26862,9,5,Nordeste,Enterprise,2025-11-13,81683.33,2286.28,79397.05,Paid
1408,2298,26872,5,3,Sudeste,SMB,2025-12-17,14903.69,2214.21,12689.48,Paid
1409,2299,26877,6,4,Nordeste,Enterprise,2025-12-31,178391.31,29429.28,148962.03,Paid
1410,2300,26883,11,4,Nordeste,Enterprise,2025-11-14,154978.21,15393.04,139585.17,Paid
1411,2302,26901,1,2,Sudeste,Enterprise,2025-12-31,103714.12,7696.89,96017.23,Overdue
1412,2305,26935,9,1,Centro-Oeste,SMB,2025-12-12,12417.64,1864.25,10553.39,Paid
1413,2307,26962,5,2,Sul,Enterprise,2025-12-08,204702.67,17015.75,187686.92,Paid
1414,2312,27011,1,3,Sul,SMB,2025-11-21,6592.3,775.49,5816.81,Paid
1415,2315,27039,10,1,Sudeste,Enterprise,2025-12-22,93435.7,10492.67,82943.03,Paid
1416,2316,27075,2,6,Nordeste,Mid-Market,2025-11-18,62163.61,2526.48,59637.13,Overdue
1417,2319,27131,4,5,Sul,Enterprise,2025-12-13,151478.09,26710.33,124767.76,Paid
1418,2321,27138,6,1,Centro-Oeste,Enterprise,2025-12-29,111847.04,1444.88,110402.16,Paid
1419,2322,27168,4,5,Sudeste,SMB,2025-12-31,7661.94,180.91,7481.03,Paid
1420,2324,27182,8,3,Sul,Mid-Market,2025-11-20,21390.61,1826.64,19563.97,Paid
1421,2325,27209,8,4,Sudeste,Mid-Market,2025-12-31,32669.39,811.51,31857.88,Paid
1422,2327,27225,5,2,Sudeste,Mid-Market,2025-11-30,73855.83,3236.49,70619.34,Paid
1423,2330,27251,8,3,Sul,SMB,2025-12-28,7576.78,309.42,7267.36,Paid
1424,2331,27257,4,2,Nordeste,Enterprise,2025-11-15,43875.0,2099.96,41775.04,Pending
1425,2336,27303,2,3,Centro-Oeste,SMB,2025-11-16,4572.23,60.49,4511.74,Paid
1426,2337,27307,3,3,Nordeste,SMB,2025-12-07,7235.7,725.79,6509.91,Paid
1427,2338,27328,10,3,Sudeste,SMB,2025-12-24,12909.33,1375.26,11534.07,Pending
1428,2341,27364,11,5,Nordeste,Enterprise,2025-11-25,38523.8,2204.62,36319.18,Paid
1429,2342,27380,10,4,Nordeste,Mid-Market,2025-12-03,53152.15,11432.27,41719.88,Paid
1430,2343,27381,10,1,Sul,SMB,2025-12-04,14977.13,1803.46,13173.67,Paid
1431,2344,27384,11,5,Sudeste,SMB,2025-12-08,12628.53,1484.65,11143.88,Paid
1432,2346,27408,5,1,Nordeste,SMB,2025-12-28,16390.96,4001.85,12389.11,Pending
1433,2347,27411,5,2,Sudeste,SMB,2025-12-31,27780.15,4138.68,23641.47,Paid
1434,2352,27502,9,1,Sul,SMB,2025-12-11,8968.36,2107.56,6860.8,Pending
1435,2354,27528,1,5,Sudeste,Mid-Market,2025-12-08,30550.25,4507.61,26042.64,Pending
1436,2355,27553,5,3,Sul,SMB,2025-12-25,11192.45,2528.33,8664.12,Paid
1437,2356,27573,9,2,Sudeste,Enterprise,2025-12-23,76272.51,5662.49,70610.02,Paid
1438,2357,27579,2,3,Sudeste,Mid-Market,2025-12-31,17201.85,686.63,16515.22,Overdue
1439,2359,27587,2,1,Nordeste,Enterprise,2025-12-21,100202.78,12865.88,87336.9,Paid
1440,2360,27607,1,1,Nordeste,SMB,2025-11-25,7886.42,1841.8,6044.62,Paid
1441,2363,27624,1,2,Centro-Oeste,SMB,2025-12-06,12789.82,1212.41,11577.41,Paid
1442,2364,27627,11,1,Sudeste,Enterprise,2025-12-31,89955.2,5432.54,84522.66,Paid
1443,2367,27663,9,6,Nordeste,Mid-Market,2025-12-01,22759.32,1825.96,20933.36,Paid
1444,2368,27674,5,4,Sul,Mid-Market,2025-12-04,28592.14,2435.98,26156.16,Pending
1445,2369,27689,4,6,Nordeste,Enterprise,2025-12-31,81556.26,10375.26,71181.0,Paid
1446,2371,27718,2,4,Nordeste,SMB,2025-11-13,5389.66,343.19,5046.47,Paid
1447,2373,27736,11,4,Nordeste,Enterprise,2025-11-11,115913.73,10233.26,105680.47,Paid
1448,2377,27838,9,3,Sudeste,SMB,2025-12-31,7701.3,868.94,6832.36,Pending
1449,2378,27841,7,4,Centro-Oeste,SMB,2025-12-23,5512.45,306.1,5206.35,Paid
1450,2380,27855,4,3,Nordeste,SMB,2025-12-18,8192.65,2215.65,5977.0,Pending
1451,2381,27863,8,3,Sudeste,Enterprise,2025-12-31,98960.12,6015.7,92944.42,Paid
1452,2382,27865,9,1,Sul,Mid-Market,2025-12-29,53517.74,2280.74,51237.0,Paid
1453,2385,27932,3,1,Sudeste,SMB,2025-12-31,14916.04,2044.02,12872.02,Paid
1454,2387,27997,7,1,Sudeste,SMB,2025-12-21,11631.95,1326.34,10305.61,Pending
1455,2390,28072,3,3,Sudeste,SMB,2025-11-30,4605.51,767.41,3838.1,Paid
1456,2392,28075,3,3,Centro-Oeste,Enterprise,2025-12-31,61907.07,11452.55,50454.52,Paid
1457,2394,28104,4,1,Nordeste,Enterprise,2025-12-27,44066.63,249.34,43817.29,Paid
1458,2396,28141,11,1,Centro-Oeste,Enterprise,2025-12-26,64713.63,5475.18,59238.45,Paid
1459,2397,28158,9,6,Sudeste,Enterprise,2025-12-26,45424.82,5728.15,39696.67,Pending
1460,2398,28160,9,1,Sudeste,Enterprise,2025-12-31,141031.13,15940.24,125090.89,Paid
1461,2399,28208,10,6,Nordeste,SMB,2025-12-31,10336.98,245.21,10091.77,Paid
1462,2400,28209,8,6,Sudeste,Mid-Market,2025-12-28,59963.76,6459.4,53504.36,Pending
1463,2402,28251,7,2,Nordeste,SMB,2025-12-31,9238.68,604.47,8634.21,Paid
1464,2404,28286,11,2,Sul,Enterprise,2025-12-31,90474.31,2241.04,88233.27,Overdue
1465,2410,28369,6,3,Sul,Mid-Market,2025-12-26,34274.18,1591.83,32682.35,Paid
1466,2413,28391,9,6,Nordeste,Mid-Market,2025-12-31,17664.82,1044.44,16620.38,Paid
1467,2414,28395,4,4,Sudeste,SMB,2025-12-31,9721.31,2356.93,7364.38,Paid
1468,2415,28433,6,3,Sudeste,Mid-Market,2025-12-23,11778.69,912.18,10866.51,Paid
1469,2416,28452,1,2,Sudeste,Enterprise,2025-12-31,112148.24,2370.84,109777.4,Paid
1470,2419,28498,8,4,Sudeste,Enterprise,2025-12-31,196662.45,41732.07,154930.38,Paid
1471,2420,28522,1,2,Nordeste,Enterprise,2025-12-24,132231.42,4795.67,127435.75,Paid
1472,2421,28531,10,5,Sul,Mid-Market,2025-12-31,15587.2,2296.9,13290.3,Paid
1473,2422,28537,2,1,Sul,SMB,2025-12-31,7351.78,177.6,7174.18,Paid
1474,2423,28562,5,3,Sudeste,Mid-Market,2025-12-20,88001.08,11343.34,76657.74,Paid
1475,2425,28594,9,4,Sul,SMB,2025-12-30,12749.74,478.76,12270.98,Paid
1476,2426,28610,4,5,Sudeste,Mid-Market,2025-12-27,29328.66,1388.67,27939.99,Paid
1477,2428,28643,7,4,Sudeste,Mid-Market,2025-11-21,26215.52,4291.18,21924.34,Paid
1478,2429,28676,6,6,Sudeste,Mid-Market,2025-12-31,26606.63,2668.36,23938.27,Paid
1479,2430,28690,2,3,Sul,Enterprise,2025-12-12,37209.38,2132.81,35076.57,Paid
1480,2431,28709,11,1,Centro-Oeste,Enterprise,2025-12-31,90586.22,14283.49,76302.73,Paid
1481,2432,28713,2,3,Sudeste,Enterprise,2025-12-31,87936.42,9671.01,78265.41,Paid
1482,2433,28714,3,3,Sudeste,SMB,2025-12-02,11227.72,2145.51,9082.21,Paid
1483,2436,28757,4,5,Sudeste,SMB,2025-12-31,6657.07,300.2,6356.87,Paid
1484,2438,28772,4,6,Nordeste,Enterprise,2025-12-31,93768.84,13148.64,80620.2,Paid
1485,2439,28791,1,4,Sudeste,SMB,2025-11-24,6610.26,175.84,6434.42,Paid
1486,2440,28797,8,3,Sudeste,Enterprise,2025-12-31,110494.01,12983.46,97510.55,Paid
1487,2442,28812,2,1,Sudeste,Enterprise,2025-12-23,94549.36,6498.16,88051.2,Paid
1488,2443,28829,8,3,Sudeste,Enterprise,2025-12-28,91848.23,2965.41,88882.82,Paid
1489,2444,28831,6,6,Sudeste,SMB,2025-12-29,10367.57,742.6,9624.97,Paid
1490,2446,28872,3,2,Sudeste,Mid-Market,2025-12-18,29110.55,5093.18,24017.37,Paid
1491,2450,28889,11,3,Sudeste,Enterprise,2025-12-13,60839.09,2086.36,58752.73,Pending
1492,2452,28897,10,3,Nordeste,Mid-Market,2025-12-27,16063.58,1341.85,14721.73,Pending
1493,2455,28956,1,1,Sudeste,Enterprise,2025-12-31,49519.45,1039.78,48479.67,Paid
1494,2456,28966,9,5,Nordeste,Enterprise,2025-12-23,57397.52,5728.26,51669.26,Pending
1495,2457,28971,5,4,Sudeste,Enterprise,2025-12-29,81309.62,24227.54,57082.08,Paid
1496,2460,29006,10,5,Sudeste,Enterprise,2025-12-31,51897.73,1552.05,50345.68,Paid
1497,2461,29013,9,4,Sul,Enterprise,2025-12-30,195198.35,12909.28,182289.07,Paid
1498,2463,29019,10,1,Sul,Mid-Market,2025-12-31,26874.21,2998.38,23875.83,Paid
1499,2468,29090,9,6,Sudeste,SMB,2025-12-31,7836.06,444.58,7391.48,Paid
1500,2469,29101,3,4,Sudeste,Mid-Market,2025-12-31,63931.22,9082.39,54848.83,Pending
1501,2470,29111,8,6,Sudeste,Enterprise,2025-12-31,41053.87,5222.17,35831.7,Paid
1502,2475,29173,5,3,Sul,Enterprise,2025-12-19,62695.54,7403.12,55292.42,Paid
1503,2476,29175,8,6,Sudeste,Mid-Market,2025-12-12,27414.76,3634.94,23779.82,Paid
1504,2477,29194,11,4,Centro-Oeste,Mid-Market,2025-12-31,32003.76,2399.9,29603.86,Paid
1505,2478,29196,11,5,Sudeste,Mid-Market,2025-12-31,49387.01,5878.05,43508.96,Pending
1506,2479,29208,8,2,Sudeste,SMB,2025-12-31,10969.22,2831.16,8138.06,Overdue
1507,2480,29212,2,4,Sudeste,Enterprise,2025-12-31,84747.78,7319.83,77427.95,Paid
1508,2482,29219,8,4,Sudeste,Enterprise,2025-12-31,51756.55,3437.69,48318.86,Paid
1509,2483,29224,3,5,Sul,Enterprise,2025-12-14,40193.07,6128.01,34065.06,Paid
1510,2484,29250,12,1,Sul,Enterprise,2025-12-31,147310.18,9639.19,137670.99,Paid
1511,2487,29274,4,6,Nordeste,Enterprise,2025-12-29,210485.46,33158.28,177327.18,Paid
1512,2490,29288,9,3,Sudeste,Mid-Market,2025-12-29,44089.54,964.77,43124.77,Paid
1513,2492,29302,10,1,Nordeste,SMB,2025-12-31,8510.23,979.09,7531.14,Paid
1514,2493,29312,6,1,Sudeste,SMB,2025-12-21,13637.45,960.0,12677.45,Paid
1515,2494,29316,10,1,Nordeste,SMB,2025-12-31,6625.44,713.91,5911.53,Paid
1516,2497,29348,8,2,Sudeste,SMB,2025-12-31,9591.98,725.92,8866.06,Paid
1517,2498,29356,6,1,Sul,SMB,2025-12-31,5690.27,1053.19,4637.08,Paid
1518,2499,29358,12,3,Sudeste,Mid-Market,2025-12-31,41100.18,6816.03,34284.15,Paid
1519,2501,29440,5,2,Sudeste,SMB,2025-12-31,7012.82,509.87,6502.95,Paid
1520,2502,29443,7,3,Sul,Mid-Market,2025-12-31,25606.56,1634.65,23971.91,Paid
1521,2503,29449,7,3,Sudeste,SMB,2025-12-31,8095.74,657.76,7437.98,Paid
1522,2504,29468,11,3,Sudeste,Mid-Market,2025-12-31,20621.88,1492.44,19129.44,Paid
1523,2507,29536,5,1,Sul,Mid-Market,2025-12-19,21109.3,3542.34,17566.96,Paid
1524,2508,29559,11,3,Nordeste,SMB,2025-12-31,8072.89,150.22,7922.67,Pending
1525,2509,29592,10,3,Centro-Oeste,Mid-Market,2025-12-31,78073.5,6927.61,71145.89,Paid
1526,2510,29598,6,6,Nordeste,Enterprise,2025-12-31,80594.58,6099.2,74495.38,Pending
1527,2513,29625,9,2,Sudeste,SMB,2025-12-31,9413.74,914.02,8499.72,Paid
1528,2515,29649,5,1,Sul,Mid-Market,2025-12-29,16494.1,4437.56,12056.54,Pending
1529,2516,29655,12,6,Sul,Enterprise,2025-12-31,70536.91,8641.89,61895.02,Paid
1530,2517,29669,7,3,Sul,Enterprise,2025-12-31,162597.51,16223.19,146374.32,Paid
1531,2519,29735,12,1,Sudeste,SMB,2025-12-31,10807.95,315.74,10492.21,Paid
1532,2520,29736,5,2,Sudeste,Mid-Market,2025-12-22,28614.49,2131.12,26483.37,Overdue
1533,2522,29743,1,3,Nordeste,SMB,2025-12-31,20191.82,373.97,19817.85,Paid
1534,2524,29758,12,1,Sudeste,SMB,2025-12-25,16762.3,1869.77,14892.53,Paid
1535,2525,29764,5,1,Sul,Mid-Market,2025-12-31,17767.2,1466.67,16300.53,Paid
1536,2526,29768,2,4,Sudeste,Mid-Market,2025-12-31,31768.69,2076.82,29691.87,Paid
1537,2527,29771,10,4,Sul,SMB,2025-12-31,10971.93,1773.31,9198.62,Paid
1538,2528,29782,11,2,Sudeste,SMB,2025-12-19,7001.33,536.25,6465.08,Pending
1539,2529,29802,7,1,Centro-Oeste,SMB,2025-12-31,12109.7,97.2,12012.5,Pending
1540,2531,29808,1,2,Sul,SMB,2025-12-15,13031.37,715.23,12316.14,Pending
1541,2532,29840,5,1,Nordeste,Enterprise,2025-12-27,89883.92,3211.31,86672.61,Paid
1542,2536,29884,11,1,Sudeste,Enterprise,2025-12-31,141400.11,24940.92,116459.19,Paid
1543,2537,29887,9,1,Sul,Enterprise,2025-12-31,52509.6,6947.02,45562.58,Pending
1544,2538,29904,6,2,Sudeste,SMB,2025-12-30,9305.64,872.75,8432.89,Paid
1545,2539,29909,9,1,Sul,Enterprise,2025-12-28,58108.78,3771.6,54337.18,Paid
1546,2543,29965,1,2,Sudeste,Enterprise,2025-12-31,103116.81,6689.37,96427.44,Paid
1547,2547,29995,6,6,Sudeste,SMB,2025-12-24,6199.6,125.75,6073.85,Pending
