opportunity_key,opportunity_business_id,lead_key,sales_rep_key,channel_key,region,segment,industry,opportunity_date,expected_close_date,actual_close_date,status,estimated_value_brl,sales_cycle_days
1,OPP-000001,1,5,4,Sul,Enterprise,Indústria,2024-01-20,2024-03-15,2024-02-29,Won,54118.46,40
2,OPP-000002,2,5,2,Sudeste,Mid-Market,Tecnologia,2024-03-07,2024-04-08,2024-04-22,Won,24136.59,46
3,OPP-000003,3,12,5,Nordeste,Enterprise,Educação,2024-02-17,2024-04-28,2024-04-24,Won,109662.1,67
4,OPP-000004,4,1,3,Sudeste,Enterprise,Varejo,2024-02-13,2024-04-27,2024-04-15,Won,52776.8,62
5,OPP-000005,6,6,6,Sudeste,Mid-Market,Saúde,2024-02-05,2024-02-26,2024-02-29,Won,40560.95,24
6,OPP-000006,7,2,4,Sul,Mid-Market,Saúde,2024-02-23,2024-03-29,2024-03-29,Won,26056.43,35
7,OPP-000007,21,8,4,Sudeste,SMB,Indústria,2024-01-29,2024-02-29,2024-02-26,Won,17360.04,28
8,OPP-000008,24,12,5,Sudeste,SMB,Indústria,2024-01-28,2024-03-28,2024-03-13,Won,15184.23,45
9,OPP-000009,27,9,3,Nordeste,SMB,Varejo,2024-02-18,2024-03-14,2024-03-09,Won,7858.05,20
10,OPP-000010,28,8,1,Sudeste,SMB,Saúde,2024-02-10,2024-03-25,2024-03-08,Lost,8630.09,27
11,OPP-000011,63,10,3,Sudeste,SMB,Serviços,2024-02-19,2024-05-01,2024-05-02,Won,13160.01,73
12,OPP-000012,113,2,2,Sul,Mid-Market,Educação,2024-02-25,2024-04-10,2024-04-20,Lost,42940.77,55
13,OPP-000013,118,2,4,Nordeste,Enterprise,Varejo,2024-02-14,2024-03-17,2024-04-04,Won,69275.91,50
14,OPP-000014,148,8,3,Sul,Mid-Market,Varejo,2024-02-02,2024-03-19,2024-04-02,Won,33837.27,60
15,OPP-000015,150,7,1,Sudeste,Mid-Market,Serviços,2024-02-12,2024-03-21,2024-03-20,Lost,27273.59,37
16,OPP-000016,174,4,6,Sul,Mid-Market,Indústria,2024-01-31,2024-03-20,2024-03-24,Won,27443.83,53
17,OPP-000017,214,7,4,Sul,SMB,Educação,2024-01-25,2024-03-04,2024-04-02,Won,8803.48,68
18,OPP-000018,225,9,2,Sudeste,Enterprise,Saúde,2024-02-28,2024-04-02,2024-04-01,Won,104222.84,33
19,OPP-000019,229,5,3,Sudeste,Enterprise,Serviços,2024-02-19,2024-03-22,2024-03-01,Won,104025.59,11
20,OPP-000020,242,1,4,Nordeste,Mid-Market,Saúde,2024-03-21,2024-04-12,2024-04-17,Lost,32520.48,27
21,OPP-000021,246,2,5,Sul,Mid-Market,Saúde,2024-02-10,2024-03-17,2024-03-20,Lost,42153.8,39
22,OPP-000022,248,7,2,Sudeste,Enterprise,Tecnologia,2024-02-12,2024-03-30,2024-03-19,Won,66444.37,36
23,OPP-000023,252,6,5,Sul,Mid-Market,Indústria,2024-03-02,2024-04-08,2024-04-03,Won,15373.46,32
24,OPP-000024,260,10,3,Sul,Enterprise,Varejo,2024-02-27,2024-05-04,,Open,60872.56,673
25,OPP-000025,264,3,1,Sudeste,SMB,Saúde,2024-02-13,2024-03-24,2024-03-18,Lost,19108.07,34
26,OPP-000026,266,2,1,Sudeste,SMB,Educação,2024-02-10,2024-04-07,2024-04-28,Won,17723.52,78
27,OPP-000027,293,9,6,Sudeste,Enterprise,Serviços,2024-03-13,2024-05-16,2024-05-16,Won,74843.6,64
28,OPP-000028,296,3,6,Sudeste,SMB,Tecnologia,2024-03-07,2024-04-05,2024-04-07,Won,12452.4,31
29,OPP-000029,315,1,2,Sul,Mid-Market,Varejo,2024-02-18,2024-03-31,2024-04-01,Won,30349.07,43
30,OPP-000030,343,5,4,Sudeste,Mid-Market,Indústria,2024-02-29,2024-03-29,2024-03-18,Won,24908.32,18
31,OPP-000031,353,8,3,Sul,Mid-Market,Varejo,2024-02-24,2024-04-16,,Open,36736.54,676
32,OPP-000032,358,1,4,Sudeste,SMB,Saúde,2024-02-09,2024-03-15,2024-03-02,Won,4750.37,22
33,OPP-000033,367,7,4,Sudeste,SMB,Tecnologia,2024-03-06,2024-04-25,2024-04-28,Won,11067.49,53
34,OPP-000034,384,10,3,Centro-Oeste,Mid-Market,Saúde,2024-02-21,2024-04-06,2024-03-29,Won,60027.77,37
35,OPP-000035,390,2,5,Sudeste,Mid-Market,Indústria,2024-03-10,2024-05-19,,Open,20940.18,661
36,OPP-000036,391,3,3,Sul,Enterprise,Varejo,2024-02-24,2024-04-08,2024-03-18,Won,87344.48,23
37,OPP-000037,397,3,5,Sudeste,Mid-Market,Varejo,2024-02-07,2024-04-19,2024-04-21,Won,41326.51,74
38,OPP-000038,404,9,1,Sul,Enterprise,Saúde,2024-02-09,2024-03-16,2024-03-20,Won,146559.78,40
39,OPP-000039,409,9,1,Centro-Oeste,Mid-Market,Serviços,2024-02-13,2024-04-23,2024-04-24,Lost,41005.36,71
40,OPP-000040,418,2,4,Sudeste,Enterprise,Varejo,2024-02-10,2024-04-19,2024-04-07,Won,108430.17,57
41,OPP-000041,424,2,1,Centro-Oeste,Mid-Market,Varejo,2024-01-26,2024-04-08,2024-04-18,Lost,35181.12,83
42,OPP-000042,428,7,5,Sudeste,Enterprise,Educação,2024-02-12,2024-04-12,2024-04-10,Won,31650.54,58
43,OPP-000043,431,8,6,Sudeste,Enterprise,Saúde,2024-02-03,2024-03-28,2024-03-31,Won,44875.59,57
44,OPP-000044,443,2,4,Nordeste,Mid-Market,Varejo,2024-01-27,2024-03-03,2024-02-15,Won,23442.46,19
45,OPP-000045,455,12,1,Sul,Enterprise,Tecnologia,2024-02-06,2024-03-09,2024-03-12,Lost,30536.33,35
46,OPP-000046,460,3,3,Sul,Enterprise,Saúde,2024-02-23,2024-03-16,2024-04-05,Won,111425.88,42
47,OPP-000047,476,7,2,Centro-Oeste,Mid-Market,Indústria,2024-02-02,2024-02-23,2024-02-22,Lost,27341.25,20
48,OPP-000048,481,3,2,Nordeste,SMB,Saúde,2024-02-19,2024-03-31,2024-04-01,Lost,3439.28,42
49,OPP-000049,485,4,1,Sul,SMB,Serviços,2024-02-27,2024-05-01,,Open,8720.03,673
50,OPP-000050,487,5,3,Sudeste,Enterprise,Saúde,2024-03-04,2024-03-31,2024-04-08,Won,134585.85,35
51,OPP-000051,494,12,2,Sul,Enterprise,Varejo,2024-02-25,2024-04-15,2024-04-03,Won,175683.33,38
52,OPP-000052,501,7,4,Sudeste,Enterprise,Indústria,2024-03-14,2024-05-06,2024-05-14,Won,117222.7,61
53,OPP-000053,531,12,3,Nordeste,Enterprise,Tecnologia,2024-02-24,2024-05-01,2024-04-10,Won,125464.62,46
54,OPP-000054,535,10,1,Sudeste,SMB,Serviços,2024-03-11,2024-03-31,2024-03-27,Won,9936.89,16
55,OPP-000055,562,9,1,Sudeste,Enterprise,Indústria,2024-02-13,2024-03-13,2024-03-16,Lost,54388.6,32
56,OPP-000056,567,11,4,Centro-Oeste,Mid-Market,Serviços,2024-03-07,2024-04-09,2024-04-25,Won,31841.64,49
57,OPP-000057,568,12,1,Sudeste,Mid-Market,Serviços,2024-02-27,2024-04-23,2024-04-28,Won,51415.28,61
58,OPP-000058,572,10,5,Sul,Mid-Market,Serviços,2024-01-31,2024-03-07,2024-02-20,Won,31911.2,20
59,OPP-000059,601,1,3,Sudeste,Enterprise,Serviços,2024-02-15,2024-04-08,2024-04-08,Lost,102179.7,53
60,OPP-000060,603,10,6,Nordeste,SMB,Serviços,2024-02-18,2024-03-21,,Open,15489.29,682
61,OPP-000061,612,9,3,Sudeste,Mid-Market,Serviços,2024-02-17,2024-04-28,2024-04-22,Lost,40174.1,65
62,OPP-000062,624,5,3,Sudeste,Enterprise,Serviços,2024-02-13,2024-04-24,,Open,231898.97,687
63,OPP-000063,639,3,4,Sul,SMB,Saúde,2024-02-10,2024-03-23,2024-03-27,Lost,10342.74,46
64,OPP-000064,645,1,3,Nordeste,Mid-Market,Indústria,2024-03-16,2024-05-19,2024-05-22,Lost,27311.96,67
65,OPP-000065,659,6,3,Centro-Oeste,SMB,Indústria,2024-02-13,2024-03-13,2024-03-03,Won,7421.2,19
66,OPP-000066,677,10,6,Sudeste,SMB,Tecnologia,2024-02-05,2024-04-11,,Open,7028.98,695
67,OPP-000067,689,5,4,Sudeste,SMB,Serviços,2024-02-27,2024-04-02,2024-04-02,Lost,8229.83,35
68,OPP-000068,709,11,2,Sudeste,Mid-Market,Educação,2024-03-07,2024-04-06,2024-04-06,Lost,35226.03,30
69,OPP-000069,715,1,4,Sul,Mid-Market,Educação,2024-02-22,2024-03-23,2024-04-02,Lost,48845.09,40
70,OPP-000070,718,9,1,Sudeste,Enterprise,Indústria,2024-02-24,2024-04-26,2024-05-15,Lost,63486.46,81
71,OPP-000071,739,1,2,Sudeste,Enterprise,Serviços,2024-02-25,2024-04-25,2024-04-13,Lost,85070.52,48
72,OPP-000072,759,7,1,Nordeste,SMB,Serviços,2024-03-19,2024-04-11,2024-04-02,Won,12079.35,14
73,OPP-000073,760,11,3,Sul,Mid-Market,Indústria,2024-03-04,2024-04-08,2024-04-11,Won,30081.73,38
74,OPP-000074,771,3,1,Sudeste,Mid-Market,Indústria,2024-02-21,2024-03-18,2024-03-07,Lost,31281.54,15
75,OPP-000075,772,11,3,Sudeste,SMB,Tecnologia,2024-03-10,2024-05-15,2024-05-14,Won,14799.86,65
76,OPP-000076,795,4,1,Sudeste,Enterprise,Indústria,2024-03-10,2024-04-26,2024-05-06,Won,188969.82,57
77,OPP-000077,804,6,3,Sul,Mid-Market,Saúde,2024-02-24,2024-03-25,2024-03-29,Won,30536.21,34
78,OPP-000078,806,10,1,Centro-Oeste,SMB,Varejo,2024-03-22,2024-06-04,2024-06-14,Won,3416.21,84
79,OPP-000079,818,4,3,Sudeste,Mid-Market,Serviços,2024-03-18,2024-04-18,2024-03-25,Won,51132.32,7
80,OPP-000080,853,11,5,Centro-Oeste,SMB,Saúde,2024-02-26,2024-05-03,2024-05-14,Won,12623.36,78
81,OPP-000081,861,1,4,Sul,Enterprise,Serviços,2024-03-11,2024-04-25,2024-04-04,Lost,44373.73,24
82,OPP-000082,865,4,1,Centro-Oeste,Mid-Market,Varejo,2024-03-03,2024-04-30,2024-04-19,Lost,22156.69,47
83,OPP-000083,884,3,3,Nordeste,Enterprise,Saúde,2024-02-24,2024-04-08,2024-03-25,Won,57222.13,30
84,OPP-000084,887,11,2,Sudeste,SMB,Serviços,2024-03-01,2024-04-05,2024-04-12,Won,10930.27,42
85,OPP-000085,893,4,1,Sul,SMB,Serviços,2024-02-09,2024-03-22,2024-03-15,Lost,9617.87,35
86,OPP-000086,905,7,6,Sul,SMB,Varejo,2024-03-06,2024-04-08,2024-03-30,Won,9081.77,24
87,OPP-000087,909,5,2,Sudeste,SMB,Serviços,2024-02-25,2024-04-23,2024-04-10,Won,17113.57,45
88,OPP-000088,943,5,1,Centro-Oeste,SMB,Varejo,2024-03-19,2024-05-03,,Open,7291.43,652
89,OPP-000089,948,4,5,Sudeste,SMB,Indústria,2024-03-09,2024-05-11,2024-05-08,Lost,9822.72,60
90,OPP-000090,950,7,2,Sudeste,SMB,Serviços,2024-03-07,2024-05-16,2024-05-28,Lost,11965.49,82
91,OPP-000091,968,1,1,Centro-Oeste,SMB,Indústria,2024-02-24,2024-03-26,2024-04-11,Lost,18711.13,47
92,OPP-000092,978,1,2,Nordeste,Enterprise,Serviços,2024-03-25,2024-05-21,2024-05-06,Won,94570.18,42
93,OPP-000093,983,8,4,Sudeste,SMB,Indústria,2024-02-19,2024-04-04,2024-03-17,Lost,9202.79,27
94,OPP-000094,990,9,4,Sudeste,Mid-Market,Varejo,2024-03-20,2024-05-01,2024-04-24,Won,20770.47,35
95,OPP-000095,1000,10,2,Nordeste,Enterprise,Indústria,2024-03-06,2024-03-29,2024-04-16,Lost,107181.47,41
96,OPP-000096,1030,7,2,Sul,SMB,Serviços,2024-02-13,2024-04-08,2024-04-24,Won,8505.89,71
97,OPP-000097,1032,10,4,Sul,Enterprise,Serviços,2024-03-05,2024-05-12,2024-05-19,Lost,147905.38,75
98,OPP-000098,1037,1,2,Centro-Oeste,Mid-Market,Serviços,2024-03-23,2024-04-19,2024-04-30,Won,20782.58,38
99,OPP-000099,1123,1,5,Sudeste,Mid-Market,Saúde,2024-03-03,2024-05-06,2024-05-06,Won,44893.4,64
100,OPP-000100,1124,4,1,Sul,SMB,Educação,2024-03-13,2024-04-22,,Open,7454.74,658
101,OPP-000101,1128,12,3,Sudeste,Mid-Market,Varejo,2024-03-16,2024-04-15,2024-04-13,Lost,24477.91,28
102,OPP-000102,1141,1,2,Sul,Mid-Market,Saúde,2024-03-02,2024-03-25,2024-04-13,Lost,70376.96,42
103,OPP-000103,1192,5,2,Sudeste,Mid-Market,Tecnologia,2024-03-17,2024-05-09,2024-05-27,Lost,49181.23,71
104,OPP-000104,1198,6,3,Sudeste,SMB,Serviços,2024-03-16,2024-05-12,2024-05-03,Won,7655.6,48
105,OPP-000105,1226,6,5,Sudeste,Enterprise,Varejo,2024-02-28,2024-04-12,2024-04-16,Won,48767.28,48
106,OPP-000106,1231,11,1,Sudeste,Mid-Market,Serviços,2024-03-16,2024-05-17,2024-05-26,Lost,19459.93,71
107,OPP-000107,1261,5,1,Sul,Mid-Market,Serviços,2024-03-02,2024-03-22,2024-03-21,Won,32269.69,19
108,OPP-000108,1288,4,2,Sudeste,Enterprise,Saúde,2024-02-23,2024-04-22,,Open,98396.42,677
109,OPP-000109,1293,5,3,Sudeste,Enterprise,Varejo,2024-03-14,2024-04-24,2024-04-12,Won,104372.54,29
110,OPP-000110,1303,3,4,Sudeste,Mid-Market,Serviços,2024-03-06,2024-03-27,2024-03-19,Won,26471.8,13
111,OPP-000111,1308,2,3,Sul,Enterprise,Varejo,2024-02-19,2024-03-22,2024-03-10,Won,126988.71,20
112,OPP-000112,1317,10,3,Sudeste,SMB,Indústria,2024-02-07,2024-03-21,2024-03-27,Won,16229.32,49
113,OPP-000113,1325,3,2,Sudeste,Mid-Market,Educação,2024-03-20,2024-05-23,2024-05-24,Won,44350.09,65
114,OPP-000114,1332,10,3,Sudeste,Mid-Market,Indústria,2024-03-20,2024-05-09,2024-05-22,Lost,32288.94,63
115,OPP-000115,1341,9,1,Sul,SMB,Serviços,2024-04-04,2024-06-17,2024-06-14,Won,6640.82,71
116,OPP-000116,1345,1,6,Sudeste,Mid-Market,Indústria,2024-04-10,2024-05-26,2024-05-08,Lost,45822.29,28
117,OPP-000117,1346,2,3,Sul,SMB,Indústria,2024-03-12,2024-04-08,2024-04-11,Won,6336.72,30
118,OPP-000118,1389,6,6,Sul,SMB,Varejo,2024-03-20,2024-05-26,2024-05-01,Won,7045.06,42
119,OPP-000119,1400,5,2,Sul,Mid-Market,Indústria,2024-03-05,2024-05-17,2024-05-22,Won,26441.81,78
120,OPP-000120,1403,6,6,Sudeste,Mid-Market,Indústria,2024-03-08,2024-04-08,,Open,30776.87,663
121,OPP-000121,1423,9,3,Nordeste,Enterprise,Indústria,2024-03-29,2024-05-04,2024-05-02,Won,54203.42,34
122,OPP-000122,1428,6,1,Nordeste,Mid-Market,Serviços,2024-04-03,2024-05-03,2024-05-29,Won,13861.71,56
123,OPP-000123,1441,7,1,Sul,Mid-Market,Serviços,2024-03-07,2024-04-08,2024-03-29,Won,41107.69,22
124,OPP-000124,1458,11,2,Sudeste,Mid-Market,Educação,2024-03-24,2024-04-16,2024-04-22,Won,17400.67,29
125,OPP-000125,1480,9,3,Nordeste,Mid-Market,Varejo,2024-03-02,2024-05-07,2024-04-17,Lost,45373.17,46
126,OPP-000126,1485,11,3,Sudeste,SMB,Saúde,2024-03-04,2024-05-12,2024-05-14,Lost,17849.04,71
127,OPP-000127,1505,3,4,Sudeste,Mid-Market,Saúde,2024-03-09,2024-04-16,2024-04-09,Lost,32690.25,31
128,OPP-000128,1510,6,4,Sudeste,Mid-Market,Varejo,2024-03-13,2024-04-07,2024-04-09,Won,21646.86,27
129,OPP-000129,1511,4,1,Sudeste,Enterprise,Serviços,2024-03-12,2024-05-21,2024-05-15,Won,131622.51,64
130,OPP-000130,1534,9,4,Sudeste,Mid-Market,Indústria,2024-04-03,2024-05-29,2024-05-29,Lost,44014.39,56
131,OPP-000131,1536,3,3,Sul,Enterprise,Saúde,2024-03-07,2024-05-13,2024-04-24,Lost,168381.68,48
132,OPP-000132,1548,6,4,Sudeste,SMB,Tecnologia,2024-03-21,2024-04-13,2024-04-22,Won,7099.06,32
133,OPP-000133,1551,10,1,Sudeste,Mid-Market,Tecnologia,2024-03-09,2024-05-16,,Open,21837.24,662
134,OPP-000134,1566,12,3,Nordeste,Enterprise,Saúde,2024-03-24,2024-04-14,2024-04-10,Won,47849.15,17
135,OPP-000135,1571,7,2,Sul,SMB,Serviços,2024-02-29,2024-03-23,2024-04-11,Won,7548.86,42
136,OPP-000136,1612,9,4,Nordeste,Enterprise,Varejo,2024-04-10,2024-05-11,2024-05-13,Won,52523.37,33
137,OPP-000137,1615,4,5,Nordeste,Mid-Market,Tecnologia,2024-04-06,2024-04-26,2024-05-20,Won,52597.32,44
138,OPP-000138,1644,1,1,Sudeste,SMB,Serviços,2024-03-22,2024-05-19,2024-05-20,Won,9266.79,59
139,OPP-000139,1648,10,4,Nordeste,SMB,Saúde,2024-03-15,2024-04-15,2024-04-18,Won,3693.41,34
140,OPP-000140,1669,10,1,Sudeste,SMB,Varejo,2024-03-23,2024-04-28,2024-04-29,Won,9827.6,37
141,OPP-000141,1678,9,2,Nordeste,SMB,Varejo,2024-03-22,2024-04-20,2024-04-29,Lost,8982.7,38
142,OPP-000142,1680,6,3,Sul,SMB,Varejo,2024-03-26,2024-05-23,2024-05-28,Lost,8738.37,63
143,OPP-000143,1682,3,5,Sudeste,SMB,Varejo,2024-03-31,2024-05-24,2024-05-26,Won,13607.7,56
144,OPP-000144,1683,2,4,Nordeste,Mid-Market,Saúde,2024-03-23,2024-04-16,,Open,25360.06,648
145,OPP-000145,1686,7,1,Sudeste,SMB,Varejo,2024-04-01,2024-04-26,2024-04-07,Won,10840.42,6
146,OPP-000146,1712,6,2,Sudeste,Enterprise,Varejo,2024-03-28,2024-05-06,2024-05-16,Won,133766.57,49
147,OPP-000147,1729,1,1,Sudeste,SMB,Educação,2024-04-02,2024-05-28,2024-05-29,Won,13081.49,57
148,OPP-000148,1736,8,4,Sudeste,SMB,Varejo,2024-03-14,2024-05-05,2024-04-25,Won,9002.34,42
149,OPP-000149,1739,12,3,Sudeste,Mid-Market,Serviços,2024-03-19,2024-05-09,2024-05-30,Won,26602.2,72
150,OPP-000150,1748,9,3,Sudeste,SMB,Indústria,2024-04-04,2024-05-08,,Open,11928.58,636
151,OPP-000151,1784,8,1,Sudeste,Mid-Market,Varejo,2024-03-18,2024-04-15,2024-04-01,Won,50149.19,14
152,OPP-000152,1792,5,2,Sudeste,Mid-Market,Indústria,2024-02-23,2024-03-16,2024-03-27,Won,20764.56,33
153,OPP-000153,1796,11,2,Sudeste,SMB,Tecnologia,2024-02-27,2024-05-07,2024-05-19,Won,14267.94,82
154,OPP-000154,1798,2,2,Sudeste,Mid-Market,Tecnologia,2024-04-12,2024-05-06,2024-05-04,Won,39416.76,22
155,OPP-000155,1826,5,1,Centro-Oeste,SMB,Saúde,2024-03-26,2024-05-12,2024-05-22,Won,9022.12,57
156,OPP-000156,1834,8,1,Sul,Enterprise,Varejo,2024-03-25,2024-05-24,2024-05-15,Won,158811.17,51
157,OPP-000157,1839,6,4,Sudeste,Mid-Market,Tecnologia,2024-03-27,2024-04-23,2024-04-19,Won,49036.33,23
158,OPP-000158,1840,3,4,Sudeste,Mid-Market,Educação,2024-03-13,2024-05-13,2024-05-16,Won,39568.38,64
159,OPP-000159,1851,2,1,Sudeste,SMB,Serviços,2024-03-17,2024-05-22,2024-06-03,Lost,9156.31,78
160,OPP-000160,1852,3,6,Sudeste,SMB,Serviços,2024-04-01,2024-05-13,2024-05-11,Lost,11934.66,40
161,OPP-000161,1857,2,1,Sudeste,Mid-Market,Serviços,2024-03-07,2024-03-30,2024-04-09,Won,36811.72,33
162,OPP-000162,1868,9,1,Sul,SMB,Serviços,2024-04-08,2024-05-12,2024-05-13,Won,10329.26,35
163,OPP-000163,1879,10,3,Sudeste,Enterprise,Educação,2024-03-17,2024-05-10,2024-05-01,Won,151559.89,45
164,OPP-000164,1882,8,3,Sul,Mid-Market,Tecnologia,2024-03-22,2024-04-13,2024-03-22,Lost,28283.38,5
165,OPP-000165,1899,10,1,Sudeste,Enterprise,Serviços,2024-03-13,2024-05-15,2024-04-26,Won,73464.43,44
166,OPP-000166,1917,4,3,Nordeste,Enterprise,Serviços,2024-04-12,2024-05-27,2024-04-19,Lost,71910.87,7
167,OPP-000167,1920,10,6,Nordeste,Mid-Market,Tecnologia,2024-04-01,2024-06-12,2024-06-20,Won,28340.21,80
168,OPP-000168,1924,4,2,Nordeste,Mid-Market,Indústria,2024-03-16,2024-04-20,2024-04-23,Won,34317.41,38
169,OPP-000169,1932,6,3,Sudeste,SMB,Serviços,2024-03-30,2024-05-12,2024-04-24,Lost,9055.8,25
170,OPP-000170,1937,9,3,Sul,Mid-Market,Serviços,2024-03-21,2024-05-15,2024-04-23,Won,30345.88,33
171,OPP-000171,1940,11,1,Nordeste,SMB,Tecnologia,2024-04-10,2024-06-04,2024-06-03,Won,6871.81,54
172,OPP-000172,1946,6,6,Nordeste,Enterprise,Indústria,2024-03-17,2024-05-06,2024-05-15,Lost,49877.12,59
173,OPP-000173,1953,1,4,Sudeste,Enterprise,Indústria,2024-04-18,2024-06-16,2024-06-08,Won,122417.29,51
174,OPP-000174,1983,7,5,Sul,SMB,Tecnologia,2024-04-04,2024-04-28,2024-04-21,Won,9165.85,17
175,OPP-000175,2031,1,1,Sul,Enterprise,Saúde,2024-04-12,2024-05-12,2024-04-30,Lost,60241.18,18
176,OPP-000176,2053,7,3,Sul,Mid-Market,Serviços,2024-03-05,2024-04-29,2024-04-28,Won,29365.27,54
177,OPP-000177,2068,8,6,Sul,Enterprise,Varejo,2024-03-16,2024-05-16,2024-05-12,Lost,26363.43,57
178,OPP-000178,2090,2,3,Sul,SMB,Varejo,2024-04-08,2024-05-11,2024-05-03,Won,8614.84,25
179,OPP-000179,2104,9,6,Sul,Mid-Market,Serviços,2024-03-07,2024-04-18,,Open,20475.95,664
180,OPP-000180,2110,3,1,Sudeste,Enterprise,Indústria,2024-03-25,2024-05-19,2024-05-20,Won,69231.87,56
181,OPP-000181,2133,1,6,Nordeste,SMB,Educação,2024-05-01,2024-07-14,2024-07-03,Won,9931.32,63
182,OPP-000182,2135,4,3,Sul,SMB,Tecnologia,2024-03-03,2024-04-01,2024-03-29,Won,14761.29,26
183,OPP-000183,2152,7,1,Sudeste,SMB,Saúde,2024-04-01,2024-06-14,2024-06-01,Won,10085.1,61
184,OPP-000184,2158,2,2,Centro-Oeste,Mid-Market,Educação,2024-03-21,2024-05-18,2024-05-09,Lost,9340.39,49
185,OPP-000185,2160,3,1,Nordeste,Enterprise,Saúde,2024-03-21,2024-04-24,2024-04-03,Won,84233.45,13
186,OPP-000186,2162,4,2,Sudeste,Enterprise,Varejo,2024-04-16,2024-06-09,2024-06-05,Won,71748.9,50
187,OPP-000187,2187,7,4,Sudeste,Mid-Market,Serviços,2024-04-07,2024-05-03,2024-05-21,Won,40587.66,44
188,OPP-000188,2191,11,1,Sudeste,SMB,Varejo,2024-04-03,2024-04-28,2024-05-09,Lost,9692.61,36
189,OPP-000189,2217,10,1,Sul,SMB,Educação,2024-03-24,2024-05-12,2024-05-03,Won,8597.0,40
190,OPP-000190,2220,3,2,Centro-Oeste,Mid-Market,Serviços,2024-03-10,2024-05-04,2024-04-18,Won,47513.9,39
191,OPP-000191,2227,10,4,Centro-Oeste,Mid-Market,Serviços,2024-04-22,2024-05-19,2024-05-21,Won,36039.36,29
192,OPP-000192,2237,9,1,Sudeste,SMB,Varejo,2024-04-05,2024-05-12,2024-05-05,Won,19079.95,30
193,OPP-000193,2240,1,3,Nordeste,Enterprise,Varejo,2024-03-17,2024-04-23,2024-04-18,Won,146611.93,32
194,OPP-000194,2244,1,2,Sudeste,Mid-Market,Educação,2024-03-11,2024-04-30,2024-03-28,Won,42713.04,17
195,OPP-000195,2252,8,4,Centro-Oeste,Mid-Market,Indústria,2024-03-26,2024-06-07,2024-05-24,Won,19589.23,59
196,OPP-000196,2254,8,3,Centro-Oeste,Mid-Market,Indústria,2024-03-23,2024-05-19,2024-04-25,Won,30599.34,33
197,OPP-000197,2274,12,5,Sul,Mid-Market,Educação,2024-03-25,2024-04-24,2024-05-05,Won,63487.73,41
198,OPP-000198,2297,7,4,Sul,SMB,Serviços,2024-03-20,2024-05-26,2024-06-04,Lost,14807.65,76
199,OPP-000199,2329,9,3,Sudeste,Mid-Market,Serviços,2024-04-16,2024-05-18,2024-06-01,Won,25010.42,46
200,OPP-000200,2353,11,1,Sudeste,Mid-Market,Serviços,2024-04-25,2024-06-12,2024-06-27,Won,36238.54,63
201,OPP-000201,2364,12,5,Sudeste,Enterprise,Serviços,2024-03-13,2024-04-08,2024-04-06,Won,61430.71,24
202,OPP-000202,2365,5,3,Nordeste,Mid-Market,Saúde,2024-04-14,2024-06-04,2024-05-30,Won,77075.85,46
203,OPP-000203,2379,2,1,Sudeste,Mid-Market,Serviços,2024-03-23,2024-04-23,2024-05-03,Lost,72925.64,41
204,OPP-000204,2381,4,5,Sudeste,Mid-Market,Saúde,2024-04-05,2024-05-20,2024-05-18,Lost,48203.54,43
205,OPP-000205,2389,4,4,Sul,SMB,Tecnologia,2024-04-08,2024-05-31,2024-06-17,Won,6303.8,70
206,OPP-000206,2424,8,1,Sudeste,SMB,Varejo,2024-03-08,2024-05-02,2024-04-25,Won,14661.96,48
207,OPP-000207,2426,2,4,Centro-Oeste,Mid-Market,Indústria,2024-04-08,2024-05-05,2024-05-04,Won,55566.85,26
208,OPP-000208,2442,9,1,Nordeste,Enterprise,Serviços,2024-04-19,2024-05-16,2024-05-18,Won,107008.17,29
209,OPP-000209,2461,10,5,Centro-Oeste,SMB,Indústria,2024-04-08,2024-05-03,2024-05-15,Lost,9473.34,37
210,OPP-000210,2466,7,4,Sudeste,Mid-Market,Educação,2024-04-05,2024-05-17,2024-06-03,Won,35918.64,59
211,OPP-000211,2474,10,3,Sul,Mid-Market,Varejo,2024-03-20,2024-04-11,2024-05-02,Lost,34097.82,43
212,OPP-000212,2479,2,2,Sul,SMB,Tecnologia,2024-03-11,2024-05-07,,Open,6689.73,660
213,OPP-000213,2485,6,4,Sudeste,Enterprise,Indústria,2024-03-22,2024-04-25,2024-04-26,Won,48432.97,35
214,OPP-000214,2493,10,1,Sudeste,Mid-Market,Varejo,2024-04-15,2024-06-11,2024-05-26,Won,28991.44,41
215,OPP-000215,2521,11,1,Sudeste,SMB,Educação,2024-04-05,2024-05-26,2024-05-18,Lost,10121.88,43
216,OPP-000216,2534,3,1,Nordeste,SMB,Tecnologia,2024-03-26,2024-06-01,2024-06-02,Won,17575.52,68
217,OPP-000217,2599,3,6,Sudeste,Mid-Market,Serviços,2024-04-13,2024-05-05,2024-04-23,Won,44791.26,10
218,OPP-000218,2606,1,1,Centro-Oeste,Enterprise,Varejo,2024-03-23,2024-04-14,2024-04-18,Won,59167.46,26
219,OPP-000219,2661,8,5,Sudeste,SMB,Varejo,2024-04-17,2024-05-08,2024-05-31,Won,14691.97,44
220,OPP-000220,2668,6,1,Sudeste,Enterprise,Tecnologia,2024-04-01,2024-05-29,2024-05-31,Won,53939.01,60
221,OPP-000221,2671,8,3,Nordeste,SMB,Saúde,2024-04-30,2024-06-02,,Open,10559.3,610
222,OPP-000222,2717,11,3,Sudeste,SMB,Tecnologia,2024-04-19,2024-06-11,2024-06-06,Won,11991.14,48
223,OPP-000223,2725,3,1,Sudeste,Mid-Market,Indústria,2024-04-17,2024-05-26,2024-04-18,Lost,44166.85,5
224,OPP-000224,2727,3,4,Centro-Oeste,Enterprise,Tecnologia,2024-04-05,2024-05-05,2024-04-30,Won,125735.26,25
225,OPP-000225,2731,10,1,Sudeste,Mid-Market,Varejo,2024-03-29,2024-05-02,2024-05-11,Won,25399.95,43
226,OPP-000226,2732,7,2,Nordeste,Enterprise,Serviços,2024-04-19,2024-05-19,2024-05-10,Lost,76608.31,21
227,OPP-000227,2759,8,3,Sudeste,Mid-Market,Indústria,2024-04-20,2024-05-24,2024-05-14,Lost,21677.49,24
228,OPP-000228,2760,11,3,Sul,Mid-Market,Serviços,2024-04-09,2024-05-28,2024-06-08,Won,19760.89,60
229,OPP-000229,2789,10,6,Sudeste,Mid-Market,Varejo,2024-04-26,2024-06-26,2024-06-26,Won,16643.07,61
230,OPP-000230,2810,9,1,Sul,SMB,Varejo,2024-04-14,2024-05-25,2024-05-09,Lost,26823.75,25
231,OPP-000231,2818,1,3,Nordeste,SMB,Indústria,2024-04-10,2024-05-07,2024-05-10,Won,5695.49,30
232,OPP-000232,2823,7,1,Sudeste,Enterprise,Tecnologia,2024-04-29,2024-05-29,2024-06-06,Won,219172.9,38
233,OPP-000233,2849,2,4,Nordeste,SMB,Varejo,2024-04-24,2024-06-24,2024-06-21,Won,17338.78,58
234,OPP-000234,2852,8,2,Nordeste,SMB,Serviços,2024-04-29,2024-06-20,2024-06-30,Lost,5418.82,62
235,OPP-000235,2858,11,2,Sudeste,Mid-Market,Educação,2024-04-28,2024-06-29,2024-06-12,Won,39041.4,45
236,OPP-000236,2860,11,3,Sudeste,Mid-Market,Serviços,2024-05-10,2024-07-10,2024-07-29,Won,37718.23,80
237,OPP-000237,2864,4,1,Sul,Mid-Market,Serviços,2024-03-23,2024-05-09,2024-05-19,Lost,60313.17,57
238,OPP-000238,2880,11,1,Nordeste,Mid-Market,Educação,2024-04-12,2024-05-06,2024-05-08,Lost,35341.17,26
239,OPP-000239,2913,10,3,Sudeste,Mid-Market,Educação,2024-04-16,2024-05-23,2024-05-25,Won,52720.9,39
240,OPP-000240,2915,10,3,Sul,Mid-Market,Varejo,2024-04-25,2024-06-24,2024-06-30,Lost,50123.29,66
241,OPP-000241,2925,11,1,Sudeste,Mid-Market,Varejo,2024-05-11,2024-06-13,2024-07-03,Won,25756.28,53
242,OPP-000242,2927,3,3,Nordeste,Mid-Market,Tecnologia,2024-04-16,2024-05-16,2024-05-29,Won,41817.95,43
243,OPP-000243,2966,1,3,Nordeste,SMB,Serviços,2024-04-04,2024-04-26,2024-04-07,Lost,11841.78,5
244,OPP-000244,2971,11,3,Nordeste,Mid-Market,Serviços,2024-03-30,2024-05-09,2024-04-25,Lost,27359.22,26
245,OPP-000245,2976,6,4,Nordeste,SMB,Varejo,2024-04-09,2024-04-29,2024-04-26,Won,13421.34,17
246,OPP-000246,2984,10,3,Sudeste,SMB,Tecnologia,2024-04-28,2024-05-30,,Open,9617.27,612
247,OPP-000247,2989,10,1,Sudeste,Enterprise,Varejo,2024-04-02,2024-05-10,2024-04-27,Won,143154.96,25
248,OPP-000248,2999,2,6,Centro-Oeste,Enterprise,Varejo,2024-04-13,2024-06-26,2024-06-09,Lost,98242.1,57
249,OPP-000249,3040,5,3,Centro-Oeste,Mid-Market,Saúde,2024-04-26,2024-05-28,2024-06-12,Lost,52615.0,47
250,OPP-000250,3060,12,2,Sudeste,Enterprise,Tecnologia,2024-04-14,2024-06-04,2024-06-16,Won,110410.14,63
251,OPP-000251,3118,8,3,Sul,Enterprise,Serviços,2024-04-05,2024-06-03,2024-05-21,Won,172096.15,46
252,OPP-000252,3132,11,6,Sul,Mid-Market,Varejo,2024-04-13,2024-05-14,2024-05-15,Lost,25988.09,32
253,OPP-000253,3134,11,1,Sudeste,SMB,Saúde,2024-05-16,2024-07-25,2024-07-22,Lost,8295.04,67
254,OPP-000254,3177,9,5,Sul,Enterprise,Saúde,2024-04-12,2024-05-02,2024-05-28,Lost,51507.43,46
255,OPP-000255,3180,3,3,Sudeste,SMB,Tecnologia,2024-04-18,2024-06-12,,Open,8039.71,622
256,OPP-000256,3225,9,1,Sudeste,Mid-Market,Educação,2024-04-11,2024-05-03,2024-04-22,Lost,51669.02,11
257,OPP-000257,3228,11,1,Sudeste,SMB,Varejo,2024-04-11,2024-06-18,2024-06-10,Lost,9336.76,60
258,OPP-000258,3234,4,1,Nordeste,Enterprise,Educação,2024-04-08,2024-04-30,2024-04-22,Won,106619.16,14
259,OPP-000259,3241,9,5,Nordeste,Enterprise,Varejo,2024-05-14,2024-06-11,2024-06-11,Lost,29209.2,28
260,OPP-000260,3252,5,3,Sudeste,Mid-Market,Saúde,2024-04-22,2024-05-30,2024-05-28,Lost,38925.32,36
261,OPP-000261,3256,12,4,Sul,Mid-Market,Tecnologia,2024-04-25,2024-07-07,2024-06-29,Won,58472.89,65
262,OPP-000262,3259,4,3,Sudeste,SMB,Educação,2024-04-20,2024-05-20,2024-05-27,Won,7225.82,37
263,OPP-000263,3268,3,4,Sul,Enterprise,Indústria,2024-04-30,2024-06-26,2024-07-10,Won,126141.23,71
264,OPP-000264,3295,9,3,Nordeste,Enterprise,Varejo,2024-05-02,2024-06-26,2024-07-05,Won,57508.16,64
265,OPP-000265,3302,2,2,Sul,SMB,Saúde,2024-04-29,2024-07-11,2024-07-23,Won,8890.59,85
266,OPP-000266,3328,12,5,Sudeste,Mid-Market,Indústria,2024-04-14,2024-05-31,2024-05-13,Won,21763.26,29
267,OPP-000267,3335,11,2,Sul,Mid-Market,Serviços,2024-05-15,2024-06-08,2024-05-22,Won,27823.85,7
268,OPP-000268,3343,1,1,Sudeste,SMB,Serviços,2024-05-06,2024-05-27,2024-05-29,Won,9495.76,23
269,OPP-000269,3369,5,1,Sudeste,Mid-Market,Serviços,2024-04-09,2024-04-29,2024-05-02,Won,20680.72,23
270,OPP-000270,3371,7,5,Sudeste,Mid-Market,Varejo,2024-04-21,2024-06-21,2024-06-29,Lost,39671.18,69
271,OPP-000271,3418,8,4,Sul,Mid-Market,Indústria,2024-05-09,2024-06-11,2024-06-04,Won,25225.7,26
272,OPP-000272,3480,9,3,Sudeste,Mid-Market,Serviços,2024-04-29,2024-06-11,2024-06-17,Won,50888.0,49
273,OPP-000273,3495,6,1,Sul,Mid-Market,Indústria,2024-04-17,2024-06-05,2024-06-10,Won,37933.14,54
274,OPP-000274,3510,9,2,Nordeste,Enterprise,Educação,2024-05-04,2024-06-01,2024-06-11,Won,63302.24,38
275,OPP-000275,3526,4,2,Nordeste,SMB,Indústria,2024-04-14,2024-05-06,2024-04-14,Won,9660.62,5
276,OPP-000276,3530,11,3,Sudeste,SMB,Serviços,2024-04-23,2024-06-03,2024-05-07,Lost,16865.84,14
277,OPP-000277,3539,12,1,Sudeste,SMB,Varejo,2024-05-29,2024-07-23,2024-07-09,Won,11449.48,41
278,OPP-000278,3547,7,3,Nordeste,Enterprise,Serviços,2024-04-27,2024-07-02,2024-07-16,Lost,107117.09,80
279,OPP-000279,3570,9,2,Sudeste,SMB,Varejo,2024-05-12,2024-07-05,2024-06-22,Won,8998.96,41
280,OPP-000280,3572,9,1,Sudeste,SMB,Educação,2024-05-14,2024-06-18,,Open,19106.03,596
281,OPP-000281,3576,12,2,Sudeste,Enterprise,Varejo,2024-05-12,2024-07-07,2024-06-30,Won,107873.09,49
282,OPP-000282,3578,5,2,Sul,SMB,Serviços,2024-05-26,2024-07-04,,Open,8148.86,584
283,OPP-000283,3596,10,6,Centro-Oeste,Mid-Market,Serviços,2024-05-15,2024-07-10,2024-07-26,Won,37971.25,72
284,OPP-000284,3600,6,2,Sudeste,SMB,Tecnologia,2024-04-11,2024-06-09,2024-06-07,Won,15896.1,57
285,OPP-000285,3603,7,3,Sudeste,Mid-Market,Indústria,2024-05-02,2024-07-07,2024-07-03,Lost,25935.26,62
286,OPP-000286,3627,8,5,Sul,SMB,Tecnologia,2024-05-08,2024-07-05,2024-06-14,Won,5261.03,37
287,OPP-000287,3628,11,3,Sudeste,SMB,Saúde,2024-04-21,2024-06-10,2024-06-03,Won,13759.8,43
288,OPP-000288,3650,9,5,Sul,Enterprise,Tecnologia,2024-05-09,2024-06-08,2024-06-10,Won,102452.65,32
289,OPP-000289,3656,2,1,Sudeste,SMB,Indústria,2024-05-04,2024-06-06,2024-06-14,Won,10905.99,41
290,OPP-000290,3660,5,1,Sul,Enterprise,Saúde,2024-05-12,2024-06-07,2024-06-07,Won,108232.53,26
291,OPP-000291,3680,8,1,Sudeste,Mid-Market,Varejo,2024-05-05,2024-06-18,2024-06-17,Lost,29423.68,43
292,OPP-000292,3686,9,1,Sul,SMB,Tecnologia,2024-04-08,2024-06-17,2024-05-26,Lost,6110.46,48
293,OPP-000293,3688,9,6,Nordeste,Mid-Market,Varejo,2024-04-13,2024-06-11,2024-06-04,Won,77834.62,52
294,OPP-000294,3691,6,1,Sul,SMB,Educação,2024-04-16,2024-06-06,2024-06-09,Won,6640.05,54
295,OPP-000295,3717,12,4,Sudeste,SMB,Varejo,2024-05-01,2024-07-07,2024-06-28,Lost,5883.78,58
296,OPP-000296,3718,11,4,Sudeste,SMB,Serviços,2024-06-04,2024-07-17,2024-07-22,Lost,11263.37,48
297,OPP-000297,3727,11,6,Centro-Oeste,SMB,Indústria,2024-05-21,2024-06-28,2024-06-12,Lost,9187.65,22
298,OPP-000298,3736,8,6,Sudeste,SMB,Tecnologia,2024-05-16,2024-06-15,2024-06-19,Won,7892.06,34
299,OPP-000299,3746,9,4,Sudeste,Enterprise,Varejo,2024-04-07,2024-06-18,2024-06-28,Won,43446.91,82
300,OPP-000300,3753,10,3,Sudeste,SMB,Varejo,2024-05-19,2024-06-24,2024-06-05,Won,12789.94,17
301,OPP-000301,3760,11,1,Nordeste,Mid-Market,Serviços,2024-04-21,2024-05-16,2024-05-11,Won,17309.33,20
302,OPP-000302,3800,11,2,Sudeste,SMB,Educação,2024-04-24,2024-06-07,2024-05-25,Lost,15338.93,31
303,OPP-000303,3806,3,1,Sul,Enterprise,Varejo,2024-05-08,2024-07-13,2024-07-01,Won,85175.66,54
304,OPP-000304,3854,3,2,Sudeste,Mid-Market,Tecnologia,2024-04-27,2024-05-18,2024-05-21,Won,21206.56,24
305,OPP-000305,3865,8,6,Sudeste,Mid-Market,Serviços,2024-05-30,2024-07-22,2024-07-19,Lost,73417.73,50
306,OPP-000306,3873,4,1,Nordeste,SMB,Serviços,2024-05-21,2024-08-02,2024-08-06,Won,11438.42,77
307,OPP-000307,3874,2,1,Centro-Oeste,SMB,Educação,2024-05-13,2024-07-17,2024-07-09,Lost,3906.49,57
308,OPP-000308,3880,8,2,Nordeste,Mid-Market,Serviços,2024-05-09,2024-06-07,2024-05-26,Won,47533.17,17
309,OPP-000309,3883,7,4,Sudeste,Enterprise,Educação,2024-05-28,2024-08-07,2024-08-17,Won,59740.7,81
310,OPP-000310,3885,6,6,Nordeste,Mid-Market,Educação,2024-05-10,2024-05-30,2024-05-28,Won,42063.99,18
311,OPP-000311,3887,11,6,Sul,Mid-Market,Educação,2024-05-26,2024-07-05,2024-06-23,Won,42015.08,28
312,OPP-000312,3897,1,2,Centro-Oeste,SMB,Educação,2024-05-09,2024-06-11,2024-06-07,Won,10946.04,29
313,OPP-000313,3911,2,3,Sul,SMB,Serviços,2024-05-05,2024-05-31,,Open,18789.72,605
314,OPP-000314,3917,7,3,Sudeste,Mid-Market,Varejo,2024-05-26,2024-06-22,2024-06-08,Lost,23521.89,13
315,OPP-000315,3923,8,2,Sudeste,Enterprise,Indústria,2024-05-23,2024-06-29,2024-06-30,Won,114612.59,38
316,OPP-000316,3933,9,3,Sudeste,SMB,Indústria,2024-04-25,2024-06-20,2024-06-24,Lost,3304.48,60
317,OPP-000317,3947,9,1,Sudeste,SMB,Educação,2024-05-17,2024-07-11,2024-07-30,Lost,13953.11,74
318,OPP-000318,3955,2,1,Sudeste,Enterprise,Tecnologia,2024-05-09,2024-07-01,2024-07-02,Won,55209.07,54
319,OPP-000319,3956,9,3,Sudeste,Enterprise,Varejo,2024-04-30,2024-07-05,2024-07-17,Lost,53228.07,78
320,OPP-000320,3961,1,2,Sul,Mid-Market,Indústria,2024-05-14,2024-07-17,2024-08-03,Lost,23624.12,81
321,OPP-000321,3962,3,1,Nordeste,Mid-Market,Varejo,2024-05-21,2024-07-15,2024-08-02,Lost,64134.77,73
322,OPP-000322,3980,10,3,Nordeste,Mid-Market,Varejo,2024-05-27,2024-07-31,2024-07-28,Won,18416.67,62
323,OPP-000323,3987,10,1,Sudeste,SMB,Indústria,2024-06-04,2024-06-24,2024-06-23,Won,10358.42,19
324,OPP-000324,4008,4,1,Sudeste,Enterprise,Varejo,2024-05-25,2024-06-29,2024-06-12,Lost,140937.32,18
325,OPP-000325,4014,1,1,Sul,Enterprise,Educação,2024-04-29,2024-06-30,2024-06-27,Won,147115.4,59
326,OPP-000326,4019,8,1,Sudeste,Mid-Market,Indústria,2024-05-29,2024-07-31,,Open,50341.08,581
327,OPP-000327,4020,5,4,Centro-Oeste,Enterprise,Serviços,2024-05-24,2024-08-06,2024-07-22,Lost,44814.34,59
328,OPP-000328,4037,7,2,Sudeste,SMB,Educação,2024-05-22,2024-06-14,2024-07-10,Lost,8216.29,49
329,OPP-000329,4040,7,5,Sudeste,Mid-Market,Indústria,2024-05-03,2024-07-02,2024-07-10,Lost,20897.9,68
330,OPP-000330,4050,1,4,Nordeste,SMB,Tecnologia,2024-05-24,2024-07-13,2024-07-30,Won,5531.17,67
331,OPP-000331,4065,2,1,Sudeste,Enterprise,Saúde,2024-05-25,2024-06-19,2024-06-21,Won,103437.86,27
332,OPP-000332,4068,8,3,Sudeste,Mid-Market,Indústria,2024-05-12,2024-06-13,2024-05-18,Won,41245.58,6
333,OPP-000333,4069,8,6,Sudeste,SMB,Varejo,2024-04-18,2024-06-03,2024-05-29,Won,9221.38,41
334,OPP-000334,4074,8,1,Sudeste,Mid-Market,Indústria,2024-05-12,2024-06-26,2024-07-05,Won,24308.61,54
335,OPP-000335,4083,2,4,Sudeste,SMB,Indústria,2024-05-12,2024-07-01,2024-07-28,Won,4783.19,77
336,OPP-000336,4086,5,6,Nordeste,Mid-Market,Educação,2024-05-16,2024-07-27,2024-08-09,Lost,23618.94,85
337,OPP-000337,4094,6,1,Sudeste,Mid-Market,Varejo,2024-05-02,2024-06-16,2024-07-13,Won,18883.5,72
338,OPP-000338,4113,2,4,Sul,Mid-Market,Serviços,2024-05-16,2024-06-19,2024-06-21,Lost,26661.0,36
339,OPP-000339,4120,5,3,Sul,Enterprise,Indústria,2024-05-15,2024-06-09,2024-06-01,Won,92477.93,17
340,OPP-000340,4129,5,4,Sudeste,Mid-Market,Serviços,2024-05-19,2024-06-13,,Open,49277.14,591
341,OPP-000341,4153,12,2,Sudeste,SMB,Indústria,2024-05-11,2024-06-24,2024-06-20,Won,6733.33,40
342,OPP-000342,4205,2,4,Centro-Oeste,Enterprise,Saúde,2024-05-29,2024-08-04,2024-07-27,Won,143359.72,59
343,OPP-000343,4211,4,3,Sudeste,Mid-Market,Indústria,2024-05-24,2024-08-03,2024-08-06,Lost,13012.77,74
344,OPP-000344,4230,9,2,Nordeste,Mid-Market,Serviços,2024-05-21,2024-07-11,2024-07-22,Lost,22920.25,62
345,OPP-000345,4234,7,4,Sudeste,Enterprise,Indústria,2024-05-03,2024-05-25,2024-05-11,Lost,86099.97,8
346,OPP-000346,4247,4,5,Sudeste,SMB,Varejo,2024-05-09,2024-06-30,2024-07-08,Won,7436.33,60
347,OPP-000347,4250,4,4,Sudeste,Mid-Market,Educação,2024-05-08,2024-06-04,2024-06-05,Lost,44014.04,28
348,OPP-000348,4263,8,2,Sudeste,SMB,Indústria,2024-05-12,2024-07-07,2024-07-15,Lost,4423.78,64
349,OPP-000349,4265,2,3,Sul,SMB,Indústria,2024-05-25,2024-07-04,2024-06-06,Lost,6031.63,12
350,OPP-000350,4269,2,4,Nordeste,Enterprise,Tecnologia,2024-05-14,2024-06-08,2024-05-28,Won,68537.76,14
351,OPP-000351,4284,9,1,Sul,Mid-Market,Educação,2024-05-19,2024-06-25,2024-06-24,Won,41190.46,36
352,OPP-000352,4288,5,1,Sul,Mid-Market,Varejo,2024-05-30,2024-06-30,2024-07-11,Lost,26996.52,42
353,OPP-000353,4294,1,3,Sudeste,Mid-Market,Tecnologia,2024-05-29,2024-07-26,,Open,47874.93,581
354,OPP-000354,4295,12,4,Sudeste,SMB,Varejo,2024-05-18,2024-06-07,2024-06-06,Lost,13834.06,19
355,OPP-000355,4303,12,6,Nordeste,SMB,Serviços,2024-05-28,2024-06-26,2024-06-26,Lost,16001.22,29
356,OPP-000356,4321,4,5,Sul,SMB,Serviços,2024-06-08,2024-07-14,2024-07-08,Won,7882.09,30
357,OPP-000357,4323,4,3,Sudeste,Mid-Market,Indústria,2024-05-05,2024-06-03,2024-07-03,Won,17978.53,59
358,OPP-000358,4351,9,1,Nordeste,SMB,Saúde,2024-05-19,2024-06-25,2024-06-01,Won,6124.32,13
359,OPP-000359,4357,2,6,Sul,Enterprise,Serviços,2024-05-12,2024-06-06,2024-06-01,Won,91283.61,20
360,OPP-000360,4368,2,3,Sul,SMB,Indústria,2024-05-12,2024-06-16,,Open,15067.99,598
361,OPP-000361,4391,8,1,Centro-Oeste,SMB,Varejo,2024-05-09,2024-06-08,2024-06-15,Won,11880.3,37
362,OPP-000362,4399,9,1,Sudeste,Mid-Market,Serviços,2024-06-15,2024-07-25,2024-07-30,Lost,21986.13,45
363,OPP-000363,4423,6,3,Sudeste,SMB,Varejo,2024-05-20,2024-07-02,2024-07-13,Lost,8714.97,54
364,OPP-000364,4444,9,6,Centro-Oeste,Enterprise,Tecnologia,2024-05-21,2024-07-18,2024-06-25,Won,165933.36,35
365,OPP-000365,4453,1,3,Sul,Enterprise,Serviços,2024-06-11,2024-08-08,2024-08-14,Lost,40096.84,64
366,OPP-000366,4463,11,2,Sudeste,SMB,Varejo,2024-05-13,2024-07-15,2024-07-23,Won,13004.59,71
367,OPP-000367,4465,9,1,Sul,SMB,Serviços,2024-05-13,2024-07-18,2024-07-30,Lost,14577.58,78
368,OPP-000368,4468,12,3,Sudeste,Enterprise,Saúde,2024-05-30,2024-06-29,2024-07-05,Won,144350.12,36
369,OPP-000369,4470,7,1,Sudeste,Enterprise,Serviços,2024-05-29,2024-06-29,2024-07-03,Lost,59996.87,35
370,OPP-000370,4488,7,1,Sul,Enterprise,Tecnologia,2024-06-09,2024-06-29,2024-07-02,Lost,25080.13,23
371,OPP-000371,4523,2,4,Sudeste,Enterprise,Saúde,2024-05-23,2024-06-27,2024-07-26,Won,43958.01,64
372,OPP-000372,4564,1,4,Sul,SMB,Varejo,2024-06-03,2024-07-12,2024-07-11,Lost,10519.1,38
373,OPP-000373,4571,7,2,Centro-Oeste,Mid-Market,Serviços,2024-05-01,2024-07-04,2024-07-03,Lost,18813.26,63
374,OPP-000374,4573,1,1,Nordeste,Enterprise,Tecnologia,2024-06-13,2024-07-11,2024-06-26,Won,138733.12,13
375,OPP-000375,4574,5,2,Centro-Oeste,Mid-Market,Varejo,2024-06-03,2024-06-26,2024-07-06,Won,34471.58,33
376,OPP-000376,4579,4,3,Sudeste,Mid-Market,Serviços,2024-06-03,2024-08-06,2024-08-21,Won,63191.87,79
377,OPP-000377,4584,10,6,Sudeste,SMB,Saúde,2024-05-19,2024-06-18,2024-06-18,Lost,13019.5,30
378,OPP-000378,4637,3,2,Sudeste,Enterprise,Varejo,2024-05-07,2024-06-02,2024-06-01,Won,45610.72,25
379,OPP-000379,4640,10,1,Sudeste,Mid-Market,Varejo,2024-05-26,2024-06-16,2024-06-20,Won,48410.34,25
380,OPP-000380,4654,3,1,Centro-Oeste,Enterprise,Varejo,2024-06-05,2024-06-26,2024-06-05,Won,78934.45,5
381,OPP-000381,4668,6,2,Centro-Oeste,Enterprise,Varejo,2024-06-12,2024-07-12,2024-07-19,Won,124469.55,37
382,OPP-000382,4673,5,1,Sudeste,SMB,Indústria,2024-05-30,2024-08-10,2024-07-24,Won,10550.16,55
383,OPP-000383,4674,8,2,Sudeste,SMB,Educação,2024-05-09,2024-06-06,2024-05-26,Lost,8883.77,17
384,OPP-000384,4675,1,3,Nordeste,SMB,Saúde,2024-06-01,2024-07-16,2024-07-12,Won,12670.38,41
385,OPP-000385,4676,9,1,Sudeste,Mid-Market,Varejo,2024-05-09,2024-06-27,2024-07-22,Won,39940.25,74
386,OPP-000386,4684,6,4,Sul,SMB,Tecnologia,2024-05-09,2024-06-09,2024-06-04,Lost,8488.21,26
387,OPP-000387,4693,4,4,Sudeste,SMB,Educação,2024-05-16,2024-07-18,2024-07-09,Won,11775.76,54
388,OPP-000388,4708,5,2,Sul,Mid-Market,Saúde,2024-05-16,2024-07-21,,Open,7522.76,594
389,OPP-000389,4710,11,2,Sudeste,Mid-Market,Saúde,2024-06-04,2024-08-10,2024-08-04,Lost,27564.55,61
390,OPP-000390,4739,7,1,Sul,Mid-Market,Varejo,2024-06-06,2024-07-23,,Open,45469.27,573
391,OPP-000391,4746,7,1,Sul,SMB,Varejo,2024-06-14,2024-08-18,2024-08-08,Lost,11915.63,55
392,OPP-000392,4748,6,3,Nordeste,Mid-Market,Serviços,2024-06-14,2024-07-23,2024-08-05,Won,46159.79,52
393,OPP-000393,4758,3,6,Sudeste,Enterprise,Varejo,2024-06-06,2024-07-30,2024-07-28,Won,85671.07,52
394,OPP-000394,4761,9,3,Sudeste,SMB,Tecnologia,2024-06-13,2024-07-06,2024-07-19,Lost,5606.34,36
395,OPP-000395,4767,5,3,Sudeste,SMB,Saúde,2024-06-09,2024-08-17,2024-09-07,Won,5932.77,90
396,OPP-000396,4775,11,1,Sudeste,Mid-Market,Varejo,2024-05-19,2024-06-22,2024-06-20,Lost,47433.99,32
397,OPP-000397,4783,11,6,Nordeste,Mid-Market,Tecnologia,2024-04-28,2024-05-26,2024-05-26,Lost,35072.17,28
398,OPP-000398,4788,7,4,Sudeste,SMB,Serviços,2024-06-17,2024-08-19,2024-08-17,Won,23196.86,61
399,OPP-000399,4790,7,3,Sul,SMB,Saúde,2024-05-18,2024-07-19,2024-07-22,Won,18138.05,65
400,OPP-000400,4794,9,6,Centro-Oeste,Enterprise,Indústria,2024-06-07,2024-08-14,2024-08-24,Won,50562.98,78
401,OPP-000401,4800,7,4,Sudeste,SMB,Educação,2024-05-07,2024-06-20,2024-06-19,Lost,18214.39,43
402,OPP-000402,4801,11,2,Sudeste,Mid-Market,Tecnologia,2024-05-15,2024-07-05,2024-06-21,Won,52933.32,37
403,OPP-000403,4802,1,1,Sudeste,SMB,Serviços,2024-05-28,2024-06-22,2024-06-22,Won,7307.59,25
404,OPP-000404,4804,11,3,Sul,Mid-Market,Tecnologia,2024-05-27,2024-07-16,2024-06-24,Won,35392.88,28
405,OPP-000405,4807,10,2,Sul,Mid-Market,Tecnologia,2024-06-19,2024-07-12,2024-06-30,Lost,49134.19,11
406,OPP-000406,4813,4,3,Centro-Oeste,SMB,Indústria,2024-06-08,2024-07-10,2024-07-12,Won,16053.25,34
407,OPP-000407,4842,10,2,Nordeste,Enterprise,Varejo,2024-05-14,2024-07-15,2024-07-18,Won,204000.6,65
408,OPP-000408,4844,5,2,Sudeste,Enterprise,Indústria,2024-06-14,2024-07-10,2024-07-10,Won,80314.5,26
409,OPP-000409,4871,11,2,Sul,Enterprise,Indústria,2024-06-15,2024-08-27,2024-08-21,Won,102743.24,67
410,OPP-000410,4873,7,3,Sudeste,Enterprise,Saúde,2024-06-06,2024-08-02,2024-08-04,Lost,30686.59,59
411,OPP-000411,4883,7,3,Sudeste,Enterprise,Serviços,2024-05-18,2024-06-14,2024-07-01,Won,174741.74,44
412,OPP-000412,4886,10,5,Sul,Enterprise,Varejo,2024-06-03,2024-07-04,2024-07-17,Won,111675.26,44
413,OPP-000413,4898,6,3,Sudeste,Mid-Market,Serviços,2024-06-16,2024-07-29,,Open,67785.33,563
414,OPP-000414,4914,10,6,Centro-Oeste,SMB,Indústria,2024-06-10,2024-08-10,2024-08-09,Lost,9647.59,60
415,OPP-000415,4953,6,1,Sudeste,Mid-Market,Indústria,2024-05-16,2024-06-25,2024-06-29,Won,36210.13,44
416,OPP-000416,4960,5,4,Sul,Mid-Market,Tecnologia,2024-05-25,2024-06-30,2024-06-24,Won,30549.7,30
417,OPP-000417,4970,3,3,Sudeste,SMB,Indústria,2024-06-23,2024-07-31,2024-07-21,Won,5617.58,28
418,OPP-000418,4986,9,2,Sul,Enterprise,Varejo,2024-06-06,2024-08-10,2024-08-04,Lost,91138.31,59
419,OPP-000419,5056,5,2,Sudeste,SMB,Varejo,2024-05-22,2024-07-29,2024-07-18,Won,6236.99,57
420,OPP-000420,5063,2,2,Centro-Oeste,SMB,Indústria,2024-05-18,2024-06-11,2024-06-05,Won,6936.44,18
421,OPP-000421,5076,9,1,Sudeste,Enterprise,Varejo,2024-06-10,2024-07-09,2024-07-07,Won,72410.71,27
422,OPP-000422,5078,6,1,Centro-Oeste,SMB,Varejo,2024-06-19,2024-08-17,2024-08-08,Won,11101.93,50
423,OPP-000423,5081,10,1,Sudeste,SMB,Varejo,2024-06-02,2024-08-04,2024-07-23,Won,11691.48,51
424,OPP-000424,5088,10,2,Sudeste,Mid-Market,Indústria,2024-06-06,2024-07-06,2024-07-24,Lost,25929.89,48
425,OPP-000425,5089,9,6,Sul,Mid-Market,Saúde,2024-05-15,2024-06-27,2024-06-18,Won,31075.6,34
426,OPP-000426,5103,7,1,Nordeste,Mid-Market,Indústria,2024-06-27,2024-07-30,2024-07-03,Lost,22270.44,6
427,OPP-000427,5112,6,3,Sudeste,SMB,Educação,2024-06-08,2024-07-20,2024-08-09,Won,8323.23,62
428,OPP-000428,5113,1,4,Sul,SMB,Indústria,2024-05-22,2024-08-02,2024-08-11,Lost,7884.69,81
429,OPP-000429,5134,8,3,Sul,Mid-Market,Serviços,2024-06-03,2024-08-15,,Open,34083.7,576
430,OPP-000430,5140,9,5,Centro-Oeste,Mid-Market,Serviços,2024-06-20,2024-08-26,2024-08-21,Won,42135.15,62
431,OPP-000431,5160,12,2,Sul,Mid-Market,Tecnologia,2024-06-03,2024-07-16,2024-07-14,Lost,19419.66,41
432,OPP-000432,5175,10,1,Centro-Oeste,SMB,Indústria,2024-06-16,2024-08-13,2024-08-03,Lost,10231.29,48
433,OPP-000433,5209,9,1,Nordeste,SMB,Serviços,2024-06-20,2024-08-12,2024-08-29,Won,6880.2,70
434,OPP-000434,5213,7,6,Sudeste,SMB,Varejo,2024-06-03,2024-08-02,2024-07-21,Won,9499.14,48
435,OPP-000435,5221,8,1,Sudeste,Mid-Market,Educação,2024-06-20,2024-08-25,2024-08-25,Lost,28867.49,66
436,OPP-000436,5225,1,3,Nordeste,Enterprise,Serviços,2024-05-20,2024-07-24,2024-07-20,Won,131832.64,61
437,OPP-000437,5226,10,2,Sul,SMB,Educação,2024-05-20,2024-08-02,2024-08-18,Won,8962.68,90
438,OPP-000438,5246,4,3,Sul,SMB,Tecnologia,2024-06-04,2024-07-03,2024-07-03,Lost,15061.01,29
439,OPP-000439,5265,9,2,Nordeste,Enterprise,Serviços,2024-06-24,2024-08-02,2024-08-01,Lost,121200.05,38
440,OPP-000440,5274,1,5,Nordeste,Enterprise,Saúde,2024-06-19,2024-08-16,2024-08-26,Lost,143299.7,68
441,OPP-000441,5316,3,2,Centro-Oeste,Mid-Market,Serviços,2024-05-30,2024-07-01,2024-06-01,Won,38266.59,5
442,OPP-000442,5328,3,6,Sul,Enterprise,Serviços,2024-06-08,2024-07-20,2024-07-21,Lost,54757.77,43
443,OPP-000443,5329,3,2,Sudeste,SMB,Varejo,2024-06-29,2024-08-10,2024-08-13,Won,8841.64,45
444,OPP-000444,5336,12,4,Sudeste,Mid-Market,Varejo,2024-06-27,2024-08-28,2024-08-30,Won,15175.82,64
445,OPP-000445,5346,8,1,Sul,Mid-Market,Tecnologia,2024-05-30,2024-07-05,,Open,17425.52,580
446,OPP-000446,5347,11,4,Sul,Mid-Market,Varejo,2024-06-17,2024-07-19,2024-07-09,Won,36211.45,22
447,OPP-000447,5357,2,3,Sudeste,Enterprise,Varejo,2024-06-30,2024-08-01,2024-07-22,Won,105741.84,22
448,OPP-000448,5362,6,1,Sul,SMB,Saúde,2024-06-17,2024-07-09,2024-07-19,Won,8024.61,32
449,OPP-000449,5367,5,2,Sudeste,Mid-Market,Tecnologia,2024-06-28,2024-09-08,2024-08-22,Won,14038.37,55
450,OPP-000450,5402,6,1,Sudeste,Enterprise,Tecnologia,2024-06-16,2024-07-19,2024-07-18,Won,112105.93,32
451,OPP-000451,5428,6,4,Sul,SMB,Serviços,2024-06-10,2024-07-25,2024-07-21,Lost,17834.88,41
452,OPP-000452,5461,8,3,Sul,SMB,Educação,2024-06-09,2024-08-08,2024-07-31,Won,7172.04,52
453,OPP-000453,5463,2,1,Sul,Enterprise,Tecnologia,2024-06-13,2024-08-05,2024-08-12,Won,114042.81,60
454,OPP-000454,5467,9,4,Nordeste,Enterprise,Saúde,2024-06-24,2024-08-04,2024-08-07,Lost,44931.6,44
455,OPP-000455,5483,5,2,Sul,SMB,Serviços,2024-05-19,2024-07-30,2024-08-04,Won,7092.91,77
456,OPP-000456,5500,7,2,Sul,Enterprise,Tecnologia,2024-06-04,2024-08-11,2024-08-04,Won,52347.09,61
457,OPP-000457,5504,10,3,Sudeste,Enterprise,Tecnologia,2024-06-21,2024-07-26,2024-07-12,Won,101913.37,21
458,OPP-000458,5509,11,4,Sudeste,Enterprise,Serviços,2024-05-16,2024-06-07,2024-06-10,Lost,51014.55,25
459,OPP-000459,5517,3,1,Nordeste,SMB,Serviços,2024-06-11,2024-07-13,,Open,5634.08,568
460,OPP-000460,5528,2,1,Nordeste,Enterprise,Serviços,2024-07-08,2024-09-10,2024-09-27,Won,109337.44,81
461,OPP-000461,5530,9,4,Sul,Enterprise,Varejo,2024-06-14,2024-07-23,2024-08-10,Won,65656.61,57
462,OPP-000462,5552,11,1,Nordeste,Mid-Market,Indústria,2024-07-12,2024-09-23,2024-10-04,Won,39404.0,84
463,OPP-000463,5578,3,3,Sudeste,SMB,Varejo,2024-06-27,2024-07-22,2024-07-23,Lost,7519.03,26
464,OPP-000464,5580,12,4,Sudeste,Enterprise,Tecnologia,2024-06-06,2024-08-12,2024-08-24,Won,126425.31,79
465,OPP-000465,5610,9,4,Centro-Oeste,Mid-Market,Indústria,2024-06-12,2024-07-15,2024-06-21,Won,68616.53,9
466,OPP-000466,5615,11,3,Sul,SMB,Serviços,2024-05-29,2024-07-10,2024-07-25,Lost,5232.3,57
467,OPP-000467,5626,9,3,Sudeste,Enterprise,Serviços,2024-07-16,2024-09-17,2024-10-06,Won,97137.97,82
468,OPP-000468,5633,2,2,Sudeste,SMB,Tecnologia,2024-06-27,2024-08-23,2024-08-31,Won,21002.41,65
469,OPP-000469,5635,12,1,Sudeste,Enterprise,Varejo,2024-07-17,2024-08-24,2024-08-19,Won,191395.26,33
470,OPP-000470,5636,9,3,Sudeste,Mid-Market,Saúde,2024-06-15,2024-08-12,,Open,51396.37,564
471,OPP-000471,5638,5,4,Sul,Mid-Market,Indústria,2024-06-13,2024-07-06,,Open,41870.03,566
472,OPP-000472,5657,2,6,Sudeste,Mid-Market,Educação,2024-07-02,2024-08-17,,Open,26505.83,547
473,OPP-000473,5668,8,5,Sul,Mid-Market,Saúde,2024-06-23,2024-08-27,2024-08-19,Won,31751.25,57
474,OPP-000474,5676,4,6,Nordeste,Mid-Market,Educação,2024-07-06,2024-08-09,2024-07-27,Won,24365.91,21
475,OPP-000475,5677,6,1,Nordeste,Enterprise,Educação,2024-07-04,2024-08-04,2024-08-01,Won,77811.21,28
476,OPP-000476,5678,8,3,Sudeste,SMB,Varejo,2024-07-05,2024-07-29,2024-08-17,Won,6429.41,43
477,OPP-000477,5682,3,2,Sudeste,Mid-Market,Tecnologia,2024-07-04,2024-07-25,2024-07-09,Won,45206.51,5
478,OPP-000478,5690,11,5,Centro-Oeste,SMB,Serviços,2024-06-27,2024-07-24,2024-08-30,Lost,26970.06,64
479,OPP-000479,5699,10,5,Sul,Enterprise,Serviços,2024-06-07,2024-07-26,2024-07-11,Lost,156315.31,34
480,OPP-000480,5705,12,3,Sudeste,Enterprise,Indústria,2024-06-22,2024-08-11,2024-08-10,Won,50947.71,49
481,OPP-000481,5724,11,5,Nordeste,Mid-Market,Tecnologia,2024-06-14,2024-07-09,2024-07-05,Won,32787.29,21
482,OPP-000482,5727,9,3,Sul,Mid-Market,Indústria,2024-06-14,2024-07-28,2024-08-07,Won,59066.59,54
483,OPP-000483,5749,9,6,Sudeste,Mid-Market,Serviços,2024-06-17,2024-08-25,2024-08-12,Lost,13820.7,56
484,OPP-000484,5755,11,1,Sul,Enterprise,Tecnologia,2024-06-26,2024-07-30,2024-08-13,Won,53606.87,48
485,OPP-000485,5782,8,6,Nordeste,Mid-Market,Varejo,2024-06-29,2024-07-29,2024-07-24,Won,36818.14,25
486,OPP-000486,5815,9,3,Sudeste,SMB,Tecnologia,2024-07-12,2024-09-18,2024-10-02,Won,8062.4,82
487,OPP-000487,5827,12,3,Sudeste,Mid-Market,Serviços,2024-06-18,2024-08-31,2024-08-27,Won,88430.0,70
488,OPP-000488,5830,5,4,Sudeste,Enterprise,Varejo,2024-06-14,2024-07-04,2024-07-16,Won,82076.12,32
489,OPP-000489,5840,1,1,Sudeste,SMB,Indústria,2024-07-14,2024-08-10,2024-07-23,Won,11507.9,9
490,OPP-000490,5849,2,1,Centro-Oeste,Enterprise,Indústria,2024-06-03,2024-07-25,2024-07-25,Lost,36230.16,52
491,OPP-000491,5868,12,4,Sul,Mid-Market,Saúde,2024-06-21,2024-07-21,2024-07-25,Won,27811.76,34
492,OPP-000492,5877,1,3,Sul,SMB,Serviços,2024-06-24,2024-08-07,2024-08-14,Won,11090.92,51
493,OPP-000493,5878,6,1,Sul,SMB,Serviços,2024-06-17,2024-08-04,2024-07-29,Won,9237.09,42
494,OPP-000494,5897,1,1,Sudeste,Mid-Market,Indústria,2024-07-22,2024-09-09,2024-09-10,Lost,37425.88,50
495,OPP-000495,5899,11,3,Sul,Enterprise,Serviços,2024-06-22,2024-08-26,2024-09-18,Lost,126151.26,88
496,OPP-000496,5906,8,5,Sudeste,SMB,Educação,2024-06-16,2024-08-14,2024-08-13,Lost,17145.38,58
497,OPP-000497,5907,6,3,Nordeste,SMB,Serviços,2024-06-15,2024-07-30,,Open,11769.62,564
498,OPP-000498,5939,2,3,Sudeste,SMB,Varejo,2024-06-07,2024-08-03,2024-07-29,Won,12325.96,52
499,OPP-000499,5948,4,3,Nordeste,Enterprise,Indústria,2024-07-01,2024-08-30,,Open,57424.08,548
500,OPP-000500,5952,9,3,Centro-Oeste,Mid-Market,Tecnologia,2024-07-12,2024-08-18,2024-08-19,Won,34508.2,38
501,OPP-000501,5956,12,3,Nordeste,SMB,Varejo,2024-07-15,2024-09-25,2024-09-22,Lost,36065.4,69
502,OPP-000502,6033,1,1,Nordeste,Mid-Market,Saúde,2024-06-13,2024-08-11,2024-08-09,Lost,14460.69,57
503,OPP-000503,6055,8,1,Nordeste,Mid-Market,Varejo,2024-06-24,2024-08-13,2024-09-07,Lost,28969.55,75
504,OPP-000504,6059,8,4,Centro-Oeste,Mid-Market,Indústria,2024-07-02,2024-08-14,2024-08-21,Won,17288.01,50
505,OPP-000505,6066,7,5,Sudeste,Mid-Market,Serviços,2024-06-26,2024-08-13,2024-09-14,Won,76690.95,80
506,OPP-000506,6071,5,6,Sudeste,Mid-Market,Tecnologia,2024-07-10,2024-09-12,2024-08-28,Lost,36328.24,49
507,OPP-000507,6074,10,1,Centro-Oeste,Mid-Market,Varejo,2024-07-25,2024-09-11,2024-09-01,Lost,25243.45,38
508,OPP-000508,6080,7,5,Sudeste,SMB,Saúde,2024-06-30,2024-09-05,2024-08-19,Lost,6378.0,50
509,OPP-000509,6094,12,3,Sudeste,Enterprise,Varejo,2024-07-16,2024-09-17,2024-09-06,Won,99153.37,52
510,OPP-000510,6097,3,1,Centro-Oeste,SMB,Serviços,2024-06-29,2024-08-23,2024-08-16,Won,8845.66,48
511,OPP-000511,6099,6,3,Sudeste,SMB,Varejo,2024-07-02,2024-07-26,,Open,6755.98,547
512,OPP-000512,6100,11,1,Sul,SMB,Tecnologia,2024-07-05,2024-08-03,2024-08-04,Won,6881.71,30
513,OPP-000513,6113,7,2,Nordeste,SMB,Varejo,2024-06-07,2024-06-27,2024-06-30,Won,9216.25,23
514,OPP-000514,6138,3,1,Sudeste,Enterprise,Varejo,2024-06-24,2024-07-29,2024-07-23,Won,128182.33,29
515,OPP-000515,6147,9,4,Sudeste,SMB,Saúde,2024-06-29,2024-07-28,2024-07-08,Won,19253.43,9
516,OPP-000516,6156,2,1,Sudeste,Enterprise,Serviços,2024-07-05,2024-07-26,2024-08-03,Won,232917.42,29
517,OPP-000517,6161,11,3,Sudeste,Enterprise,Serviços,2024-06-23,2024-07-19,2024-08-08,Won,188192.03,46
518,OPP-000518,6183,2,4,Sul,Mid-Market,Varejo,2024-07-17,2024-08-16,2024-08-18,Lost,37437.94,32
519,OPP-000519,6218,7,3,Centro-Oeste,SMB,Tecnologia,2024-07-07,2024-09-16,2024-09-20,Won,9682.37,75
520,OPP-000520,6222,4,1,Sul,Mid-Market,Serviços,2024-07-14,2024-09-23,2024-09-02,Won,28113.01,50
521,OPP-000521,6240,6,3,Nordeste,SMB,Serviços,2024-07-15,2024-08-29,2024-09-15,Won,13168.79,62
522,OPP-000522,6244,11,4,Sudeste,Mid-Market,Educação,2024-07-14,2024-08-18,2024-08-30,Lost,26118.86,47
523,OPP-000523,6251,12,5,Sul,SMB,Indústria,2024-06-26,2024-07-25,2024-07-29,Won,12685.58,33
524,OPP-000524,6254,1,2,Sul,Mid-Market,Educação,2024-07-03,2024-09-11,2024-09-12,Won,50819.66,71
525,OPP-000525,6255,10,6,Sul,Enterprise,Tecnologia,2024-06-23,2024-08-28,2024-08-19,Won,44984.49,57
526,OPP-000526,6261,9,5,Nordeste,SMB,Serviços,2024-07-17,2024-09-02,2024-09-05,Lost,8549.37,50
527,OPP-000527,6278,4,3,Sudeste,SMB,Varejo,2024-06-20,2024-08-26,2024-08-15,Won,10236.77,56
528,OPP-000528,6293,12,6,Sudeste,Enterprise,Tecnologia,2024-07-11,2024-08-03,2024-07-19,Won,141463.21,8
529,OPP-000529,6295,3,1,Nordeste,SMB,Tecnologia,2024-07-03,2024-08-25,2024-08-11,Lost,7082.38,39
530,OPP-000530,6298,6,3,Centro-Oeste,Mid-Market,Serviços,2024-07-12,2024-09-04,2024-09-04,Lost,26502.85,54
531,OPP-000531,6335,11,4,Sul,SMB,Tecnologia,2024-06-20,2024-07-14,2024-07-14,Won,26694.42,24
532,OPP-000532,6359,9,3,Sudeste,Mid-Market,Serviços,2024-06-15,2024-08-22,2024-08-31,Won,45442.14,77
533,OPP-000533,6377,8,2,Nordeste,SMB,Serviços,2024-07-03,2024-08-23,,Open,12439.12,546
534,OPP-000534,6388,6,1,Sul,SMB,Educação,2024-07-08,2024-09-17,2024-10-03,Won,15668.36,87
535,OPP-000535,6397,2,4,Centro-Oeste,SMB,Indústria,2024-07-08,2024-08-03,,Open,5239.81,541
536,OPP-000536,6404,6,3,Nordeste,Mid-Market,Tecnologia,2024-06-26,2024-07-20,2024-07-27,Lost,17069.96,31
537,OPP-000537,6408,1,1,Sudeste,Mid-Market,Serviços,2024-06-12,2024-07-30,2024-08-01,Won,37768.16,50
538,OPP-000538,6411,4,1,Sul,Enterprise,Educação,2024-07-06,2024-09-11,2024-09-20,Won,66697.81,76
539,OPP-000539,6414,3,6,Centro-Oeste,Mid-Market,Educação,2024-07-15,2024-08-26,2024-08-26,Lost,30254.66,42
540,OPP-000540,6428,3,2,Sudeste,Mid-Market,Tecnologia,2024-07-05,2024-09-01,2024-08-25,Won,18103.9,51
541,OPP-000541,6433,8,1,Sudeste,SMB,Indústria,2024-06-25,2024-07-18,2024-07-26,Won,4497.68,31
542,OPP-000542,6453,5,3,Sudeste,Enterprise,Varejo,2024-08-06,2024-10-03,2024-09-14,Lost,104437.3,39
543,OPP-000543,6464,7,2,Nordeste,Enterprise,Serviços,2024-07-18,2024-08-21,2024-08-26,Lost,175571.76,39
544,OPP-000544,6480,1,2,Sudeste,Enterprise,Serviços,2024-07-16,2024-08-27,2024-08-19,Won,82696.88,34
545,OPP-000545,6484,1,4,Nordeste,Enterprise,Varejo,2024-08-05,2024-09-23,2024-10-04,Lost,73190.47,60
546,OPP-000546,6499,6,2,Nordeste,SMB,Serviços,2024-07-07,2024-08-19,2024-08-29,Lost,9466.01,53
547,OPP-000547,6505,6,4,Nordeste,Mid-Market,Varejo,2024-06-20,2024-07-27,2024-07-26,Won,35524.99,36
548,OPP-000548,6513,7,1,Nordeste,Enterprise,Varejo,2024-07-11,2024-09-07,2024-09-06,Won,41051.02,57
549,OPP-000549,6527,12,2,Sudeste,SMB,Indústria,2024-07-05,2024-08-13,,Open,15676.33,544
550,OPP-000550,6556,2,2,Sudeste,Enterprise,Indústria,2024-07-10,2024-09-13,2024-09-23,Won,195140.67,75
551,OPP-000551,6563,8,1,Nordeste,Mid-Market,Indústria,2024-06-26,2024-07-29,2024-07-27,Lost,55430.24,31
552,OPP-000552,6575,6,2,Sudeste,Mid-Market,Serviços,2024-06-14,2024-08-13,2024-08-03,Won,22395.75,50
553,OPP-000553,6580,4,6,Sudeste,SMB,Indústria,2024-06-28,2024-08-31,2024-09-10,Lost,14101.58,74
554,OPP-000554,6583,6,4,Nordeste,Enterprise,Varejo,2024-06-23,2024-07-25,2024-08-21,Won,124578.31,59
555,OPP-000555,6591,10,2,Sudeste,SMB,Educação,2024-07-17,2024-09-09,2024-09-23,Lost,5644.19,68
556,OPP-000556,6599,5,1,Sudeste,Mid-Market,Indústria,2024-07-17,2024-08-15,2024-08-05,Lost,24818.21,19
557,OPP-000557,6607,2,5,Nordeste,Mid-Market,Indústria,2024-07-14,2024-09-21,,Open,30005.09,535
558,OPP-000558,6636,1,2,Sul,Enterprise,Varejo,2024-06-25,2024-08-26,2024-09-07,Lost,71737.56,74
559,OPP-000559,6689,11,3,Sudeste,Mid-Market,Indústria,2024-07-26,2024-08-15,2024-08-09,Won,52571.26,14
560,OPP-000560,6696,7,2,Nordeste,Mid-Market,Educação,2024-06-27,2024-07-25,2024-07-24,Won,51673.13,27
561,OPP-000561,6701,12,1,Nordeste,Enterprise,Educação,2024-06-26,2024-08-07,2024-07-29,Won,345544.09,33
562,OPP-000562,6704,9,1,Sudeste,SMB,Saúde,2024-06-30,2024-08-27,,Open,4679.21,549
563,OPP-000563,6707,3,1,Sudeste,SMB,Educação,2024-06-24,2024-08-15,2024-08-07,Won,14874.66,44
564,OPP-000564,6714,11,3,Centro-Oeste,Mid-Market,Serviços,2024-07-20,2024-08-10,,Open,36719.15,529
565,OPP-000565,6716,7,5,Sudeste,SMB,Varejo,2024-07-10,2024-08-15,2024-08-11,Lost,7869.21,32
566,OPP-000566,6718,12,5,Sudeste,Mid-Market,Indústria,2024-07-03,2024-08-09,2024-07-24,Won,75176.53,21
567,OPP-000567,6727,9,1,Nordeste,Enterprise,Serviços,2024-07-18,2024-09-17,2024-09-24,Won,90952.29,68
568,OPP-000568,6733,3,5,Nordeste,Mid-Market,Varejo,2024-07-02,2024-07-25,2024-08-04,Won,30124.76,33
569,OPP-000569,6734,5,4,Sul,SMB,Tecnologia,2024-07-11,2024-09-10,2024-09-17,Lost,5285.9,68
570,OPP-000570,6737,2,1,Sul,Mid-Market,Tecnologia,2024-06-30,2024-09-08,2024-09-13,Won,30314.46,75
571,OPP-000571,6755,7,2,Centro-Oeste,Mid-Market,Serviços,2024-07-15,2024-09-02,2024-09-11,Won,19098.41,58
572,OPP-000572,6768,10,3,Sudeste,Mid-Market,Tecnologia,2024-08-06,2024-10-01,2024-10-08,Lost,26487.49,63
573,OPP-000573,6770,8,2,Sudeste,Mid-Market,Tecnologia,2024-07-07,2024-09-15,2024-10-08,Won,27639.41,93
574,OPP-000574,6775,1,3,Sudeste,SMB,Saúde,2024-07-06,2024-08-21,2024-08-26,Lost,10386.57,51
575,OPP-000575,6786,3,3,Centro-Oeste,SMB,Saúde,2024-08-03,2024-09-22,2024-09-25,Won,10269.27,53
576,OPP-000576,6795,11,3,Sudeste,Mid-Market,Serviços,2024-07-10,2024-09-19,2024-09-04,Lost,40401.2,56
577,OPP-000577,6803,8,3,Sudeste,SMB,Varejo,2024-07-16,2024-08-10,2024-08-14,Lost,5886.69,29
578,OPP-000578,6805,10,5,Sudeste,SMB,Saúde,2024-07-22,2024-09-19,2024-09-16,Won,18180.33,56
579,OPP-000579,6814,2,1,Sul,Mid-Market,Serviços,2024-07-17,2024-08-25,2024-08-08,Lost,32093.33,22
580,OPP-000580,6823,7,3,Sudeste,Mid-Market,Saúde,2024-07-07,2024-07-31,2024-08-01,Won,53396.14,25
581,OPP-000581,6824,3,1,Sudeste,SMB,Serviços,2024-07-17,2024-08-23,2024-09-07,Won,10395.8,52
582,OPP-000582,6833,12,2,Centro-Oeste,Enterprise,Indústria,2024-07-11,2024-08-07,2024-08-31,Lost,86247.86,51
583,OPP-000583,6840,1,5,Sudeste,Mid-Market,Varejo,2024-07-06,2024-09-08,2024-08-28,Lost,31464.09,53
584,OPP-000584,6847,5,1,Sul,Mid-Market,Serviços,2024-06-26,2024-07-18,2024-08-03,Lost,22330.83,38
585,OPP-000585,6858,9,2,Sudeste,Mid-Market,Tecnologia,2024-07-12,2024-09-21,2024-09-25,Lost,28368.2,75
586,OPP-000586,6867,3,3,Nordeste,SMB,Varejo,2024-07-31,2024-10-11,2024-10-07,Lost,8792.18,68
587,OPP-000587,6871,1,3,Sudeste,Enterprise,Educação,2024-07-23,2024-08-19,2024-08-21,Won,128878.2,29
588,OPP-000588,6873,8,2,Sudeste,Mid-Market,Varejo,2024-07-20,2024-09-26,,Open,44632.71,529
589,OPP-000589,6925,7,2,Nordeste,Mid-Market,Serviços,2024-07-20,2024-08-10,2024-08-23,Won,20627.18,34
590,OPP-000590,6926,6,1,Nordeste,Enterprise,Varejo,2024-07-20,2024-09-15,2024-10-02,Lost,52714.63,74
591,OPP-000591,6936,5,4,Centro-Oeste,Enterprise,Indústria,2024-07-21,2024-09-23,,Open,80569.57,528
592,OPP-000592,6957,1,2,Sul,Enterprise,Tecnologia,2024-07-20,2024-09-09,2024-09-23,Won,92414.15,65
593,OPP-000593,6969,7,3,Nordeste,SMB,Saúde,2024-07-08,2024-08-10,2024-07-28,Won,12006.05,20
594,OPP-000594,6972,9,2,Sul,SMB,Varejo,2024-08-01,2024-09-26,2024-10-04,Lost,4779.33,64
595,OPP-000595,6976,6,1,Sul,Enterprise,Saúde,2024-07-21,2024-09-13,2024-09-04,Won,108459.98,45
596,OPP-000596,6998,7,2,Centro-Oeste,SMB,Tecnologia,2024-07-06,2024-07-28,,Open,15172.37,543
597,OPP-000597,7027,9,3,Sudeste,SMB,Saúde,2024-07-24,2024-09-08,2024-09-14,Lost,24761.89,52
598,OPP-000598,7038,6,4,Sul,SMB,Saúde,2024-08-05,2024-08-29,2024-08-28,Won,10624.21,23
599,OPP-000599,7045,4,6,Sudeste,Enterprise,Saúde,2024-07-17,2024-09-22,2024-09-15,Won,99461.55,60
600,OPP-000600,7071,9,3,Sudeste,Mid-Market,Tecnologia,2024-07-15,2024-09-12,2024-09-15,Won,25909.54,62
601,OPP-000601,7076,12,3,Sudeste,Mid-Market,Serviços,2024-07-09,2024-09-18,2024-09-12,Lost,34450.37,65
602,OPP-000602,7096,2,2,Sul,SMB,Tecnologia,2024-07-21,2024-08-17,2024-08-22,Lost,8031.75,32
603,OPP-000603,7103,9,3,Sul,Mid-Market,Educação,2024-07-15,2024-08-19,2024-08-18,Won,37724.5,34
604,OPP-000604,7113,5,3,Sudeste,SMB,Tecnologia,2024-07-11,2024-08-07,2024-09-04,Lost,8523.73,55
605,OPP-000605,7121,10,2,Nordeste,SMB,Tecnologia,2024-08-05,2024-09-16,2024-09-12,Won,11155.3,38
606,OPP-000606,7124,9,5,Sul,Mid-Market,Indústria,2024-08-17,2024-10-08,2024-10-30,Won,23413.93,74
607,OPP-000607,7146,5,4,Sudeste,SMB,Varejo,2024-07-04,2024-08-17,2024-08-13,Won,8386.11,40
608,OPP-000608,7156,8,4,Nordeste,Mid-Market,Educação,2024-06-28,2024-08-22,2024-08-17,Won,16711.97,50
609,OPP-000609,7162,2,2,Sul,Enterprise,Serviços,2024-07-19,2024-09-06,2024-09-05,Lost,79540.47,48
610,OPP-000610,7177,2,1,Sul,Enterprise,Serviços,2024-08-15,2024-10-07,2024-10-13,Won,114965.9,59
611,OPP-000611,7199,11,4,Nordeste,Mid-Market,Saúde,2024-08-24,2024-09-19,2024-08-28,Lost,31246.01,5
612,OPP-000612,7200,11,3,Centro-Oeste,SMB,Indústria,2024-08-12,2024-10-12,2024-10-14,Won,11625.35,63
613,OPP-000613,7213,9,3,Sudeste,Mid-Market,Varejo,2024-07-12,2024-08-30,2024-09-14,Won,55646.97,64
614,OPP-000614,7237,3,2,Nordeste,Mid-Market,Varejo,2024-08-16,2024-09-10,2024-09-05,Won,32883.98,20
615,OPP-000615,7246,8,6,Sudeste,Mid-Market,Varejo,2024-08-01,2024-09-19,2024-09-28,Lost,57940.94,58
616,OPP-000616,7250,4,3,Sudeste,SMB,Saúde,2024-07-27,2024-10-03,2024-10-05,Won,8282.37,70
617,OPP-000617,7260,4,1,Nordeste,Enterprise,Varejo,2024-07-24,2024-09-04,2024-08-17,Won,58494.96,24
618,OPP-000618,7274,10,1,Sudeste,SMB,Tecnologia,2024-08-09,2024-09-06,2024-09-23,Lost,7551.66,45
619,OPP-000619,7282,12,1,Sudeste,Mid-Market,Varejo,2024-07-24,2024-10-05,2024-10-01,Lost,16989.4,69
620,OPP-000620,7288,12,1,Sudeste,Enterprise,Tecnologia,2024-07-22,2024-09-04,2024-08-19,Lost,68323.73,28
621,OPP-000621,7289,11,3,Sudeste,SMB,Varejo,2024-08-02,2024-08-25,2024-08-04,Won,5290.34,5
622,OPP-000622,7293,7,5,Centro-Oeste,Mid-Market,Indústria,2024-08-12,2024-09-18,2024-09-13,Won,35580.87,32
623,OPP-000623,7309,8,1,Sudeste,Mid-Market,Serviços,2024-08-23,2024-09-26,2024-09-29,Lost,32341.54,37
624,OPP-000624,7320,11,2,Sudeste,Mid-Market,Indústria,2024-08-13,2024-09-17,2024-08-24,Lost,29050.29,11
625,OPP-000625,7344,5,1,Sul,Mid-Market,Varejo,2024-07-28,2024-09-14,2024-09-27,Won,19968.9,61
626,OPP-000626,7359,2,2,Sul,SMB,Varejo,2024-07-16,2024-08-31,2024-08-29,Lost,14619.18,44
627,OPP-000627,7369,7,6,Sudeste,SMB,Varejo,2024-07-14,2024-09-02,2024-09-20,Lost,11088.98,68
628,OPP-000628,7411,10,4,Sudeste,SMB,Varejo,2024-07-05,2024-08-30,2024-09-04,Won,6908.43,61
629,OPP-000629,7421,6,1,Sudeste,Enterprise,Indústria,2024-08-05,2024-10-16,2024-10-24,Won,70995.99,80
630,OPP-000630,7428,12,1,Sudeste,Enterprise,Indústria,2024-07-28,2024-08-26,2024-08-28,Won,118184.91,31
631,OPP-000631,7432,3,3,Nordeste,Mid-Market,Saúde,2024-08-13,2024-10-12,2024-11-14,Won,42613.4,93
632,OPP-000632,7449,12,3,Sudeste,Enterprise,Indústria,2024-08-28,2024-11-03,2024-10-25,Lost,62793.58,58
633,OPP-000633,7454,7,3,Centro-Oeste,Mid-Market,Serviços,2024-07-19,2024-09-01,,Open,42631.08,530
634,OPP-000634,7457,11,4,Sul,Enterprise,Educação,2024-07-14,2024-08-30,2024-09-02,Won,96249.89,50
635,OPP-000635,7465,3,6,Sudeste,Mid-Market,Varejo,2024-08-01,2024-10-13,2024-10-03,Won,38626.67,63
636,OPP-000636,7469,1,4,Sul,SMB,Varejo,2024-08-01,2024-08-21,2024-08-31,Won,6601.7,30
637,OPP-000637,7472,3,4,Sudeste,Enterprise,Varejo,2024-07-31,2024-10-02,2024-10-22,Lost,95283.05,83
638,OPP-000638,7494,9,1,Sudeste,Enterprise,Educação,2024-08-03,2024-10-13,2024-10-20,Lost,118678.14,78
639,OPP-000639,7505,8,3,Sudeste,Mid-Market,Varejo,2024-08-05,2024-09-21,2024-09-24,Won,30151.67,50
640,OPP-000640,7507,4,6,Sudeste,SMB,Varejo,2024-07-26,2024-08-30,2024-08-22,Lost,10715.24,27
641,OPP-000641,7537,5,3,Nordeste,Mid-Market,Indústria,2024-07-02,2024-09-03,2024-08-28,Won,23275.19,57
642,OPP-000642,7545,6,3,Centro-Oeste,SMB,Educação,2024-08-08,2024-10-03,2024-10-11,Won,18014.13,64
643,OPP-000643,7583,11,1,Sul,Mid-Market,Varejo,2024-07-28,2024-10-05,2024-11-11,Won,38872.89,106
644,OPP-000644,7585,5,3,Sul,Enterprise,Tecnologia,2024-07-27,2024-09-29,2024-10-03,Lost,96852.77,68
645,OPP-000645,7588,12,6,Sudeste,Mid-Market,Tecnologia,2024-07-27,2024-09-08,2024-08-17,Won,31109.78,21
646,OPP-000646,7592,2,6,Sudeste,SMB,Varejo,2024-07-16,2024-08-22,2024-08-08,Won,6831.78,23
647,OPP-000647,7615,6,2,Sul,SMB,Varejo,2024-07-31,2024-09-09,2024-09-09,Won,6301.72,40
648,OPP-000648,7617,4,2,Nordeste,Mid-Market,Varejo,2024-08-07,2024-09-27,2024-10-12,Lost,34180.09,66
649,OPP-000649,7636,5,1,Sul,SMB,Serviços,2024-07-28,2024-09-17,2024-09-07,Won,11813.23,41
650,OPP-000650,7637,11,3,Nordeste,Enterprise,Indústria,2024-08-10,2024-09-28,2024-09-28,Won,115375.53,49
651,OPP-000651,7639,9,3,Sul,Mid-Market,Serviços,2024-08-05,2024-09-02,2024-09-14,Won,45256.91,40
652,OPP-000652,7641,11,1,Sudeste,SMB,Serviços,2024-08-05,2024-09-13,2024-09-30,Won,5929.03,56
653,OPP-000653,7650,7,4,Sul,Mid-Market,Serviços,2024-08-22,2024-09-24,2024-09-15,Won,33484.91,24
654,OPP-000654,7658,2,4,Sudeste,Mid-Market,Serviços,2024-08-20,2024-10-29,2024-10-28,Won,57055.01,69
655,OPP-000655,7663,5,3,Sul,SMB,Varejo,2024-08-25,2024-09-17,2024-09-12,Won,6700.05,18
656,OPP-000656,7671,1,6,Sudeste,Enterprise,Serviços,2024-08-07,2024-09-13,2024-09-27,Won,172872.97,51
657,OPP-000657,7675,3,3,Sudeste,SMB,Educação,2024-08-01,2024-08-22,2024-09-05,Won,9396.73,35
658,OPP-000658,7690,11,2,Sudeste,Enterprise,Varejo,2024-07-22,2024-09-25,2024-10-13,Lost,90721.15,83
659,OPP-000659,7723,6,1,Sul,SMB,Tecnologia,2024-08-19,2024-10-04,2024-09-22,Lost,7559.04,34
660,OPP-000660,7743,6,4,Nordeste,Mid-Market,Varejo,2024-08-23,2024-09-13,2024-09-26,Lost,28845.8,34
661,OPP-000661,7770,9,3,Sul,SMB,Saúde,2024-07-23,2024-08-15,2024-08-08,Won,16789.52,16
662,OPP-000662,7772,5,1,Centro-Oeste,Enterprise,Tecnologia,2024-07-14,2024-08-25,2024-08-27,Won,103121.14,44
663,OPP-000663,7786,8,6,Sudeste,Mid-Market,Tecnologia,2024-07-21,2024-09-28,2024-09-30,Won,31030.16,71
664,OPP-000664,7790,1,1,Sul,SMB,Serviços,2024-08-09,2024-09-06,2024-09-05,Won,12140.37,27
665,OPP-000665,7791,6,4,Sudeste,SMB,Indústria,2024-08-10,2024-09-08,2024-09-07,Won,15460.17,28
666,OPP-000666,7814,9,2,Sul,SMB,Educação,2024-07-30,2024-09-09,2024-08-26,Won,9522.57,27
667,OPP-000667,7822,7,3,Centro-Oeste,Mid-Market,Varejo,2024-09-02,2024-10-25,2024-10-10,Lost,32584.77,38
668,OPP-000668,7834,1,3,Sudeste,Enterprise,Saúde,2024-08-27,2024-10-12,,Open,248113.13,491
669,OPP-000669,7835,1,3,Sudeste,Mid-Market,Educação,2024-08-07,2024-10-18,2024-10-11,Lost,31455.83,65
670,OPP-000670,7845,4,1,Sudeste,SMB,Varejo,2024-08-01,2024-09-26,2024-10-02,Lost,24901.2,62
671,OPP-000671,7855,4,2,Nordeste,SMB,Varejo,2024-08-20,2024-09-14,2024-09-09,Won,10990.96,20
672,OPP-000672,7860,3,4,Sudeste,SMB,Varejo,2024-08-22,2024-09-16,2024-09-15,Won,7335.62,24
673,OPP-000673,7865,9,4,Sudeste,Mid-Market,Varejo,2024-08-14,2024-09-28,2024-10-06,Won,37331.22,53
674,OPP-000674,7879,9,6,Sudeste,Enterprise,Varejo,2024-09-06,2024-10-14,2024-10-20,Won,101850.51,44
675,OPP-000675,7888,1,1,Nordeste,Enterprise,Serviços,2024-08-26,2024-09-16,2024-09-29,Won,29295.76,34
676,OPP-000676,7892,5,6,Nordeste,Mid-Market,Serviços,2024-08-18,2024-10-14,2024-10-16,Lost,24577.69,59
677,OPP-000677,7895,9,2,Sudeste,Mid-Market,Tecnologia,2024-08-04,2024-08-29,2024-08-12,Lost,78129.38,8
678,OPP-000678,7896,1,3,Sul,Enterprise,Varejo,2024-08-14,2024-09-30,2024-09-25,Won,67841.27,42
679,OPP-000679,7905,3,6,Sul,SMB,Varejo,2024-08-14,2024-10-27,2024-10-30,Won,12041.64,77
680,OPP-000680,7934,1,1,Sudeste,SMB,Serviços,2024-08-24,2024-10-23,2024-10-14,Won,14489.03,51
681,OPP-000681,7942,7,2,Sudeste,SMB,Varejo,2024-08-06,2024-09-10,2024-09-13,Lost,21101.17,38
682,OPP-000682,7979,5,6,Sudeste,SMB,Varejo,2024-08-14,2024-09-23,2024-09-17,Lost,13568.39,34
683,OPP-000683,7988,6,6,Sudeste,Mid-Market,Saúde,2024-08-28,2024-10-12,,Open,36988.42,490
684,OPP-000684,7995,8,1,Sudeste,SMB,Serviços,2024-08-12,2024-10-01,2024-09-21,Won,7204.65,40
685,OPP-000685,8003,2,2,Sul,Mid-Market,Tecnologia,2024-08-11,2024-10-08,2024-10-11,Won,27316.41,61
686,OPP-000686,8013,7,3,Sudeste,SMB,Varejo,2024-08-08,2024-10-01,2024-09-29,Won,6075.24,52
687,OPP-000687,8039,3,1,Centro-Oeste,Enterprise,Indústria,2024-08-08,2024-10-04,2024-10-08,Won,35574.49,61
688,OPP-000688,8075,9,6,Nordeste,Mid-Market,Indústria,2024-09-02,2024-09-30,,Open,13960.7,485
689,OPP-000689,8079,10,6,Centro-Oeste,Enterprise,Varejo,2024-08-03,2024-09-27,2024-09-18,Won,48842.99,46
690,OPP-000690,8091,1,2,Centro-Oeste,Enterprise,Indústria,2024-08-30,2024-11-09,2024-11-23,Won,48360.55,85
691,OPP-000691,8099,2,3,Sudeste,SMB,Tecnologia,2024-09-10,2024-10-28,2024-11-25,Lost,9961.65,76
692,OPP-000692,8106,11,1,Centro-Oeste,Enterprise,Indústria,2024-08-11,2024-09-09,2024-09-08,Won,46647.1,28
693,OPP-000693,8108,7,5,Sudeste,Enterprise,Serviços,2024-08-22,2024-09-17,2024-09-03,Won,40839.34,12
694,OPP-000694,8118,11,2,Sudeste,SMB,Educação,2024-08-15,2024-09-21,2024-08-24,Lost,12183.03,9
695,OPP-000695,8120,9,4,Sudeste,SMB,Educação,2024-09-04,2024-10-15,,Open,12037.22,483
696,OPP-000696,8123,8,4,Sul,SMB,Varejo,2024-08-03,2024-08-31,2024-08-03,Lost,10160.98,5
697,OPP-000697,8146,10,3,Sul,SMB,Varejo,2024-09-13,2024-11-20,2024-11-17,Won,19367.31,65
698,OPP-000698,8147,11,2,Sul,Mid-Market,Serviços,2024-07-23,2024-08-16,2024-08-14,Won,41210.68,22
699,OPP-000699,8150,8,1,Sul,SMB,Varejo,2024-08-18,2024-10-24,2024-11-06,Won,11683.93,80
700,OPP-000700,8166,7,3,Centro-Oeste,SMB,Serviços,2024-08-24,2024-10-27,2024-11-10,Won,15239.6,78
701,OPP-000701,8173,6,3,Sul,SMB,Educação,2024-09-02,2024-10-05,2024-10-04,Lost,11549.31,32
702,OPP-000702,8187,10,2,Centro-Oeste,Mid-Market,Varejo,2024-08-30,2024-11-02,2024-11-23,Lost,29824.66,85
703,OPP-000703,8190,11,4,Sudeste,Mid-Market,Varejo,2024-08-20,2024-10-13,2024-10-13,Won,15584.39,54
704,OPP-000704,8207,2,2,Sudeste,Mid-Market,Saúde,2024-08-19,2024-10-07,2024-11-01,Won,26579.91,74
705,OPP-000705,8216,2,1,Sudeste,SMB,Saúde,2024-08-09,2024-09-07,2024-08-31,Won,12747.67,22
706,OPP-000706,8229,10,6,Sudeste,SMB,Varejo,2024-08-31,2024-09-20,2024-08-31,Won,6273.25,5
707,OPP-000707,8255,11,3,Sudeste,SMB,Serviços,2024-08-20,2024-11-01,2024-11-20,Won,6479.65,92
708,OPP-000708,8272,10,1,Sudeste,Enterprise,Tecnologia,2024-08-18,2024-09-16,2024-08-18,Won,189718.96,5
709,OPP-000709,8293,4,3,Nordeste,Enterprise,Indústria,2024-08-30,2024-11-04,2024-11-04,Lost,117797.53,66
710,OPP-000710,8299,10,1,Sul,Enterprise,Serviços,2024-08-25,2024-09-27,2024-10-22,Won,166569.21,58
711,OPP-000711,8300,3,2,Nordeste,Mid-Market,Varejo,2024-08-23,2024-10-26,2024-10-30,Lost,42448.42,68
712,OPP-000712,8308,6,3,Sul,Mid-Market,Educação,2024-09-01,2024-10-06,2024-10-05,Won,33753.09,34
713,OPP-000713,8317,1,6,Sudeste,SMB,Serviços,2024-08-06,2024-10-07,2024-10-29,Lost,6389.7,84
714,OPP-000714,8318,1,5,Sudeste,Enterprise,Serviços,2024-08-19,2024-10-29,2024-10-22,Won,98221.18,64
715,OPP-000715,8335,12,1,Sul,Mid-Market,Varejo,2024-08-07,2024-10-04,2024-10-07,Won,25772.09,61
716,OPP-000716,8340,5,4,Centro-Oeste,SMB,Indústria,2024-09-12,2024-11-21,2024-12-06,Won,6755.54,85
717,OPP-000717,8347,4,3,Sudeste,Mid-Market,Serviços,2024-08-01,2024-09-21,2024-09-05,Lost,80294.71,35
718,OPP-000718,8350,10,1,Centro-Oeste,Mid-Market,Varejo,2024-08-02,2024-08-26,2024-08-21,Won,49683.49,19
719,OPP-000719,8352,1,5,Nordeste,Enterprise,Varejo,2024-08-07,2024-10-02,2024-10-09,Won,50893.67,63
720,OPP-000720,8354,11,1,Sul,SMB,Varejo,2024-09-06,2024-11-14,2024-11-07,Won,7193.95,62
721,OPP-000721,8370,5,1,Sudeste,Mid-Market,Tecnologia,2024-09-17,2024-10-15,,Open,25159.25,470
722,OPP-000722,8380,6,2,Sudeste,Mid-Market,Serviços,2024-08-29,2024-11-02,2024-10-28,Won,34243.25,60
723,OPP-000723,8386,2,2,Sudeste,Enterprise,Educação,2024-09-10,2024-11-16,2024-11-13,Won,140815.25,64
724,OPP-000724,8396,9,3,Nordeste,Mid-Market,Saúde,2024-08-06,2024-10-18,2024-10-03,Lost,20974.4,58
725,OPP-000725,8410,10,3,Sudeste,SMB,Saúde,2024-08-28,2024-10-14,2024-10-21,Won,8313.07,54
726,OPP-000726,8411,9,3,Sul,Mid-Market,Educação,2024-08-11,2024-09-26,2024-09-04,Won,20468.47,24
727,OPP-000727,8447,6,2,Sul,Mid-Market,Tecnologia,2024-08-25,2024-10-19,2024-10-19,Won,24529.3,55
728,OPP-000728,8455,1,1,Sudeste,SMB,Saúde,2024-08-18,2024-10-18,2024-10-03,Won,14689.13,46
729,OPP-000729,8458,8,5,Centro-Oeste,Mid-Market,Indústria,2024-08-22,2024-09-21,2024-09-30,Won,30891.45,39
730,OPP-000730,8464,12,5,Sudeste,SMB,Serviços,2024-09-01,2024-10-07,2024-10-17,Won,11764.26,46
731,OPP-000731,8465,5,3,Centro-Oeste,Mid-Market,Varejo,2024-08-23,2024-09-18,2024-09-27,Won,19495.0,35
732,OPP-000732,8466,2,3,Sul,Mid-Market,Varejo,2024-09-20,2024-10-19,2024-10-17,Lost,55790.52,27
733,OPP-000733,8485,1,4,Sudeste,Mid-Market,Varejo,2024-08-19,2024-09-12,2024-09-26,Lost,16623.44,38
734,OPP-000734,8492,10,6,Sudeste,Mid-Market,Saúde,2024-08-09,2024-10-17,2024-10-19,Won,44457.75,71
735,OPP-000735,8514,2,6,Sudeste,Enterprise,Saúde,2024-09-13,2024-10-07,2024-11-15,Won,103277.23,63
736,OPP-000736,8521,9,3,Sudeste,Mid-Market,Indústria,2024-08-27,2024-10-03,2024-10-08,Won,29762.91,42
737,OPP-000737,8522,12,2,Nordeste,Enterprise,Varejo,2024-08-29,2024-11-11,2024-11-17,Won,132309.03,80
738,OPP-000738,8523,7,6,Centro-Oeste,Enterprise,Varejo,2024-08-19,2024-09-15,2024-09-15,Won,53484.11,27
739,OPP-000739,8526,12,5,Sudeste,Enterprise,Serviços,2024-08-13,2024-10-26,2024-10-27,Lost,89971.47,75
740,OPP-000740,8532,1,1,Centro-Oeste,Enterprise,Varejo,2024-08-24,2024-09-22,2024-09-07,Won,112930.04,14
741,OPP-000741,8533,9,1,Sudeste,SMB,Serviços,2024-09-01,2024-09-29,2024-10-07,Lost,7343.23,36
742,OPP-000742,8567,2,5,Sudeste,SMB,Varejo,2024-09-22,2024-11-11,2024-10-28,Won,19824.25,36
743,OPP-000743,8602,2,1,Sudeste,Enterprise,Varejo,2024-09-08,2024-10-06,2024-10-10,Won,93174.42,32
744,OPP-000744,8632,2,3,Centro-Oeste,Enterprise,Serviços,2024-08-25,2024-09-23,2024-10-07,Won,144581.29,43
745,OPP-000745,8634,1,3,Sul,Enterprise,Serviços,2024-08-26,2024-09-19,2024-09-14,Lost,88661.73,19
746,OPP-000746,8638,11,2,Sudeste,SMB,Varejo,2024-08-16,2024-10-29,2024-10-23,Won,11678.09,68
747,OPP-000747,8642,2,6,Nordeste,SMB,Educação,2024-08-23,2024-09-20,,Open,6620.3,495
748,OPP-000748,8650,12,3,Nordeste,SMB,Saúde,2024-08-09,2024-10-07,2024-10-04,Won,9421.72,56
749,OPP-000749,8652,10,6,Sudeste,SMB,Varejo,2024-09-02,2024-09-23,2024-09-23,Won,9236.26,21
750,OPP-000750,8663,1,6,Sul,SMB,Varejo,2024-09-02,2024-10-28,2024-11-08,Lost,8687.91,67
751,OPP-000751,8665,7,1,Sudeste,Mid-Market,Serviços,2024-09-12,2024-11-22,2024-11-02,Won,18669.18,51
752,OPP-000752,8697,4,1,Sudeste,Mid-Market,Educação,2024-09-15,2024-10-19,2024-10-25,Won,59062.89,40
753,OPP-000753,8698,1,2,Sudeste,Enterprise,Saúde,2024-08-07,2024-10-11,2024-11-07,Won,136581.29,92
754,OPP-000754,8725,7,3,Sudeste,SMB,Educação,2024-09-06,2024-10-27,2024-11-18,Won,15585.73,73
755,OPP-000755,8732,2,3,Sudeste,Mid-Market,Educação,2024-08-27,2024-09-23,,Open,39244.51,491
756,OPP-000756,8737,2,3,Sudeste,Mid-Market,Educação,2024-08-28,2024-09-28,2024-10-13,Lost,35318.09,46
757,OPP-000757,8744,2,4,Nordeste,Mid-Market,Saúde,2024-08-22,2024-09-16,2024-09-18,Won,17366.49,27
758,OPP-000758,8750,11,3,Sudeste,SMB,Varejo,2024-08-31,2024-09-28,2024-10-10,Won,5730.47,40
759,OPP-000759,8758,12,1,Nordeste,Mid-Market,Indústria,2024-08-29,2024-10-02,2024-10-06,Won,34914.68,38
760,OPP-000760,8768,10,6,Sul,SMB,Serviços,2024-09-21,2024-10-26,,Open,11174.22,466
761,OPP-000761,8774,7,4,Sudeste,SMB,Tecnologia,2024-09-09,2024-10-07,2024-09-26,Won,8417.61,17
762,OPP-000762,8775,3,3,Sudeste,Enterprise,Serviços,2024-09-17,2024-10-10,2024-10-24,Lost,102671.15,37
763,OPP-000763,8782,9,1,Sudeste,SMB,Tecnologia,2024-08-14,2024-09-20,2024-09-13,Lost,13398.96,30
764,OPP-000764,8785,10,4,Sul,Mid-Market,Saúde,2024-09-09,2024-10-28,2024-10-15,Won,16800.5,36
765,OPP-000765,8787,5,3,Centro-Oeste,Enterprise,Serviços,2024-08-11,2024-09-02,2024-09-12,Won,116799.86,32
766,OPP-000766,8794,2,4,Centro-Oeste,SMB,Varejo,2024-09-14,2024-10-19,2024-10-16,Won,6504.29,32
767,OPP-000767,8804,11,1,Centro-Oeste,Mid-Market,Varejo,2024-09-20,2024-11-17,2024-11-25,Won,23824.6,66
768,OPP-000768,8807,4,1,Nordeste,SMB,Serviços,2024-09-10,2024-10-02,2024-09-18,Won,9315.13,8
769,OPP-000769,8813,1,3,Sudeste,Mid-Market,Serviços,2024-08-30,2024-10-12,2024-11-05,Won,69751.95,67
770,OPP-000770,8814,9,6,Sul,Enterprise,Varejo,2024-09-18,2024-11-23,2024-11-20,Won,82890.05,63
771,OPP-000771,8817,9,5,Sudeste,SMB,Varejo,2024-09-24,2024-11-09,2024-11-22,Lost,19094.06,59
772,OPP-000772,8848,5,3,Centro-Oeste,Mid-Market,Varejo,2024-09-01,2024-09-22,,Open,22664.69,486
773,OPP-000773,8866,6,3,Sudeste,Enterprise,Tecnologia,2024-09-22,2024-10-25,2024-10-24,Won,282025.81,32
774,OPP-000774,8874,7,4,Nordeste,Mid-Market,Varejo,2024-09-02,2024-10-04,2024-09-28,Lost,21653.89,26
775,OPP-000775,8875,10,1,Sul,Enterprise,Tecnologia,2024-08-24,2024-10-01,2024-09-27,Won,86212.16,34
776,OPP-000776,8923,12,1,Sudeste,SMB,Tecnologia,2024-09-01,2024-10-11,2024-10-12,Won,14280.04,41
777,OPP-000777,8932,2,2,Sudeste,SMB,Varejo,2024-08-30,2024-11-08,,Open,8516.57,488
778,OPP-000778,8979,2,4,Nordeste,Enterprise,Saúde,2024-09-21,2024-11-14,2024-11-20,Won,54450.16,60
779,OPP-000779,8983,7,3,Nordeste,Enterprise,Serviços,2024-09-23,2024-10-13,2024-10-19,Lost,139032.85,26
780,OPP-000780,8995,10,2,Nordeste,Mid-Market,Serviços,2024-09-09,2024-10-27,,Open,29932.19,478
781,OPP-000781,8997,11,5,Sudeste,Enterprise,Saúde,2024-09-02,2024-10-27,2024-11-02,Won,76983.92,61
782,OPP-000782,9024,12,3,Sudeste,Mid-Market,Educação,2024-08-28,2024-10-23,2024-11-20,Won,53822.12,84
783,OPP-000783,9035,12,3,Sul,SMB,Serviços,2024-08-25,2024-09-24,2024-09-24,Won,7818.1,30
784,OPP-000784,9044,1,3,Sul,Mid-Market,Educação,2024-09-12,2024-11-18,2024-11-20,Won,18700.7,69
785,OPP-000785,9059,1,1,Nordeste,Mid-Market,Varejo,2024-09-05,2024-10-04,2024-09-27,Won,46206.25,22
786,OPP-000786,9065,10,1,Nordeste,SMB,Serviços,2024-09-06,2024-11-03,2024-11-19,Won,10439.86,74
787,OPP-000787,9073,8,3,Sudeste,Enterprise,Saúde,2024-09-10,2024-10-11,2024-10-03,Won,90684.53,23
788,OPP-000788,9084,4,1,Centro-Oeste,SMB,Indústria,2024-08-14,2024-09-22,2024-08-27,Won,4603.17,13
789,OPP-000789,9113,8,3,Sul,SMB,Saúde,2024-08-26,2024-09-24,2024-09-15,Lost,15882.88,20
790,OPP-000790,9147,1,1,Sul,SMB,Serviços,2024-09-13,2024-10-22,2024-10-22,Won,12023.96,39
791,OPP-000791,9151,8,2,Sudeste,SMB,Indústria,2024-09-13,2024-11-24,2024-11-21,Won,18659.12,69
792,OPP-000792,9154,12,6,Centro-Oeste,Mid-Market,Varejo,2024-09-17,2024-10-15,2024-10-04,Won,24089.17,17
793,OPP-000793,9159,8,1,Centro-Oeste,Enterprise,Tecnologia,2024-10-03,2024-11-24,,Open,40741.63,454
794,OPP-000794,9163,12,3,Sudeste,Mid-Market,Indústria,2024-09-23,2024-11-03,2024-10-21,Lost,36009.23,28
795,OPP-000795,9168,8,1,Sudeste,Mid-Market,Indústria,2024-09-08,2024-10-15,2024-09-25,Won,33376.83,17
796,OPP-000796,9191,10,3,Sudeste,SMB,Indústria,2024-09-02,2024-10-20,2024-10-28,Won,10987.77,56
797,OPP-000797,9193,9,3,Centro-Oeste,Enterprise,Varejo,2024-10-10,2024-11-12,2024-11-18,Lost,113465.41,39
798,OPP-000798,9232,11,4,Centro-Oeste,Mid-Market,Varejo,2024-08-24,2024-09-14,2024-09-23,Won,90070.6,30
799,OPP-000799,9249,12,3,Sudeste,Mid-Market,Varejo,2024-08-18,2024-10-02,,Open,36794.53,500
800,OPP-000800,9254,11,4,Sul,Enterprise,Serviços,2024-09-07,2024-11-14,2024-11-25,Won,145876.06,79
801,OPP-000801,9260,12,2,Nordeste,Enterprise,Varejo,2024-09-24,2024-11-30,2024-12-19,Won,173798.11,86
802,OPP-000802,9284,8,1,Sul,Mid-Market,Saúde,2024-09-29,2024-11-11,2024-11-23,Won,67965.53,55
803,OPP-000803,9320,5,1,Sudeste,Mid-Market,Indústria,2024-09-01,2024-10-01,,Open,42178.24,486
804,OPP-000804,9325,7,3,Sudeste,SMB,Tecnologia,2024-09-05,2024-10-16,2024-10-18,Won,5395.86,43
805,OPP-000805,9334,12,3,Sudeste,Mid-Market,Varejo,2024-08-27,2024-10-07,2024-10-29,Won,40229.45,63
806,OPP-000806,9336,1,5,Sudeste,SMB,Serviços,2024-09-07,2024-10-13,2024-09-24,Lost,10187.84,17
807,OPP-000807,9353,1,2,Sudeste,Mid-Market,Serviços,2024-09-07,2024-10-12,2024-11-02,Lost,51602.86,56
808,OPP-000808,9354,7,4,Nordeste,Enterprise,Tecnologia,2024-08-26,2024-10-15,,Open,120841.53,492
809,OPP-000809,9355,11,3,Centro-Oeste,Enterprise,Indústria,2024-09-21,2024-11-10,2024-12-15,Won,109262.85,85
810,OPP-000810,9361,3,2,Sudeste,Enterprise,Serviços,2024-09-21,2024-11-17,2024-11-10,Won,69776.53,50
811,OPP-000811,9402,12,3,Sudeste,Mid-Market,Educação,2024-10-03,2024-11-02,2024-10-18,Lost,33977.72,15
812,OPP-000812,9440,1,1,Sudeste,Mid-Market,Tecnologia,2024-09-26,2024-10-20,2024-10-23,Lost,29774.85,27
813,OPP-000813,9441,10,3,Sul,Mid-Market,Varejo,2024-09-22,2024-10-23,2024-10-19,Won,21302.5,27
814,OPP-000814,9445,4,4,Sudeste,SMB,Indústria,2024-09-03,2024-11-10,2024-11-08,Lost,7780.39,66
815,OPP-000815,9446,2,2,Sudeste,Enterprise,Varejo,2024-09-25,2024-12-02,2024-11-21,Won,32301.31,57
816,OPP-000816,9484,10,3,Sudeste,SMB,Tecnologia,2024-10-09,2024-12-14,2024-12-26,Won,19046.9,78
817,OPP-000817,9491,7,2,Sudeste,Mid-Market,Serviços,2024-09-27,2024-10-24,2024-11-26,Lost,59943.04,60
818,OPP-000818,9510,7,1,Nordeste,SMB,Saúde,2024-09-02,2024-10-16,2024-10-15,Lost,14881.37,43
819,OPP-000819,9512,5,2,Sudeste,Enterprise,Educação,2024-09-09,2024-11-01,2024-10-31,Won,73276.0,52
820,OPP-000820,9513,11,2,Sudeste,Enterprise,Saúde,2024-10-08,2024-10-30,2024-10-16,Won,101237.91,8
821,OPP-000821,9516,9,6,Nordeste,Mid-Market,Indústria,2024-09-28,2024-10-27,,Open,60817.94,459
822,OPP-000822,9518,10,2,Sudeste,Mid-Market,Educação,2024-10-01,2024-11-06,2024-11-01,Won,22854.06,31
823,OPP-000823,9519,4,2,Sul,SMB,Varejo,2024-09-03,2024-11-11,2024-11-11,Won,11108.92,69
824,OPP-000824,9526,8,3,Nordeste,SMB,Serviços,2024-09-08,2024-11-03,2024-11-01,Won,16504.97,54
825,OPP-000825,9528,10,1,Sudeste,SMB,Indústria,2024-09-12,2024-10-22,2024-11-01,Won,6753.85,50
826,OPP-000826,9543,11,2,Sudeste,Mid-Market,Varejo,2024-10-07,2024-12-01,2024-12-17,Lost,93660.64,71
827,OPP-000827,9550,7,1,Sul,Mid-Market,Indústria,2024-09-03,2024-11-05,2024-10-30,Won,66982.06,57
828,OPP-000828,9592,2,1,Nordeste,Enterprise,Tecnologia,2024-10-05,2024-10-25,2024-10-23,Won,93428.13,18
829,OPP-000829,9619,1,3,Centro-Oeste,SMB,Varejo,2024-09-18,2024-11-28,2024-12-11,Won,12048.72,84
830,OPP-000830,9634,6,2,Sudeste,SMB,Serviços,2024-09-28,2024-11-03,2024-11-07,Won,11718.03,40
831,OPP-000831,9652,4,4,Sudeste,Mid-Market,Varejo,2024-09-19,2024-12-02,2024-12-02,Won,36488.64,74
832,OPP-000832,9673,3,6,Centro-Oeste,Mid-Market,Tecnologia,2024-09-08,2024-10-05,2024-09-24,Lost,45973.97,16
833,OPP-000833,9682,3,1,Centro-Oeste,SMB,Varejo,2024-09-16,2024-10-15,,Open,11572.1,471
834,OPP-000834,9683,10,6,Nordeste,SMB,Varejo,2024-09-26,2024-11-06,2024-11-07,Won,8647.67,42
835,OPP-000835,9690,10,1,Nordeste,Enterprise,Educação,2024-10-07,2024-11-13,2024-11-23,Won,38254.28,47
836,OPP-000836,9705,4,2,Sul,SMB,Saúde,2024-09-08,2024-11-09,2024-10-30,Lost,8784.38,52
837,OPP-000837,9729,12,3,Nordeste,Mid-Market,Indústria,2024-08-29,2024-09-23,2024-09-20,Won,24776.07,22
838,OPP-000838,9742,3,2,Sudeste,SMB,Varejo,2024-10-08,2024-11-27,2024-12-06,Won,6590.4,59
839,OPP-000839,9743,5,3,Centro-Oeste,SMB,Varejo,2024-09-15,2024-10-25,,Open,8369.23,472
840,OPP-000840,9764,12,2,Sul,SMB,Saúde,2024-10-08,2024-11-29,2024-11-29,Won,7999.91,52
841,OPP-000841,9794,6,1,Sudeste,SMB,Serviços,2024-09-22,2024-11-14,,Open,10853.15,465
842,OPP-000842,9811,2,2,Sudeste,Mid-Market,Tecnologia,2024-10-08,2024-10-28,2024-10-31,Lost,10114.18,23
843,OPP-000843,9833,9,4,Sul,Enterprise,Saúde,2024-10-07,2024-11-30,2024-11-14,Won,85625.59,38
844,OPP-000844,9866,11,2,Centro-Oeste,Enterprise,Varejo,2024-09-13,2024-11-05,2024-11-04,Won,31663.81,52
845,OPP-000845,9868,6,4,Centro-Oeste,Mid-Market,Educação,2024-10-10,2024-12-12,2024-12-20,Won,21423.7,71
846,OPP-000846,9878,4,5,Sudeste,Mid-Market,Saúde,2024-09-27,2024-11-02,2024-11-13,Lost,55044.68,47
847,OPP-000847,9883,8,3,Sudeste,Mid-Market,Varejo,2024-10-06,2024-12-08,2024-12-03,Won,20857.03,58
848,OPP-000848,9923,12,3,Sudeste,Enterprise,Serviços,2024-09-17,2024-10-31,2024-11-02,Lost,68587.42,46
849,OPP-000849,9939,1,4,Sudeste,SMB,Serviços,2024-09-15,2024-10-19,2024-09-29,Won,13325.04,14
850,OPP-000850,9940,2,4,Sul,Mid-Market,Varejo,2024-10-22,2024-11-28,2024-11-24,Won,68744.48,33
851,OPP-000851,9943,4,4,Sudeste,SMB,Serviços,2024-09-29,2024-11-19,2024-11-22,Lost,11804.94,54
852,OPP-000852,9969,12,1,Sudeste,Mid-Market,Varejo,2024-10-06,2024-12-01,2024-11-21,Lost,13343.28,46
853,OPP-000853,9971,11,4,Nordeste,Enterprise,Serviços,2024-09-17,2024-10-22,2024-10-18,Won,92354.96,31
854,OPP-000854,9973,6,6,Sul,SMB,Varejo,2024-10-04,2024-11-11,2024-11-03,Lost,14472.52,30
855,OPP-000855,10000,8,3,Centro-Oeste,SMB,Indústria,2024-09-30,2024-11-16,2024-12-02,Won,9432.16,63
856,OPP-000856,10010,3,2,Sul,Mid-Market,Educação,2024-09-19,2024-11-01,2024-11-06,Won,58278.59,48
857,OPP-000857,10021,3,1,Sudeste,Mid-Market,Saúde,2024-09-30,2024-11-21,2024-12-02,Won,27997.54,63
858,OPP-000858,10049,7,6,Centro-Oeste,SMB,Saúde,2024-09-15,2024-11-11,2024-11-27,Won,7823.27,73
859,OPP-000859,10051,4,1,Sul,Enterprise,Saúde,2024-10-14,2024-11-26,2024-12-08,Won,303303.6,55
860,OPP-000860,10060,1,6,Sudeste,Enterprise,Indústria,2024-10-03,2024-10-25,2024-11-04,Won,77894.72,32
861,OPP-000861,10079,2,4,Sudeste,SMB,Saúde,2024-09-20,2024-11-04,,Open,3485.92,467
862,OPP-000862,10095,11,5,Sul,Enterprise,Indústria,2024-10-06,2024-11-06,2024-11-08,Won,86610.43,33
863,OPP-000863,10102,7,4,Centro-Oeste,Enterprise,Varejo,2024-09-14,2024-11-11,2024-11-02,Won,88243.09,49
864,OPP-000864,10104,3,4,Sudeste,Mid-Market,Varejo,2024-09-12,2024-11-05,2024-11-05,Lost,43950.13,54
865,OPP-000865,10109,8,5,Sul,SMB,Varejo,2024-10-14,2024-12-02,2024-12-07,Won,11348.63,54
866,OPP-000866,10116,12,2,Centro-Oeste,Mid-Market,Indústria,2024-10-03,2024-11-04,2024-12-02,Won,16833.33,60
867,OPP-000867,10120,6,2,Sudeste,Mid-Market,Educação,2024-09-29,2024-11-20,2024-11-16,Lost,27153.95,48
868,OPP-000868,10123,9,1,Sudeste,SMB,Indústria,2024-10-03,2024-12-08,2024-12-07,Won,18030.45,65
869,OPP-000869,10133,10,3,Sul,SMB,Tecnologia,2024-09-04,2024-11-16,2024-12-05,Won,10601.24,92
870,OPP-000870,10134,10,5,Sudeste,SMB,Indústria,2024-10-18,2024-11-28,2024-12-10,Lost,10480.32,53
871,OPP-000871,10137,5,4,Sul,SMB,Saúde,2024-10-08,2024-11-10,,Open,8365.11,449
872,OPP-000872,10148,9,1,Centro-Oeste,SMB,Varejo,2024-08-31,2024-10-31,2024-10-17,Won,12152.3,47
873,OPP-000873,10166,7,6,Sudeste,Enterprise,Varejo,2024-09-27,2024-11-28,2024-11-29,Lost,176425.77,63
874,OPP-000874,10167,2,6,Sudeste,SMB,Saúde,2024-09-22,2024-11-05,2024-10-29,Won,9910.93,37
875,OPP-000875,10169,12,5,Sudeste,SMB,Serviços,2024-09-18,2024-10-10,2024-10-17,Lost,4277.1,29
876,OPP-000876,10171,4,3,Sudeste,Mid-Market,Indústria,2024-10-04,2024-11-19,2024-10-30,Won,47408.39,26
877,OPP-000877,10178,3,4,Nordeste,Mid-Market,Indústria,2024-10-14,2024-11-17,2024-11-24,Lost,38164.15,41
878,OPP-000878,10218,3,1,Sul,Mid-Market,Serviços,2024-10-11,2024-11-06,2024-10-20,Won,34106.27,9
879,OPP-000879,10221,7,4,Sudeste,Mid-Market,Saúde,2024-09-18,2024-11-04,2024-11-17,Lost,21949.3,60
880,OPP-000880,10233,11,2,Nordeste,Enterprise,Educação,2024-09-13,2024-10-03,2024-09-27,Lost,112828.37,14
881,OPP-000881,10234,5,2,Sudeste,Enterprise,Varejo,2024-09-21,2024-10-29,2024-10-27,Won,77712.47,36
882,OPP-000882,10235,9,4,Sul,Enterprise,Indústria,2024-09-29,2024-10-25,2024-11-06,Won,78545.83,38
883,OPP-000883,10254,11,2,Sudeste,SMB,Varejo,2024-10-27,2025-01-02,2025-01-01,Lost,8098.79,66
884,OPP-000884,10264,10,1,Nordeste,Enterprise,Indústria,2024-09-30,2024-11-06,2024-10-13,Won,69985.82,13
885,OPP-000885,10281,1,3,Centro-Oeste,Mid-Market,Serviços,2024-10-02,2024-12-04,2024-11-20,Lost,21662.6,49
886,OPP-000886,10299,2,3,Sudeste,SMB,Indústria,2024-11-03,2024-12-22,2024-12-02,Lost,9593.22,29
887,OPP-000887,10337,11,3,Sul,SMB,Saúde,2024-10-17,2024-11-08,2024-11-06,Won,6076.28,20
888,OPP-000888,10347,8,3,Sudeste,SMB,Indústria,2024-09-20,2024-11-04,2024-11-08,Won,11474.51,49
889,OPP-000889,10369,8,3,Sul,SMB,Educação,2024-09-09,2024-11-21,,Open,8738.68,478
890,OPP-000890,10370,10,6,Sudeste,Mid-Market,Indústria,2024-09-30,2024-10-23,2024-10-21,Won,22283.32,21
891,OPP-000891,10375,8,4,Nordeste,SMB,Indústria,2024-10-01,2024-11-24,2024-11-13,Lost,8245.15,43
892,OPP-000892,10377,9,3,Sul,Mid-Market,Indústria,2024-10-10,2024-11-11,2024-12-05,Won,16333.31,56
893,OPP-000893,10381,8,3,Sudeste,Mid-Market,Indústria,2024-10-15,2024-12-22,2024-12-26,Won,38249.18,72
894,OPP-000894,10391,5,3,Sudeste,Enterprise,Varejo,2024-09-20,2024-10-24,2024-10-23,Lost,77965.8,33
895,OPP-000895,10452,3,5,Sul,Enterprise,Tecnologia,2024-10-21,2024-11-12,2024-12-12,Won,70937.23,52
896,OPP-000896,10456,1,4,Sudeste,Enterprise,Tecnologia,2024-11-10,2025-01-10,2025-01-20,Lost,77535.13,71
897,OPP-000897,10469,2,3,Sul,Enterprise,Varejo,2024-11-04,2024-12-15,2024-11-29,Lost,86051.94,25
898,OPP-000898,10488,10,1,Sudeste,Mid-Market,Indústria,2024-10-05,2024-11-21,2024-12-05,Won,14959.94,61
899,OPP-000899,10491,1,2,Sudeste,Mid-Market,Varejo,2024-10-01,2024-10-25,2024-10-13,Won,35648.01,12
900,OPP-000900,10546,6,5,Sudeste,Mid-Market,Saúde,2024-10-16,2024-12-08,2024-12-01,Lost,22832.71,46
901,OPP-000901,10550,9,3,Sudeste,SMB,Varejo,2024-10-29,2024-11-20,2024-11-28,Lost,13484.09,30
902,OPP-000902,10554,7,1,Sudeste,SMB,Indústria,2024-10-18,2024-12-19,2024-12-14,Lost,11151.93,57
903,OPP-000903,10591,12,1,Sul,SMB,Serviços,2024-11-04,2025-01-11,2025-02-17,Lost,12150.46,105
904,OPP-000904,10597,8,1,Sudeste,SMB,Varejo,2024-10-19,2024-12-17,2024-12-31,Lost,6998.66,73
905,OPP-000905,10605,8,2,Sul,Mid-Market,Tecnologia,2024-10-25,2025-01-07,2025-01-08,Won,19983.39,75
906,OPP-000906,10620,3,4,Nordeste,Enterprise,Indústria,2024-10-09,2024-11-24,2024-11-20,Won,105610.1,42
907,OPP-000907,10627,8,1,Centro-Oeste,SMB,Tecnologia,2024-11-06,2024-12-05,2024-12-18,Won,12158.44,42
908,OPP-000908,10628,2,1,Sudeste,Mid-Market,Indústria,2024-10-21,2024-12-27,2024-12-16,Lost,25065.45,56
909,OPP-000909,10642,2,5,Sudeste,Enterprise,Varejo,2024-10-03,2024-11-27,2024-11-30,Lost,70995.94,58
910,OPP-000910,10643,4,4,Centro-Oeste,SMB,Varejo,2024-10-04,2024-11-30,2024-11-25,Won,11411.66,52
911,OPP-000911,10660,1,3,Nordeste,SMB,Varejo,2024-10-08,2024-11-19,2024-12-02,Won,16865.96,55
912,OPP-000912,10661,9,1,Sul,Mid-Market,Serviços,2024-10-14,2024-12-02,2024-12-03,Won,34724.97,50
913,OPP-000913,10663,6,6,Sudeste,SMB,Indústria,2024-10-21,2024-11-27,2024-12-05,Lost,5078.92,45
914,OPP-000914,10688,4,5,Sudeste,Enterprise,Saúde,2024-11-04,2024-11-27,2024-11-26,Won,72296.59,22
915,OPP-000915,10697,4,3,Sudeste,Mid-Market,Serviços,2024-10-25,2024-12-06,2024-11-29,Won,20349.77,35
916,OPP-000916,10704,1,3,Sudeste,Enterprise,Tecnologia,2024-10-18,2024-12-14,2024-12-03,Lost,77211.4,46
917,OPP-000917,10705,9,1,Nordeste,SMB,Serviços,2024-10-11,2024-11-20,2024-11-24,Won,14063.6,44
918,OPP-000918,10708,9,3,Sul,Mid-Market,Saúde,2024-10-20,2024-12-22,2024-12-25,Won,24747.73,66
919,OPP-000919,10710,8,3,Sul,Mid-Market,Serviços,2024-10-22,2024-12-29,2024-12-30,Won,28010.34,69
920,OPP-000920,10733,2,4,Centro-Oeste,SMB,Serviços,2024-10-25,2024-12-24,2024-12-24,Won,9464.38,60
921,OPP-000921,10739,7,4,Nordeste,Mid-Market,Varejo,2024-11-10,2025-01-19,2025-01-29,Lost,11010.95,80
922,OPP-000922,10768,4,2,Sudeste,Mid-Market,Serviços,2024-10-10,2024-11-12,2024-11-05,Won,45157.06,26
923,OPP-000923,10769,11,4,Sul,Mid-Market,Tecnologia,2024-10-13,2024-11-13,2024-11-11,Lost,23094.53,29
924,OPP-000924,10777,1,5,Sudeste,Enterprise,Varejo,2024-09-29,2024-11-02,2024-10-18,Won,203712.22,19
925,OPP-000925,10779,9,4,Sudeste,Mid-Market,Educação,2024-10-22,2024-12-14,2025-01-05,Won,22178.2,75
926,OPP-000926,10784,12,1,Centro-Oeste,SMB,Serviços,2024-10-14,2024-11-29,2024-12-16,Won,16603.59,63
927,OPP-000927,10791,7,6,Nordeste,SMB,Varejo,2024-10-17,2024-12-18,2024-11-26,Won,17937.04,40
928,OPP-000928,10796,3,3,Sudeste,Enterprise,Educação,2024-10-12,2024-12-21,2025-01-06,Won,86795.29,86
929,OPP-000929,10824,1,2,Sul,Mid-Market,Serviços,2024-11-01,2024-11-28,2024-11-30,Won,39483.34,29
930,OPP-000930,10841,8,4,Sudeste,Mid-Market,Serviços,2024-11-03,2024-12-16,2024-12-15,Won,29973.48,42
931,OPP-000931,10842,11,3,Nordeste,Mid-Market,Tecnologia,2024-10-10,2024-11-28,2024-12-04,Won,25759.99,55
932,OPP-000932,10846,1,6,Sudeste,Enterprise,Varejo,2024-10-08,2024-11-13,2024-11-11,Lost,92013.05,34
933,OPP-000933,10848,4,1,Centro-Oeste,Mid-Market,Indústria,2024-11-01,2024-12-25,,Open,47602.02,425
934,OPP-000934,10860,4,3,Sudeste,Mid-Market,Saúde,2024-10-27,2025-01-08,2025-01-24,Lost,43535.14,89
935,OPP-000935,10876,8,3,Centro-Oeste,Mid-Market,Educação,2024-11-03,2024-12-10,2024-11-30,Lost,38129.29,27
936,OPP-000936,10881,10,1,Nordeste,SMB,Saúde,2024-10-08,2024-11-16,2024-12-08,Won,7008.02,61
937,OPP-000937,10883,1,4,Sudeste,Enterprise,Varejo,2024-10-21,2024-11-26,2024-11-19,Lost,79557.75,29
938,OPP-000938,10899,1,1,Nordeste,Enterprise,Saúde,2024-10-02,2024-11-19,2024-11-07,Lost,61542.1,36
939,OPP-000939,10924,8,2,Sudeste,Mid-Market,Serviços,2024-11-02,2024-12-04,2024-12-17,Won,26872.64,45
940,OPP-000940,10934,10,3,Sudeste,Enterprise,Tecnologia,2024-10-24,2024-12-03,2024-12-03,Won,110458.29,40
941,OPP-000941,10937,1,4,Sudeste,Mid-Market,Varejo,2024-10-12,2024-11-20,2024-11-30,Lost,35705.94,49
942,OPP-000942,10949,3,3,Nordeste,Mid-Market,Tecnologia,2024-10-20,2025-01-02,,Open,25186.07,437
943,OPP-000943,10965,6,3,Sudeste,Mid-Market,Serviços,2024-11-14,2025-01-09,2024-12-31,Won,28088.17,47
944,OPP-000944,10968,1,6,Centro-Oeste,Mid-Market,Saúde,2024-10-26,2024-12-04,2024-12-10,Won,11770.38,45
945,OPP-000945,10970,5,2,Nordeste,Mid-Market,Serviços,2024-09-25,2024-11-03,2024-10-27,Lost,53388.78,32
946,OPP-000946,10977,1,3,Nordeste,Mid-Market,Varejo,2024-10-13,2024-11-18,2024-11-17,Won,20669.92,35
947,OPP-000947,10979,12,3,Sul,Enterprise,Varejo,2024-10-30,2024-12-06,2024-12-06,Won,107745.85,37
948,OPP-000948,10990,8,5,Nordeste,SMB,Serviços,2024-10-23,2024-11-23,2024-11-18,Won,7994.98,26
949,OPP-000949,11001,10,4,Nordeste,SMB,Serviços,2024-10-31,2024-12-05,2024-11-26,Won,8485.0,26
950,OPP-000950,11021,1,2,Sudeste,SMB,Saúde,2024-11-04,2024-12-04,2024-12-12,Won,11264.56,38
951,OPP-000951,11041,2,6,Nordeste,SMB,Saúde,2024-10-24,2024-11-29,2024-11-19,Won,7019.24,26
952,OPP-000952,11047,4,5,Sul,SMB,Indústria,2024-10-20,2024-11-26,,Open,11675.36,437
953,OPP-000953,11064,2,2,Sul,SMB,Indústria,2024-10-19,2024-12-30,2024-12-24,Lost,10437.58,66
954,OPP-000954,11067,1,5,Nordeste,Mid-Market,Indústria,2024-11-22,2024-12-31,2025-01-16,Lost,41921.46,55
955,OPP-000955,11100,9,2,Sul,Mid-Market,Saúde,2024-10-27,2025-01-05,2024-12-28,Won,13520.15,62
956,OPP-000956,11101,1,5,Nordeste,Mid-Market,Saúde,2024-10-14,2024-12-18,2024-12-14,Lost,21857.49,61
957,OPP-000957,11107,8,4,Sudeste,Enterprise,Varejo,2024-11-13,2024-12-21,2024-12-30,Lost,47870.76,47
958,OPP-000958,11113,2,1,Nordeste,SMB,Indústria,2024-10-24,2024-12-18,2024-12-27,Won,9610.0,64
959,OPP-000959,11143,4,4,Centro-Oeste,Enterprise,Indústria,2024-10-14,2024-11-03,2024-11-01,Won,59258.43,18
960,OPP-000960,11152,10,1,Sudeste,SMB,Varejo,2024-11-09,2024-12-04,2024-12-16,Lost,10449.82,37
961,OPP-000961,11174,2,6,Sudeste,Enterprise,Serviços,2024-11-19,2024-12-22,2025-01-04,Lost,63826.45,46
962,OPP-000962,11198,9,1,Sudeste,Mid-Market,Tecnologia,2024-10-23,2024-12-18,2024-12-11,Lost,55847.62,49
963,OPP-000963,11219,2,3,Sudeste,SMB,Indústria,2024-10-26,2024-12-21,2024-12-30,Won,7134.19,65
964,OPP-000964,11220,2,4,Nordeste,SMB,Varejo,2024-11-21,2024-12-11,2025-01-04,Won,15320.69,44
965,OPP-000965,11248,9,3,Sudeste,Mid-Market,Varejo,2024-10-25,2024-12-16,2024-11-27,Won,25315.42,33
966,OPP-000966,11285,11,5,Sul,SMB,Varejo,2024-10-05,2024-12-01,2024-11-11,Won,5978.35,37
967,OPP-000967,11305,5,4,Nordeste,Enterprise,Educação,2024-11-16,2024-12-25,2024-12-15,Lost,187395.71,29
968,OPP-000968,11312,3,3,Centro-Oeste,Enterprise,Saúde,2024-10-19,2024-11-17,2024-11-01,Lost,66196.44,13
969,OPP-000969,11314,12,1,Sudeste,Mid-Market,Saúde,2024-09-27,2024-11-27,2024-11-18,Won,33089.37,52
970,OPP-000970,11368,3,4,Sudeste,SMB,Serviços,2024-10-20,2024-11-28,2024-12-24,Won,9179.89,65
971,OPP-000971,11370,10,4,Sudeste,Enterprise,Indústria,2024-10-03,2024-11-08,2024-10-22,Won,60821.7,19
972,OPP-000972,11372,11,2,Centro-Oeste,Mid-Market,Varejo,2024-11-01,2024-11-29,2024-11-28,Lost,35187.18,27
973,OPP-000973,11397,2,5,Sudeste,Mid-Market,Serviços,2024-10-17,2024-11-12,2024-11-07,Won,24756.27,21
974,OPP-000974,11414,6,3,Sudeste,Mid-Market,Tecnologia,2024-10-15,2024-11-05,2024-10-25,Lost,29826.19,10
975,OPP-000975,11430,11,5,Sul,SMB,Serviços,2024-11-15,2025-01-18,,Open,11451.88,411
976,OPP-000976,11451,3,5,Sul,Enterprise,Indústria,2024-11-06,2025-01-04,2025-01-02,Lost,106353.76,57
977,OPP-000977,11456,6,1,Sudeste,Mid-Market,Serviços,2024-10-13,2024-12-10,,Open,30713.27,444
978,OPP-000978,11463,5,3,Nordeste,Mid-Market,Tecnologia,2024-11-07,2025-01-15,2025-01-20,Lost,32319.6,74
979,OPP-000979,11471,3,2,Sul,Enterprise,Varejo,2024-10-11,2024-12-02,2024-12-04,Lost,116388.39,54
980,OPP-000980,11484,4,3,Sudeste,SMB,Serviços,2024-11-16,2024-12-29,2024-12-18,Won,15243.78,32
981,OPP-000981,11514,10,1,Sudeste,SMB,Serviços,2024-11-22,2025-01-09,2025-01-14,Won,4718.97,53
982,OPP-000982,11520,2,3,Sudeste,Mid-Market,Tecnologia,2024-11-03,2024-12-24,2024-12-27,Won,63233.68,54
983,OPP-000983,11523,6,5,Sul,Enterprise,Varejo,2024-10-24,2024-12-31,2024-12-25,Won,124223.8,62
984,OPP-000984,11525,1,5,Sudeste,Enterprise,Saúde,2024-11-02,2024-12-17,2024-12-17,Won,95781.59,45
985,OPP-000985,11528,6,4,Centro-Oeste,Enterprise,Indústria,2024-11-20,2024-12-10,,Open,79097.63,406
986,OPP-000986,11529,11,4,Sudeste,Mid-Market,Indústria,2024-10-19,2024-11-25,2024-11-26,Won,15110.29,38
987,OPP-000987,11532,9,1,Sul,SMB,Saúde,2024-11-02,2024-12-20,2024-12-24,Won,14539.28,52
988,OPP-000988,11537,1,3,Nordeste,Enterprise,Varejo,2024-11-22,2024-12-17,2024-11-30,Won,68711.11,8
989,OPP-000989,11589,8,1,Sudeste,Enterprise,Varejo,2024-11-05,2024-12-01,,Open,53982.54,421
990,OPP-000990,11590,4,1,Sudeste,SMB,Saúde,2024-10-29,2024-12-29,2025-01-06,Won,8126.21,69
991,OPP-000991,11592,4,1,Sudeste,Mid-Market,Serviços,2024-11-20,2025-01-03,2025-01-21,Won,44463.86,62
992,OPP-000992,11598,4,3,Sudeste,Enterprise,Varejo,2024-10-25,2024-12-31,2025-01-10,Lost,74935.05,77
993,OPP-000993,11613,12,1,Sul,SMB,Indústria,2024-11-09,2025-01-04,,Open,14562.45,417
994,OPP-000994,11629,12,2,Sudeste,Mid-Market,Varejo,2024-10-16,2024-12-22,2025-01-05,Won,39423.69,81
995,OPP-000995,11641,7,4,Sul,Enterprise,Indústria,2024-10-23,2024-11-15,2024-11-10,Won,217314.29,18
996,OPP-000996,11680,1,2,Sul,SMB,Varejo,2024-10-15,2024-12-26,2025-01-20,Won,9296.03,97
997,OPP-000997,11726,3,1,Sudeste,SMB,Indústria,2024-11-16,2024-12-17,2024-12-12,Lost,8068.01,26
998,OPP-000998,11750,12,4,Nordeste,Mid-Market,Varejo,2024-11-18,2024-12-24,2024-12-31,Won,25463.81,43
999,OPP-000999,11759,9,2,Sul,Mid-Market,Tecnologia,2024-11-26,2025-01-05,,Open,46793.79,400
1000,OPP-001000,11762,3,3,Sudeste,SMB,Saúde,2024-10-13,2024-11-10,2024-11-28,Lost,12898.16,46
1001,OPP-001001,11772,1,3,Sudeste,Mid-Market,Serviços,2024-11-20,2024-12-14,,Open,38722.18,406
1002,OPP-001002,11773,5,2,Sudeste,Mid-Market,Serviços,2024-11-27,2025-01-28,,Open,18978.17,399
1003,OPP-001003,11776,10,1,Sudeste,Enterprise,Varejo,2024-12-02,2025-01-08,2024-12-31,Won,64027.08,29
1004,OPP-001004,11778,8,2,Sul,Mid-Market,Serviços,2024-11-19,2024-12-13,2024-12-13,Won,35288.85,24
1005,OPP-001005,11804,5,4,Nordeste,Mid-Market,Varejo,2024-10-28,2025-01-08,2024-12-20,Won,27497.8,53
1006,OPP-001006,11808,10,3,Nordeste,SMB,Serviços,2024-10-30,2024-12-23,,Open,16317.62,427
1007,OPP-001007,11819,9,1,Nordeste,SMB,Indústria,2024-10-21,2024-12-24,2025-01-02,Lost,6150.71,73
1008,OPP-001008,11824,12,3,Sudeste,Enterprise,Tecnologia,2024-11-18,2025-01-23,2025-01-20,Lost,124209.91,63
1009,OPP-001009,11825,7,3,Sudeste,Enterprise,Tecnologia,2024-10-25,2024-11-24,2024-12-04,Won,81966.41,40
1010,OPP-001010,11834,7,2,Sul,Enterprise,Saúde,2024-11-01,2024-11-25,2024-11-04,Lost,61940.68,5
1011,OPP-001011,11835,1,2,Nordeste,SMB,Tecnologia,2024-10-31,2024-12-26,2025-01-09,Lost,4477.27,70
1012,OPP-001012,11844,9,3,Sudeste,Enterprise,Indústria,2024-11-22,2024-12-28,2025-01-14,Lost,89669.45,53
1013,OPP-001013,11855,9,1,Sudeste,SMB,Saúde,2024-11-16,2025-01-19,2025-02-02,Won,21368.33,78
1014,OPP-001014,11860,7,3,Sudeste,Mid-Market,Serviços,2024-11-04,2024-12-02,,Open,52744.15,422
1015,OPP-001015,11873,10,3,Sudeste,Mid-Market,Educação,2024-11-17,2025-01-04,2024-12-25,Lost,38400.61,38
1016,OPP-001016,11898,8,2,Centro-Oeste,SMB,Varejo,2024-11-29,2025-01-22,2025-02-07,Won,12269.06,70
1017,OPP-001017,11913,4,6,Sudeste,SMB,Saúde,2024-11-30,2025-01-04,2025-01-14,Won,15078.67,45
1018,OPP-001018,11925,10,1,Nordeste,Enterprise,Indústria,2024-10-23,2024-12-16,2024-12-14,Won,110448.37,52
1019,OPP-001019,11926,8,2,Sudeste,Mid-Market,Indústria,2024-10-23,2024-12-04,2024-12-14,Won,31665.14,52
1020,OPP-001020,11940,4,4,Centro-Oeste,SMB,Tecnologia,2024-11-25,2025-02-04,2025-03-08,Lost,9216.86,103
1021,OPP-001021,11957,1,4,Sudeste,SMB,Indústria,2024-12-12,2025-02-04,2025-01-17,Won,7796.47,36
1022,OPP-001022,11970,3,2,Centro-Oeste,Mid-Market,Varejo,2024-11-16,2024-12-12,2024-12-13,Won,28425.26,27
1023,OPP-001023,12006,1,2,Sudeste,SMB,Varejo,2024-11-26,2024-12-31,2025-01-12,Won,9764.39,47
1024,OPP-001024,12016,9,1,Sudeste,SMB,Tecnologia,2024-11-10,2025-01-11,2025-01-16,Won,11361.35,67
1025,OPP-001025,12019,3,3,Sudeste,Enterprise,Varejo,2024-11-04,2025-01-02,2025-01-03,Lost,49983.85,60
1026,OPP-001026,12020,6,1,Sudeste,Mid-Market,Serviços,2024-11-16,2024-12-29,2024-12-21,Won,35724.25,35
1027,OPP-001027,12022,1,2,Sudeste,SMB,Indústria,2024-11-01,2024-12-18,,Open,8052.93,425
1028,OPP-001028,12030,10,3,Sul,SMB,Varejo,2024-11-08,2024-12-20,2024-12-03,Lost,9508.44,25
1029,OPP-001029,12046,7,4,Nordeste,Mid-Market,Tecnologia,2024-11-21,2025-01-23,2025-01-06,Lost,25096.1,46
1030,OPP-001030,12050,6,4,Sudeste,SMB,Serviços,2024-11-06,2024-12-12,2024-12-04,Won,6495.12,28
1031,OPP-001031,12070,8,3,Sudeste,Mid-Market,Tecnologia,2024-11-16,2024-12-15,2024-12-09,Lost,22339.62,23
1032,OPP-001032,12079,3,1,Sul,SMB,Varejo,2024-11-05,2024-12-22,2024-12-11,Won,8848.59,36
1033,OPP-001033,12086,10,4,Sudeste,SMB,Indústria,2024-11-16,2024-12-09,2024-12-23,Lost,8587.62,37
1034,OPP-001034,12093,5,2,Sudeste,SMB,Varejo,2024-11-24,2025-01-11,2024-12-21,Won,7467.5,27
1035,OPP-001035,12115,9,3,Nordeste,Mid-Market,Indústria,2024-11-20,2025-01-25,2025-02-04,Won,29716.65,76
1036,OPP-001036,12122,7,4,Sul,Mid-Market,Varejo,2024-11-20,2025-01-12,,Open,31134.59,406
1037,OPP-001037,12124,11,6,Sudeste,SMB,Serviços,2024-11-06,2024-12-27,2024-12-10,Won,13901.0,34
1038,OPP-001038,12128,10,3,Sudeste,Enterprise,Saúde,2024-11-21,2025-02-02,2025-02-01,Won,178816.34,72
1039,OPP-001039,12153,11,5,Sudeste,Mid-Market,Serviços,2024-11-18,2024-12-28,2024-12-20,Won,48336.55,32
1040,OPP-001040,12161,1,1,Nordeste,Mid-Market,Serviços,2024-11-05,2024-12-26,2025-01-09,Lost,29950.01,65
1041,OPP-001041,12169,5,2,Sul,Enterprise,Saúde,2024-11-28,2024-12-27,2024-12-29,Lost,114632.31,31
1042,OPP-001042,12193,11,1,Sudeste,Mid-Market,Saúde,2024-11-18,2024-12-25,2024-12-26,Won,46023.09,38
1043,OPP-001043,12217,4,2,Nordeste,Mid-Market,Serviços,2024-11-20,2025-01-19,2024-12-23,Won,29998.62,33
1044,OPP-001044,12222,4,3,Sudeste,Mid-Market,Saúde,2024-11-19,2024-12-15,2024-12-26,Won,30178.49,37
1045,OPP-001045,12224,2,4,Nordeste,Mid-Market,Saúde,2024-12-13,2025-01-10,2024-12-21,Won,26741.56,8
1046,OPP-001046,12228,5,3,Nordeste,SMB,Indústria,2024-12-06,2025-01-26,2025-01-21,Won,9921.64,46
1047,OPP-001047,12236,2,6,Sul,Enterprise,Indústria,2024-11-06,2024-12-30,2024-12-25,Lost,134925.62,49
1048,OPP-001048,12253,12,4,Sudeste,Enterprise,Saúde,2024-10-24,2024-11-14,2024-10-24,Won,160119.04,5
1049,OPP-001049,12268,10,1,Nordeste,Mid-Market,Varejo,2024-11-03,2024-12-25,2024-12-14,Won,35490.15,41
1050,OPP-001050,12270,1,1,Sul,SMB,Serviços,2024-12-13,2025-02-15,2025-03-01,Lost,7544.74,78
1051,OPP-001051,12275,8,4,Nordeste,Mid-Market,Educação,2024-11-10,2025-01-11,2025-01-05,Lost,52259.99,56
1052,OPP-001052,12278,3,3,Sul,Enterprise,Educação,2024-10-27,2024-11-21,2024-12-17,Won,91347.28,51
1053,OPP-001053,12288,10,4,Sul,Enterprise,Saúde,2024-11-16,2025-01-17,2025-01-08,Won,51074.52,53
1054,OPP-001054,12290,5,2,Sudeste,Mid-Market,Educação,2024-11-19,2025-01-16,2025-01-05,Won,64685.11,47
1055,OPP-001055,12292,2,4,Sudeste,Mid-Market,Varejo,2024-12-14,2025-01-23,2025-01-03,Lost,23871.48,20
1056,OPP-001056,12294,7,3,Sudeste,SMB,Varejo,2024-11-03,2024-12-15,2024-12-26,Won,8417.78,53
1057,OPP-001057,12297,2,6,Centro-Oeste,Mid-Market,Serviços,2024-11-21,2024-12-14,,Open,29670.44,405
1058,OPP-001058,12314,10,3,Sul,SMB,Indústria,2024-11-05,2025-01-09,2025-01-30,Lost,12550.58,86
1059,OPP-001059,12339,2,4,Sudeste,Enterprise,Educação,2024-11-19,2025-01-18,2025-01-15,Won,101056.05,57
1060,OPP-001060,12346,9,2,Sul,Enterprise,Varejo,2024-12-10,2025-02-05,2025-02-19,Won,81946.5,71
1061,OPP-001061,12352,2,3,Centro-Oeste,SMB,Tecnologia,2024-12-19,2025-02-08,2025-02-21,Won,5321.69,64
1062,OPP-001062,12361,4,1,Centro-Oeste,SMB,Serviços,2024-11-17,2025-01-01,2024-12-15,Won,3462.8,28
1063,OPP-001063,12385,1,3,Centro-Oeste,Mid-Market,Serviços,2024-12-09,2025-02-08,2025-02-01,Won,21104.83,54
1064,OPP-001064,12388,12,3,Nordeste,Enterprise,Serviços,2024-11-15,2024-12-10,2024-12-05,Won,171446.52,20
1065,OPP-001065,12389,6,4,Nordeste,Mid-Market,Serviços,2024-11-06,2024-12-16,,Open,30745.58,420
1066,OPP-001066,12398,9,2,Sudeste,SMB,Serviços,2024-12-06,2025-01-01,2024-12-20,Lost,7665.46,14
1067,OPP-001067,12404,4,2,Sudeste,SMB,Saúde,2024-11-29,2025-01-20,2025-02-11,Won,8858.09,74
1068,OPP-001068,12410,3,3,Sudeste,Mid-Market,Educação,2024-11-11,2024-12-31,2025-01-13,Won,28490.18,63
1069,OPP-001069,12411,11,3,Nordeste,SMB,Serviços,2024-11-15,2024-12-10,,Open,10732.56,411
1070,OPP-001070,12413,5,6,Centro-Oeste,Enterprise,Tecnologia,2024-12-02,2024-12-31,2024-12-12,Lost,95080.56,10
1071,OPP-001071,12415,10,3,Sul,Mid-Market,Serviços,2024-11-05,2025-01-15,,Open,31698.2,421
1072,OPP-001072,12431,1,2,Sul,Mid-Market,Indústria,2024-11-12,2024-12-15,,Open,25193.37,414
1073,OPP-001073,12441,6,5,Sudeste,SMB,Serviços,2024-11-10,2024-12-09,2024-12-09,Lost,12272.49,29
1074,OPP-001074,12452,2,5,Sudeste,SMB,Varejo,2024-12-01,2025-01-01,2025-01-11,Won,10522.63,41
1075,OPP-001075,12479,12,6,Sudeste,Mid-Market,Tecnologia,2024-11-19,2024-12-19,2024-12-02,Won,34691.66,13
1076,OPP-001076,12499,3,1,Centro-Oeste,SMB,Tecnologia,2024-12-09,2025-02-04,2025-02-05,Lost,6881.81,58
1077,OPP-001077,12515,12,3,Centro-Oeste,Mid-Market,Varejo,2024-11-24,2025-01-11,2025-01-07,Won,99813.95,44
1078,OPP-001078,12532,11,3,Centro-Oeste,Enterprise,Tecnologia,2024-11-24,2025-01-30,2025-02-23,Lost,63079.53,91
1079,OPP-001079,12533,12,2,Sudeste,SMB,Indústria,2024-11-14,2025-01-08,2024-12-30,Won,7874.67,46
1080,OPP-001080,12544,5,3,Sudeste,Enterprise,Indústria,2024-11-21,2025-01-29,2025-02-16,Won,58055.93,87
1081,OPP-001081,12548,12,1,Nordeste,Mid-Market,Indústria,2024-12-20,2025-01-10,,Open,24170.16,376
1082,OPP-001082,12570,7,3,Nordeste,Mid-Market,Varejo,2024-11-12,2025-01-22,2024-12-24,Won,29654.77,42
1083,OPP-001083,12578,7,6,Sudeste,Mid-Market,Serviços,2024-12-01,2025-01-29,2025-02-13,Won,23246.25,74
1084,OPP-001084,12595,8,3,Centro-Oeste,Enterprise,Tecnologia,2024-11-26,2024-12-16,2024-12-25,Won,88941.31,29
1085,OPP-001085,12614,3,4,Centro-Oeste,Enterprise,Indústria,2024-11-26,2025-02-04,2025-02-03,Won,107538.51,69
1086,OPP-001086,12615,1,1,Sul,Mid-Market,Varejo,2024-12-01,2025-02-13,2025-02-08,Lost,18308.16,69
1087,OPP-001087,12619,5,2,Nordeste,Enterprise,Indústria,2024-12-17,2025-02-23,2025-02-27,Lost,73681.14,72
1088,OPP-001088,12626,6,3,Sudeste,Mid-Market,Serviços,2024-11-17,2025-01-02,2024-12-19,Won,54050.31,32
1089,OPP-001089,12628,1,2,Sudeste,SMB,Varejo,2024-11-27,2024-12-26,,Open,12599.77,399
1090,OPP-001090,12665,10,1,Sudeste,Enterprise,Indústria,2024-11-14,2024-12-07,2024-12-11,Won,119307.05,27
1091,OPP-001091,12678,1,3,Sudeste,Mid-Market,Varejo,2024-11-17,2024-12-20,2025-01-05,Won,37074.35,49
1092,OPP-001092,12693,8,6,Sudeste,Enterprise,Varejo,2024-12-17,2025-02-27,2025-03-08,Won,94799.76,81
1093,OPP-001093,12707,7,1,Nordeste,Mid-Market,Saúde,2024-11-27,2025-02-08,2025-02-04,Won,28893.21,69
1094,OPP-001094,12718,1,4,Sudeste,SMB,Tecnologia,2024-11-21,2024-12-24,2024-12-22,Lost,8023.39,31
1095,OPP-001095,12722,4,1,Sudeste,SMB,Varejo,2024-11-26,2024-12-26,2024-12-10,Lost,6557.34,14
1096,OPP-001096,12730,7,3,Nordeste,Mid-Market,Tecnologia,2024-12-11,2025-02-17,2025-03-12,Lost,38757.71,91
1097,OPP-001097,12753,5,3,Sudeste,SMB,Indústria,2024-12-08,2025-01-09,2024-12-19,Won,12699.11,11
1098,OPP-001098,12755,6,6,Sudeste,Mid-Market,Serviços,2024-11-18,2025-01-22,2025-01-25,Won,23392.69,68
1099,OPP-001099,12761,12,4,Sudeste,Enterprise,Varejo,2024-11-16,2024-12-27,2025-01-06,Lost,233157.62,51
1100,OPP-001100,12771,1,3,Centro-Oeste,SMB,Varejo,2024-11-30,2025-02-09,2025-01-25,Lost,5570.39,56
1101,OPP-001101,12775,3,3,Nordeste,Mid-Market,Varejo,2024-12-24,2025-01-21,,Open,15691.47,372
1102,OPP-001102,12786,6,2,Nordeste,SMB,Indústria,2024-11-20,2025-01-20,2025-02-06,Won,7841.43,78
1103,OPP-001103,12789,5,4,Sul,Mid-Market,Saúde,2024-12-07,2025-02-19,2025-02-22,Lost,42568.93,77
1104,OPP-001104,12791,5,3,Centro-Oeste,Mid-Market,Saúde,2024-12-05,2025-01-30,2025-01-09,Lost,29591.26,35
1105,OPP-001105,12802,6,3,Sudeste,SMB,Indústria,2024-11-18,2025-01-19,2025-01-18,Lost,8944.39,61
1106,OPP-001106,12845,9,1,Nordeste,Mid-Market,Indústria,2024-12-21,2025-01-11,2025-01-22,Won,25384.19,32
1107,OPP-001107,12850,1,3,Centro-Oeste,Mid-Market,Educação,2024-12-26,2025-02-16,2025-02-15,Won,62039.39,51
1108,OPP-001108,12871,7,6,Nordeste,Mid-Market,Serviços,2024-11-21,2025-01-08,2025-01-19,Won,11963.31,59
1109,OPP-001109,12877,10,4,Sudeste,SMB,Varejo,2024-11-24,2024-12-31,,Open,8980.82,402
1110,OPP-001110,12883,8,2,Centro-Oeste,Enterprise,Saúde,2024-12-01,2025-01-28,,Open,113332.9,395
1111,OPP-001111,12896,5,3,Centro-Oeste,Mid-Market,Varejo,2024-12-27,2025-01-22,2025-01-14,Won,30890.24,18
1112,OPP-001112,12905,8,1,Nordeste,Mid-Market,Varejo,2024-12-09,2025-02-21,2025-02-22,Lost,27994.48,75
1113,OPP-001113,12934,6,4,Centro-Oeste,Mid-Market,Serviços,2024-11-26,2025-02-06,2025-02-08,Won,48960.85,74
1114,OPP-001114,12943,4,3,Sul,Mid-Market,Educação,2024-11-25,2025-01-31,2025-01-21,Won,39447.39,57
1115,OPP-001115,12966,2,4,Sudeste,SMB,Tecnologia,2024-12-01,2025-01-29,,Open,4304.56,395
1116,OPP-001116,12967,3,3,Sul,SMB,Varejo,2024-12-10,2025-01-09,2025-01-17,Lost,9705.42,38
1117,OPP-001117,12973,10,5,Sudeste,Enterprise,Indústria,2024-11-24,2024-12-30,2024-12-26,Won,70292.54,32
1118,OPP-001118,12977,1,3,Nordeste,Mid-Market,Serviços,2024-11-14,2025-01-15,2025-02-19,Lost,41245.44,97
1119,OPP-001119,12979,4,1,Sudeste,Mid-Market,Tecnologia,2024-12-10,2025-01-08,2025-01-14,Won,54204.66,35
1120,OPP-001120,12983,7,4,Sudeste,Enterprise,Serviços,2024-11-13,2024-12-23,2025-01-06,Won,112114.32,54
1121,OPP-001121,12984,3,3,Sul,Enterprise,Indústria,2024-11-25,2025-01-30,2025-01-17,Won,172470.89,53
1122,OPP-001122,12990,8,1,Sudeste,Mid-Market,Tecnologia,2024-12-20,2025-01-26,2025-02-18,Won,16001.39,60
1123,OPP-001123,12992,7,2,Sul,SMB,Saúde,2024-12-03,2025-01-12,2025-01-10,Lost,5850.8,38
1124,OPP-001124,13004,7,3,Nordeste,Enterprise,Indústria,2024-11-23,2025-01-22,,Open,60337.83,403
1125,OPP-001125,13040,11,6,Nordeste,Mid-Market,Indústria,2024-11-19,2024-12-13,2025-01-09,Won,29460.03,51
1126,OPP-001126,13042,3,3,Sudeste,Enterprise,Tecnologia,2024-12-19,2025-02-25,,Open,66615.98,377
1127,OPP-001127,13060,7,3,Sudeste,SMB,Serviços,2024-11-21,2025-01-08,2025-02-06,Won,6413.53,77
1128,OPP-001128,13090,12,5,Nordeste,SMB,Serviços,2024-12-18,2025-02-20,2025-02-10,Won,12847.15,54
1129,OPP-001129,13092,11,3,Sudeste,Mid-Market,Saúde,2024-11-25,2025-01-08,2025-01-18,Won,31656.97,54
1130,OPP-001130,13118,7,6,Sudeste,SMB,Varejo,2024-12-30,2025-03-02,2025-03-04,Won,11333.62,64
1131,OPP-001131,13136,11,6,Centro-Oeste,Enterprise,Saúde,2024-12-29,2025-03-03,2025-03-04,Won,84099.19,65
1132,OPP-001132,13154,10,3,Sudeste,Enterprise,Indústria,2025-01-01,2025-02-27,2025-03-01,Lost,77335.37,59
1133,OPP-001133,13173,5,5,Sul,SMB,Saúde,2024-11-29,2025-01-14,2025-02-12,Won,8656.03,75
1134,OPP-001134,13180,3,6,Sudeste,Enterprise,Varejo,2024-11-25,2024-12-19,,Open,73862.8,401
1135,OPP-001135,13198,8,5,Sul,SMB,Varejo,2024-12-14,2025-01-17,2025-01-22,Lost,7670.33,39
1136,OPP-001136,13247,11,6,Sudeste,Mid-Market,Saúde,2024-12-09,2025-01-11,,Open,41336.98,387
1137,OPP-001137,13248,1,1,Sudeste,Enterprise,Serviços,2024-12-18,2025-03-01,,Open,102003.44,378
1138,OPP-001138,13252,11,1,Sudeste,Mid-Market,Educação,2024-12-27,2025-02-26,2025-02-26,Lost,7893.82,61
1139,OPP-001139,13283,7,6,Sul,SMB,Serviços,2024-12-07,2025-01-14,2025-01-26,Lost,7411.9,50
1140,OPP-001140,13285,12,6,Sul,Enterprise,Serviços,2024-12-10,2025-01-09,2024-12-24,Won,174056.25,14
1141,OPP-001141,13306,1,1,Sudeste,SMB,Serviços,2024-12-09,2025-02-13,2025-02-28,Won,7521.78,81
1142,OPP-001142,13318,4,2,Sul,Mid-Market,Serviços,2024-12-01,2025-01-15,2025-01-15,Won,105732.08,45
1143,OPP-001143,13319,1,4,Sul,Enterprise,Serviços,2024-12-16,2025-01-09,2025-01-20,Lost,149332.6,35
1144,OPP-001144,13351,3,4,Sudeste,Enterprise,Educação,2024-12-25,2025-02-04,2025-02-02,Lost,79272.91,39
1145,OPP-001145,13399,12,3,Sudeste,Mid-Market,Varejo,2024-12-21,2025-02-25,2025-02-13,Lost,15704.68,54
1146,OPP-001146,13400,12,1,Nordeste,Enterprise,Educação,2024-12-15,2025-01-22,2025-01-31,Won,98702.4,47
1147,OPP-001147,13412,7,1,Sudeste,SMB,Educação,2024-12-01,2025-02-11,2025-02-03,Lost,11078.31,64
1148,OPP-001148,13413,9,4,Sudeste,SMB,Educação,2024-12-31,2025-02-27,2025-03-04,Lost,8918.36,63
1149,OPP-001149,13421,7,2,Nordeste,Mid-Market,Indústria,2025-01-13,2025-02-05,2025-01-24,Won,42344.43,11
1150,OPP-001150,13423,3,6,Centro-Oeste,SMB,Varejo,2024-12-26,2025-02-12,2025-02-19,Won,5858.22,55
1151,OPP-001151,13426,2,2,Sudeste,Mid-Market,Indústria,2024-12-03,2025-01-14,2025-01-10,Won,23976.55,38
1152,OPP-001152,13429,11,1,Sudeste,Enterprise,Serviços,2025-01-11,2025-03-13,2025-02-16,Won,77655.02,36
1153,OPP-001153,13433,2,2,Nordeste,Mid-Market,Serviços,2024-12-06,2025-01-31,2025-01-29,Won,32663.16,54
1154,OPP-001154,13452,12,3,Nordeste,Mid-Market,Varejo,2024-12-09,2025-01-29,2025-01-02,Lost,25610.35,24
1155,OPP-001155,13454,6,3,Sul,Enterprise,Tecnologia,2024-12-20,2025-02-09,2025-02-14,Lost,74705.24,56
1156,OPP-001156,13468,5,4,Sudeste,Mid-Market,Tecnologia,2025-01-10,2025-02-13,2025-02-27,Lost,33081.65,48
1157,OPP-001157,13476,7,3,Sudeste,Mid-Market,Serviços,2024-12-21,2025-01-15,2025-01-19,Won,31683.08,29
1158,OPP-001158,13478,5,3,Nordeste,SMB,Serviços,2025-01-02,2025-01-26,,Open,3973.99,363
1159,OPP-001159,13482,6,1,Sudeste,Enterprise,Serviços,2024-12-13,2025-02-10,2025-02-19,Lost,104306.15,68
1160,OPP-001160,13513,5,4,Sul,Enterprise,Indústria,2024-12-23,2025-01-28,2025-01-11,Won,56330.44,19
1161,OPP-001161,13516,2,5,Sudeste,Enterprise,Educação,2024-12-23,2025-02-15,2025-02-14,Won,50567.83,53
1162,OPP-001162,13533,6,1,Centro-Oeste,Enterprise,Varejo,2024-12-27,2025-01-25,2025-02-04,Won,76041.89,39
1163,OPP-001163,13552,6,4,Sudeste,SMB,Varejo,2024-12-10,2025-02-13,2025-01-24,Lost,8833.74,45
1164,OPP-001164,13554,4,6,Sul,Enterprise,Indústria,2024-12-26,2025-03-01,2025-02-15,Won,145853.57,51
1165,OPP-001165,13573,11,6,Sul,SMB,Saúde,2024-12-03,2025-01-23,2025-01-19,Lost,5427.51,47
1166,OPP-001166,13575,9,3,Sudeste,SMB,Educação,2024-12-24,2025-03-05,2025-03-13,Lost,6015.08,79
1167,OPP-001167,13577,6,2,Sudeste,Mid-Market,Varejo,2025-01-04,2025-01-30,2025-02-14,Won,38870.52,41
1168,OPP-001168,13599,1,2,Sul,Mid-Market,Serviços,2024-12-22,2025-02-10,2025-02-13,Won,53885.55,53
1169,OPP-001169,13601,9,3,Nordeste,Mid-Market,Tecnologia,2024-12-02,2025-01-27,2025-01-19,Won,16001.48,48
1170,OPP-001170,13603,2,2,Sudeste,Mid-Market,Tecnologia,2024-12-16,2025-02-27,,Open,77734.8,380
1171,OPP-001171,13615,9,5,Nordeste,Mid-Market,Varejo,2025-01-11,2025-03-10,2025-03-28,Lost,23923.92,76
1172,OPP-001172,13633,10,6,Nordeste,Mid-Market,Varejo,2025-01-08,2025-03-04,,Open,43564.23,357
1173,OPP-001173,13646,6,4,Sudeste,Mid-Market,Varejo,2024-12-08,2025-02-02,2025-02-15,Lost,44981.14,69
1174,OPP-001174,13665,4,4,Sul,Mid-Market,Educação,2024-12-27,2025-02-20,2025-02-24,Won,34229.78,59
1175,OPP-001175,13690,5,2,Centro-Oeste,Mid-Market,Serviços,2025-01-12,2025-02-07,2025-02-05,Won,37138.59,24
1176,OPP-001176,13706,5,4,Sudeste,Enterprise,Varejo,2024-12-12,2025-01-13,2025-01-19,Won,198700.34,38
1177,OPP-001177,13737,4,3,Nordeste,Enterprise,Tecnologia,2025-01-15,2025-02-06,2025-01-29,Won,114997.75,14
1178,OPP-001178,13752,4,3,Sul,Mid-Market,Serviços,2025-01-03,2025-03-10,2025-02-27,Lost,43293.78,55
1179,OPP-001179,13753,8,5,Centro-Oeste,SMB,Indústria,2024-12-28,2025-02-25,2025-02-13,Won,13628.53,47
1180,OPP-001180,13755,5,2,Sudeste,SMB,Saúde,2025-01-01,2025-02-16,,Open,5031.33,364
1181,OPP-001181,13764,10,2,Sudeste,SMB,Serviços,2024-12-27,2025-02-07,2025-01-22,Lost,14251.07,26
1182,OPP-001182,13780,7,3,Sudeste,SMB,Indústria,2024-12-23,2025-01-13,2025-02-09,Lost,10273.65,48
1183,OPP-001183,13788,6,1,Sudeste,SMB,Varejo,2025-01-02,2025-03-06,2025-04-21,Lost,13079.6,109
1184,OPP-001184,13791,1,2,Nordeste,SMB,Varejo,2025-01-19,2025-03-19,2025-03-18,Won,12763.38,58
1185,OPP-001185,13796,7,3,Centro-Oeste,Enterprise,Saúde,2025-01-16,2025-02-16,2025-02-17,Won,120006.59,32
1186,OPP-001186,13802,4,4,Sudeste,Enterprise,Educação,2024-12-23,2025-02-07,2025-02-25,Won,194362.0,64
1187,OPP-001187,13812,7,4,Sudeste,Mid-Market,Indústria,2024-12-27,2025-01-22,2025-02-15,Won,36656.79,50
1188,OPP-001188,13836,7,4,Centro-Oeste,Mid-Market,Saúde,2025-01-10,2025-03-17,2025-04-01,Won,34177.15,81
1189,OPP-001189,13841,12,1,Sudeste,SMB,Serviços,2025-01-02,2025-03-14,2025-03-21,Lost,8948.44,78
1190,OPP-001190,13844,11,3,Sul,Mid-Market,Indústria,2024-12-25,2025-01-27,2025-02-12,Won,51807.67,49
1191,OPP-001191,13847,3,4,Sudeste,Mid-Market,Indústria,2024-12-19,2025-02-13,2025-03-03,Won,58317.74,74
1192,OPP-001192,13852,1,3,Sudeste,Enterprise,Educação,2024-12-17,2025-01-24,2025-01-28,Won,93848.21,42
1193,OPP-001193,13857,12,6,Sudeste,Mid-Market,Serviços,2024-12-31,2025-02-18,2025-01-28,Won,44481.3,28
1194,OPP-001194,13870,12,6,Sudeste,Mid-Market,Indústria,2024-12-28,2025-01-29,2025-02-08,Lost,33419.83,42
1195,OPP-001195,13874,10,5,Nordeste,Enterprise,Varejo,2024-12-20,2025-01-22,2025-01-24,Lost,83772.87,35
1196,OPP-001196,13879,2,4,Sul,Enterprise,Indústria,2024-12-26,2025-03-08,2025-03-10,Won,57704.2,74
1197,OPP-001197,13885,7,3,Sul,Mid-Market,Varejo,2025-01-07,2025-02-21,2025-03-08,Won,27208.89,60
1198,OPP-001198,13918,4,3,Sudeste,Enterprise,Varejo,2024-12-14,2025-01-29,2025-01-29,Lost,204363.92,46
1199,OPP-001199,13930,10,3,Sudeste,SMB,Indústria,2024-12-20,2025-01-31,2025-01-30,Won,11715.52,41
1200,OPP-001200,13933,6,3,Nordeste,SMB,Saúde,2025-01-08,2025-03-02,2025-03-30,Won,8344.24,81
1201,OPP-001201,13935,4,4,Sudeste,Enterprise,Educação,2025-01-07,2025-03-21,2025-04-01,Won,86239.98,84
1202,OPP-001202,13936,5,2,Sul,Enterprise,Saúde,2025-01-07,2025-03-13,2025-03-13,Won,75153.02,65
1203,OPP-001203,13941,9,4,Centro-Oeste,Enterprise,Serviços,2024-12-24,2025-02-08,2025-02-17,Won,118187.15,55
1204,OPP-001204,13942,12,2,Sul,Mid-Market,Serviços,2024-12-29,2025-01-21,2025-01-21,Won,29414.67,23
1205,OPP-001205,13943,4,4,Sudeste,SMB,Indústria,2024-12-22,2025-02-26,2025-02-25,Won,11911.24,65
1206,OPP-001206,13947,11,4,Centro-Oeste,SMB,Saúde,2024-12-14,2025-01-24,2025-01-09,Lost,7316.52,26
1207,OPP-001207,13985,2,6,Nordeste,SMB,Varejo,2024-12-25,2025-03-08,2025-04-14,Won,10761.17,110
1208,OPP-001208,13995,8,2,Sudeste,Mid-Market,Tecnologia,2024-12-19,2025-01-26,2025-02-10,Lost,31363.56,53
1209,OPP-001209,13996,12,1,Nordeste,Mid-Market,Serviços,2024-12-24,2025-01-20,,Open,23570.32,372
1210,OPP-001210,13999,11,1,Sul,SMB,Indústria,2025-01-11,2025-02-28,,Open,13517.6,354
1211,OPP-001211,14001,1,3,Sul,SMB,Educação,2025-01-13,2025-03-22,2025-04-21,Lost,17990.43,98
1212,OPP-001212,14007,2,5,Sul,Mid-Market,Serviços,2024-12-23,2025-02-21,,Open,26445.62,373
1213,OPP-001213,14020,10,5,Sudeste,Enterprise,Tecnologia,2024-12-28,2025-02-28,2025-03-06,Won,205326.44,68
1214,OPP-001214,14025,11,3,Nordeste,Mid-Market,Saúde,2024-12-29,2025-02-01,2025-01-27,Lost,8433.59,29
1215,OPP-001215,14040,7,2,Sul,Mid-Market,Serviços,2024-12-28,2025-03-09,2025-03-15,Lost,26304.61,77
1216,OPP-001216,14043,12,4,Sudeste,SMB,Varejo,2024-12-31,2025-02-27,2025-03-13,Lost,9494.78,72
1217,OPP-001217,14045,12,4,Sul,SMB,Serviços,2025-01-11,2025-02-26,2025-02-21,Lost,7735.81,41
1218,OPP-001218,14066,5,3,Sudeste,Enterprise,Serviços,2024-12-17,2025-01-31,2025-02-04,Won,134182.96,49
1219,OPP-001219,14083,4,2,Sudeste,SMB,Indústria,2024-12-30,2025-03-08,2025-03-04,Won,8268.75,64
1220,OPP-001220,14086,12,2,Sudeste,SMB,Varejo,2025-01-11,2025-01-31,,Open,20308.5,354
1221,OPP-001221,14112,8,2,Sudeste,SMB,Indústria,2024-12-15,2025-02-15,2025-02-07,Won,15654.53,54
1222,OPP-001222,14118,3,1,Sudeste,SMB,Tecnologia,2025-01-03,2025-02-15,2025-03-04,Won,11045.81,60
1223,OPP-001223,14147,2,2,Sudeste,SMB,Indústria,2025-01-18,2025-03-22,2025-03-28,Won,6618.45,69
1224,OPP-001224,14154,3,1,Sudeste,SMB,Varejo,2025-01-06,2025-02-05,2025-02-06,Won,11505.66,31
1225,OPP-001225,14161,2,3,Sudeste,Enterprise,Varejo,2024-12-30,2025-02-14,2025-01-23,Won,109500.9,24
1226,OPP-001226,14170,1,4,Sudeste,Enterprise,Indústria,2024-12-29,2025-02-06,2025-02-06,Lost,97534.48,39
1227,OPP-001227,14177,6,3,Sul,Enterprise,Tecnologia,2024-12-31,2025-02-20,2025-02-24,Won,89539.67,55
1228,OPP-001228,14179,1,3,Sul,Mid-Market,Tecnologia,2025-01-06,2025-02-25,2025-03-04,Won,60910.69,57
1229,OPP-001229,14186,10,1,Sudeste,SMB,Serviços,2024-12-21,2025-01-29,2025-01-23,Lost,6341.12,33
1230,OPP-001230,14189,10,4,Sudeste,Mid-Market,Saúde,2025-01-15,2025-02-09,2025-01-17,Won,23022.88,5
1231,OPP-001231,14193,1,4,Nordeste,SMB,Varejo,2025-01-11,2025-02-13,,Open,8991.88,354
1232,OPP-001232,14194,4,5,Sudeste,SMB,Varejo,2024-12-26,2025-02-15,2025-02-15,Won,5625.38,51
1233,OPP-001233,14202,4,6,Nordeste,SMB,Serviços,2024-12-29,2025-03-03,2025-03-31,Won,8234.06,92
1234,OPP-001234,14207,3,4,Sudeste,Enterprise,Varejo,2024-12-31,2025-03-02,2025-03-23,Won,58446.63,82
1235,OPP-001235,14209,4,1,Nordeste,SMB,Serviços,2025-01-02,2025-01-30,2025-02-01,Won,8167.4,30
1236,OPP-001236,14228,3,2,Sul,SMB,Serviços,2025-01-26,2025-03-08,2025-03-02,Won,10832.29,35
1237,OPP-001237,14250,5,2,Sudeste,SMB,Indústria,2024-12-22,2025-02-26,2025-02-22,Lost,5572.79,62
1238,OPP-001238,14262,8,3,Sudeste,Mid-Market,Indústria,2025-01-06,2025-03-04,2025-03-16,Won,21518.79,69
1239,OPP-001239,14280,7,2,Nordeste,SMB,Serviços,2025-01-01,2025-02-26,2025-03-01,Lost,4086.83,59
1240,OPP-001240,14297,1,1,Sul,SMB,Serviços,2025-01-09,2025-03-12,2025-03-10,Won,7878.93,60
1241,OPP-001241,14299,8,1,Sul,Mid-Market,Saúde,2024-12-30,2025-01-27,2025-01-22,Won,24535.83,23
1242,OPP-001242,14308,2,6,Sul,SMB,Serviços,2024-12-31,2025-02-12,2025-01-31,Lost,13816.3,31
1243,OPP-001243,14322,7,3,Sul,Enterprise,Serviços,2025-01-14,2025-02-05,2025-01-23,Won,58194.6,9
1244,OPP-001244,14327,1,2,Sudeste,Mid-Market,Saúde,2025-01-12,2025-02-16,2025-02-19,Won,24678.44,38
1245,OPP-001245,14340,9,2,Sudeste,SMB,Indústria,2024-12-26,2025-02-24,2025-03-05,Won,10601.86,69
1246,OPP-001246,14366,12,4,Sudeste,Mid-Market,Varejo,2024-12-29,2025-02-15,2025-01-30,Won,49763.23,32
1247,OPP-001247,14380,6,3,Nordeste,Enterprise,Serviços,2025-01-08,2025-02-13,2025-02-17,Won,99666.62,40
1248,OPP-001248,14383,2,4,Centro-Oeste,SMB,Tecnologia,2025-01-21,2025-02-20,2025-02-18,Lost,7507.13,28
1249,OPP-001249,14394,4,5,Nordeste,SMB,Indústria,2024-12-18,2025-02-24,2025-03-08,Lost,5667.74,80
1250,OPP-001250,14418,9,4,Nordeste,Mid-Market,Indústria,2025-01-19,2025-03-15,2025-03-22,Won,16852.44,62
1251,OPP-001251,14429,2,2,Nordeste,Enterprise,Serviços,2025-01-25,2025-02-20,2025-03-03,Won,68905.19,37
1252,OPP-001252,14433,8,4,Sudeste,Mid-Market,Varejo,2025-01-06,2025-02-10,,Open,58359.2,359
1253,OPP-001253,14440,7,4,Sudeste,Enterprise,Saúde,2025-01-03,2025-02-11,,Open,70652.28,362
1254,OPP-001254,14442,8,3,Sudeste,Enterprise,Indústria,2024-12-28,2025-01-26,2025-01-21,Won,151583.97,24
1255,OPP-001255,14453,4,1,Sudeste,Mid-Market,Varejo,2025-02-03,2025-03-21,2025-03-22,Lost,52888.68,47
1256,OPP-001256,14460,6,2,Sudeste,SMB,Saúde,2025-01-18,2025-03-20,2025-03-10,Won,5959.47,51
1257,OPP-001257,14485,7,3,Sul,Enterprise,Serviços,2025-01-06,2025-03-19,2025-04-16,Won,66371.94,100
1258,OPP-001258,14494,7,5,Sul,SMB,Indústria,2025-01-07,2025-03-19,2025-03-08,Lost,8694.35,60
1259,OPP-001259,14508,3,1,Nordeste,SMB,Tecnologia,2025-01-16,2025-03-07,2025-02-27,Won,10409.41,42
1260,OPP-001260,14522,8,2,Sul,Mid-Market,Educação,2025-01-20,2025-03-13,2025-03-15,Won,21544.5,54
1261,OPP-001261,14528,12,5,Sudeste,Mid-Market,Varejo,2025-01-21,2025-03-15,2025-04-07,Lost,70469.19,76
1262,OPP-001262,14576,4,1,Sudeste,Mid-Market,Tecnologia,2025-01-22,2025-02-24,2025-03-02,Won,29558.2,39
1263,OPP-001263,14578,8,1,Nordeste,SMB,Varejo,2025-01-24,2025-02-15,2025-02-22,Lost,11088.63,29
1264,OPP-001264,14579,3,1,Sul,SMB,Varejo,2025-01-10,2025-02-26,2025-02-23,Lost,9108.3,44
1265,OPP-001265,14591,4,6,Nordeste,Enterprise,Varejo,2025-01-31,2025-02-22,2025-02-28,Won,65488.86,28
1266,OPP-001266,14610,6,6,Sul,Mid-Market,Serviços,2025-01-27,2025-02-24,2025-02-23,Won,83126.29,27
1267,OPP-001267,14617,4,2,Nordeste,Mid-Market,Indústria,2025-01-10,2025-03-22,2025-04-09,Won,22035.41,89
1268,OPP-001268,14618,7,4,Sul,SMB,Varejo,2025-01-06,2025-03-13,,Open,11588.89,359
1269,OPP-001269,14628,9,3,Sudeste,SMB,Indústria,2025-02-01,2025-02-28,2025-02-01,Won,8556.84,5
1270,OPP-001270,14636,5,3,Centro-Oeste,Mid-Market,Serviços,2025-01-30,2025-02-27,2025-02-19,Lost,32092.92,20
1271,OPP-001271,14663,7,4,Sudeste,SMB,Serviços,2025-01-20,2025-02-20,2025-03-09,Lost,7699.06,48
1272,OPP-001272,14672,3,1,Sudeste,Enterprise,Saúde,2025-01-09,2025-02-14,2025-02-05,Lost,68552.31,27
1273,OPP-001273,14678,4,4,Centro-Oeste,Enterprise,Serviços,2025-01-25,2025-03-25,2025-04-11,Won,46154.08,76
1274,OPP-001274,14696,5,4,Sudeste,Enterprise,Serviços,2025-01-17,2025-03-28,2025-03-26,Won,60519.67,68
1275,OPP-001275,14707,5,2,Sudeste,Mid-Market,Saúde,2025-01-20,2025-02-23,2025-02-06,Won,44411.92,17
1276,OPP-001276,14708,12,2,Sudeste,Mid-Market,Indústria,2024-12-26,2025-01-20,2025-01-17,Won,24774.7,22
1277,OPP-001277,14732,3,1,Sul,Enterprise,Saúde,2025-01-29,2025-02-28,2025-03-07,Won,168681.16,37
1278,OPP-001278,14735,11,3,Sudeste,SMB,Serviços,2025-01-28,2025-04-04,2025-04-01,Won,5477.89,63
1279,OPP-001279,14745,9,6,Sul,Enterprise,Serviços,2025-01-26,2025-03-31,2025-04-25,Won,139825.74,89
1280,OPP-001280,14755,1,6,Sul,Enterprise,Serviços,2025-01-04,2025-01-27,2025-01-31,Won,55829.45,27
1281,OPP-001281,14793,11,5,Sudeste,SMB,Educação,2025-01-31,2025-02-27,2025-02-23,Won,8489.97,23
1282,OPP-001282,14794,1,5,Sul,Enterprise,Serviços,2025-01-06,2025-03-19,2025-03-26,Won,96883.68,79
1283,OPP-001283,14817,9,4,Sul,Mid-Market,Indústria,2024-12-29,2025-03-12,2025-03-17,Won,15542.5,78
1284,OPP-001284,14825,6,3,Sudeste,SMB,Indústria,2025-01-26,2025-03-07,2025-03-05,Won,12341.39,38
1285,OPP-001285,14830,6,5,Sudeste,Mid-Market,Educação,2025-01-24,2025-03-13,2025-03-18,Won,30731.37,53
1286,OPP-001286,14834,7,1,Centro-Oeste,Enterprise,Varejo,2025-01-18,2025-03-09,2025-04-02,Won,33892.03,74
1287,OPP-001287,14852,12,4,Nordeste,Enterprise,Tecnologia,2024-12-24,2025-02-01,2025-01-29,Won,67429.07,36
1288,OPP-001288,14878,1,3,Sudeste,Enterprise,Tecnologia,2025-01-14,2025-03-18,2025-03-22,Won,41719.36,67
1289,OPP-001289,14890,2,3,Sudeste,Enterprise,Saúde,2025-01-26,2025-03-20,2025-03-19,Won,92715.21,52
1290,OPP-001290,14892,10,2,Sudeste,SMB,Indústria,2025-01-22,2025-03-13,2025-03-08,Won,5816.58,45
1291,OPP-001291,14911,2,2,Sudeste,SMB,Serviços,2025-01-07,2025-02-06,2025-01-25,Won,12070.55,18
1292,OPP-001292,14917,10,4,Nordeste,SMB,Varejo,2025-01-03,2025-02-23,2025-02-21,Won,4705.96,49
1293,OPP-001293,14919,2,4,Nordeste,Mid-Market,Varejo,2025-01-31,2025-04-15,2025-04-10,Won,16199.83,69
1294,OPP-001294,14921,10,3,Centro-Oeste,Enterprise,Indústria,2025-01-16,2025-03-06,2025-03-06,Won,96942.99,49
1295,OPP-001295,14960,10,2,Sudeste,SMB,Varejo,2025-01-30,2025-03-05,2025-03-08,Lost,13020.82,37
1296,OPP-001296,14964,12,6,Nordeste,Enterprise,Serviços,2025-02-04,2025-04-15,2025-04-15,Won,120909.42,70
1297,OPP-001297,14966,12,4,Sudeste,SMB,Serviços,2025-02-02,2025-02-24,2025-02-25,Won,15148.79,23
1298,OPP-001298,14970,1,6,Sudeste,SMB,Indústria,2025-02-04,2025-03-01,2025-02-15,Lost,12584.64,11
1299,OPP-001299,14997,10,3,Sudeste,Enterprise,Educação,2025-02-05,2025-04-19,2025-04-16,Lost,74712.76,70
1300,OPP-001300,14999,1,2,Sudeste,SMB,Tecnologia,2025-01-29,2025-03-17,2025-02-15,Won,8381.53,17
1301,OPP-001301,15032,6,3,Sudeste,Mid-Market,Tecnologia,2025-01-29,2025-04-12,2025-04-14,Won,54912.17,75
1302,OPP-001302,15041,11,2,Centro-Oeste,SMB,Indústria,2025-01-11,2025-02-04,2025-02-13,Lost,7968.0,33
1303,OPP-001303,15052,6,5,Sul,Mid-Market,Educação,2025-02-15,2025-04-01,,Open,52749.76,319
1304,OPP-001304,15068,7,4,Sul,SMB,Saúde,2025-01-18,2025-03-03,2025-02-07,Won,8036.31,20
1305,OPP-001305,15074,12,3,Sudeste,SMB,Varejo,2025-02-16,2025-04-10,2025-04-08,Won,10943.07,51
1306,OPP-001306,15079,11,3,Centro-Oeste,SMB,Serviços,2025-01-25,2025-02-14,2025-02-11,Lost,12356.38,17
1307,OPP-001307,15084,2,4,Sudeste,SMB,Serviços,2025-01-26,2025-03-29,2025-04-23,Lost,6856.52,87
1308,OPP-001308,15087,11,1,Sudeste,SMB,Varejo,2025-02-12,2025-03-28,2025-03-25,Lost,13598.59,41
1309,OPP-001309,15090,8,3,Nordeste,Enterprise,Varejo,2025-02-06,2025-03-09,,Open,76765.69,328
1310,OPP-001310,15092,11,3,Sudeste,Mid-Market,Saúde,2025-01-25,2025-03-10,,Open,26814.93,340
1311,OPP-001311,15096,3,6,Sul,Mid-Market,Educação,2025-02-26,2025-03-28,2025-03-29,Lost,29146.11,31
1312,OPP-001312,15112,3,2,Sul,Enterprise,Educação,2025-02-03,2025-04-10,2025-04-26,Won,59932.63,82
1313,OPP-001313,15152,7,6,Sudeste,Enterprise,Saúde,2025-02-22,2025-04-18,2025-04-06,Lost,81010.47,43
1314,OPP-001314,15163,6,4,Sul,Mid-Market,Varejo,2025-01-20,2025-03-19,2025-03-28,Won,30354.24,67
1315,OPP-001315,15181,7,3,Sul,SMB,Serviços,2025-01-23,2025-03-08,2025-03-27,Won,11420.95,63
1316,OPP-001316,15190,3,1,Centro-Oeste,SMB,Indústria,2025-02-01,2025-03-06,2025-02-19,Lost,9133.83,18
1317,OPP-001317,15203,10,3,Nordeste,SMB,Indústria,2025-02-22,2025-04-11,2025-04-16,Lost,8392.57,53
1318,OPP-001318,15210,11,4,Sul,Enterprise,Saúde,2025-02-09,2025-04-18,2025-04-09,Lost,390878.19,59
1319,OPP-001319,15212,8,1,Centro-Oeste,Enterprise,Varejo,2025-01-17,2025-03-02,2025-03-03,Lost,27809.36,45
1320,OPP-001320,15214,5,3,Sudeste,Enterprise,Indústria,2025-01-31,2025-03-05,2025-02-25,Lost,109243.89,25
1321,OPP-001321,15224,9,3,Sul,Enterprise,Educação,2025-01-15,2025-03-04,2025-03-04,Won,108468.41,48
1322,OPP-001322,15231,6,3,Sudeste,Enterprise,Tecnologia,2025-01-15,2025-02-27,2025-02-16,Won,121806.65,32
1323,OPP-001323,15232,12,5,Sudeste,Enterprise,Saúde,2025-01-08,2025-02-23,2025-02-13,Won,200255.05,36
1324,OPP-001324,15248,6,2,Sudeste,Enterprise,Indústria,2025-02-10,2025-03-23,2025-04-05,Won,85323.71,54
1325,OPP-001325,15257,2,4,Sul,Mid-Market,Educação,2025-01-30,2025-04-02,2025-03-25,Won,77757.24,54
1326,OPP-001326,15279,9,5,Sul,Mid-Market,Tecnologia,2025-01-12,2025-03-05,2025-03-14,Won,33342.5,61
1327,OPP-001327,15288,4,1,Sudeste,Enterprise,Serviços,2025-01-24,2025-02-27,2025-02-16,Won,172565.97,23
1328,OPP-001328,15289,9,4,Centro-Oeste,SMB,Educação,2025-02-05,2025-04-02,2025-03-18,Lost,13438.82,41
1329,OPP-001329,15298,1,1,Sudeste,Mid-Market,Serviços,2025-01-28,2025-04-08,2025-04-17,Won,25659.88,79
1330,OPP-001330,15338,2,1,Sudeste,Enterprise,Tecnologia,2025-02-11,2025-03-31,2025-03-16,Lost,46382.11,33
1331,OPP-001331,15354,5,4,Sudeste,Enterprise,Educação,2025-02-05,2025-04-15,2025-03-19,Lost,58896.33,42
1332,OPP-001332,15373,8,6,Sudeste,Mid-Market,Tecnologia,2025-02-19,2025-04-15,2025-04-23,Won,34704.31,63
1333,OPP-001333,15378,1,1,Nordeste,Enterprise,Varejo,2025-01-24,2025-04-08,2025-05-03,Lost,39261.59,99
1334,OPP-001334,15404,10,3,Sudeste,Enterprise,Educação,2025-01-21,2025-02-15,2025-03-19,Lost,38774.42,57
1335,OPP-001335,15407,6,1,Nordeste,SMB,Tecnologia,2025-01-19,2025-03-16,2025-03-21,Won,5632.12,61
1336,OPP-001336,15421,11,3,Sudeste,SMB,Saúde,2025-02-22,2025-03-24,2025-03-25,Won,14243.38,31
1337,OPP-001337,15446,3,2,Sudeste,SMB,Varejo,2025-01-19,2025-03-10,2025-03-06,Lost,18047.46,46
1338,OPP-001338,15471,6,1,Sul,Enterprise,Educação,2025-02-15,2025-03-26,2025-04-06,Lost,47355.25,50
1339,OPP-001339,15476,7,3,Sudeste,Enterprise,Saúde,2025-02-08,2025-03-13,2025-03-30,Won,117095.9,50
1340,OPP-001340,15483,4,3,Sudeste,Mid-Market,Varejo,2025-02-23,2025-04-24,,Open,33801.58,311
1341,OPP-001341,15486,3,5,Sudeste,SMB,Serviços,2025-01-29,2025-03-13,2025-03-01,Won,7256.82,31
1342,OPP-001342,15489,9,2,Centro-Oeste,Mid-Market,Indústria,2025-02-09,2025-04-19,2025-04-24,Won,14756.29,74
1343,OPP-001343,15502,11,6,Nordeste,SMB,Indústria,2025-02-05,2025-03-21,2025-03-12,Lost,12471.77,35
1344,OPP-001344,15503,12,2,Centro-Oeste,Mid-Market,Varejo,2025-02-03,2025-03-24,2025-03-10,Won,17412.73,35
1345,OPP-001345,15528,5,4,Sudeste,SMB,Serviços,2025-02-07,2025-03-15,2025-02-27,Lost,8278.91,20
1346,OPP-001346,15535,8,4,Sudeste,Mid-Market,Serviços,2025-01-28,2025-03-22,2025-03-11,Won,54622.96,42
1347,OPP-001347,15544,11,3,Centro-Oeste,Mid-Market,Serviços,2025-02-15,2025-04-11,2025-03-26,Won,30670.79,39
1348,OPP-001348,15545,11,4,Nordeste,SMB,Indústria,2025-02-03,2025-03-20,2025-04-18,Lost,10570.51,74
1349,OPP-001349,15546,11,1,Sudeste,Mid-Market,Varejo,2025-01-29,2025-03-17,2025-02-25,Lost,21371.04,27
1350,OPP-001350,15548,12,2,Sudeste,Mid-Market,Tecnologia,2025-02-07,2025-03-20,2025-02-26,Lost,53455.49,19
1351,OPP-001351,15558,6,1,Nordeste,Mid-Market,Varejo,2025-01-24,2025-03-14,2025-03-19,Lost,30675.49,54
1352,OPP-001352,15559,7,1,Sudeste,SMB,Varejo,2025-02-01,2025-03-07,,Open,10597.22,333
1353,OPP-001353,15580,1,3,Sudeste,Enterprise,Tecnologia,2025-02-08,2025-03-13,2025-03-18,Won,172327.13,38
1354,OPP-001354,15588,4,2,Nordeste,Mid-Market,Varejo,2025-01-31,2025-03-08,2025-03-08,Won,45236.13,36
1355,OPP-001355,15590,8,4,Sudeste,Enterprise,Educação,2025-02-27,2025-04-15,2025-04-12,Won,149760.44,44
1356,OPP-001356,15596,9,1,Sudeste,Mid-Market,Saúde,2025-01-27,2025-04-06,2025-04-15,Won,16381.27,78
1357,OPP-001357,15620,7,2,Nordeste,Mid-Market,Varejo,2025-02-06,2025-03-28,2025-04-05,Won,17925.31,58
1358,OPP-001358,15625,2,1,Nordeste,Mid-Market,Serviços,2025-01-28,2025-03-12,2025-02-28,Lost,34581.67,31
1359,OPP-001359,15635,10,4,Sul,SMB,Varejo,2025-02-21,2025-04-21,,Open,12383.43,313
1360,OPP-001360,15645,5,5,Sudeste,SMB,Varejo,2025-01-22,2025-03-20,2025-03-11,Won,4802.97,48
1361,OPP-001361,15669,4,1,Sul,SMB,Serviços,2025-01-21,2025-03-17,2025-02-16,Won,7539.11,26
1362,OPP-001362,15672,6,1,Nordeste,Mid-Market,Tecnologia,2025-01-19,2025-03-31,2025-04-03,Won,24034.68,74
1363,OPP-001363,15679,10,4,Sudeste,SMB,Educação,2025-02-13,2025-04-11,2025-03-25,Won,10771.66,40
1364,OPP-001364,15721,4,5,Nordeste,SMB,Varejo,2025-01-21,2025-03-07,2025-03-05,Lost,13838.6,43
1365,OPP-001365,15724,3,4,Sudeste,Mid-Market,Serviços,2025-02-04,2025-04-02,2025-04-20,Lost,51854.61,75
1366,OPP-001366,15733,11,1,Nordeste,Mid-Market,Tecnologia,2025-01-23,2025-04-06,2025-03-30,Won,44189.7,66
1367,OPP-001367,15738,3,6,Sul,Mid-Market,Tecnologia,2025-01-29,2025-04-02,2025-03-26,Lost,28454.77,56
1368,OPP-001368,15747,9,3,Sudeste,Mid-Market,Varejo,2025-02-18,2025-04-24,2025-04-19,Won,31527.43,60
1369,OPP-001369,15752,3,4,Sul,Mid-Market,Indústria,2025-02-06,2025-03-23,2025-03-12,Won,17676.82,34
1370,OPP-001370,15755,9,3,Sul,SMB,Serviços,2025-02-08,2025-04-18,2025-04-21,Lost,9094.5,72
1371,OPP-001371,15782,10,3,Sudeste,Enterprise,Varejo,2025-02-04,2025-03-16,2025-03-20,Lost,104242.48,44
1372,OPP-001372,15799,10,1,Nordeste,Mid-Market,Indústria,2025-01-29,2025-03-14,2025-03-15,Lost,11308.69,45
1373,OPP-001373,15803,5,2,Sul,Enterprise,Tecnologia,2025-01-28,2025-03-01,2025-03-08,Won,20697.06,39
1374,OPP-001374,15820,12,4,Sudeste,Mid-Market,Saúde,2025-02-18,2025-04-18,2025-05-06,Lost,17796.89,77
1375,OPP-001375,15825,12,2,Nordeste,Enterprise,Serviços,2025-01-23,2025-03-11,2025-02-13,Lost,56181.82,21
1376,OPP-001376,15848,3,1,Centro-Oeste,Mid-Market,Varejo,2025-02-05,2025-03-10,2025-03-22,Lost,26869.89,45
1377,OPP-001377,15859,5,4,Sudeste,Mid-Market,Saúde,2025-02-08,2025-03-13,2025-02-23,Won,28268.17,15
1378,OPP-001378,15866,1,1,Nordeste,SMB,Indústria,2025-02-16,2025-03-27,2025-03-17,Won,7347.1,29
1379,OPP-001379,15876,3,3,Sul,SMB,Saúde,2025-02-18,2025-04-22,,Open,10257.33,316
1380,OPP-001380,15877,8,5,Sudeste,SMB,Varejo,2025-02-19,2025-04-23,2025-04-21,Won,7896.28,61
1381,OPP-001381,15894,4,3,Sul,Mid-Market,Serviços,2025-02-03,2025-04-16,2025-04-16,Lost,62446.72,72
1382,OPP-001382,15901,5,1,Sul,Enterprise,Tecnologia,2025-01-27,2025-02-17,2025-02-10,Won,95928.21,14
1383,OPP-001383,15918,10,1,Sudeste,Mid-Market,Varejo,2025-01-23,2025-03-04,2025-02-23,Lost,34886.03,31
1384,OPP-001384,15925,6,3,Sudeste,SMB,Varejo,2025-03-06,2025-05-19,2025-04-28,Won,7829.53,53
1385,OPP-001385,15931,2,3,Centro-Oeste,Mid-Market,Saúde,2025-02-10,2025-03-17,2025-04-08,Won,29932.58,57
1386,OPP-001386,15933,10,1,Centro-Oeste,Mid-Market,Saúde,2025-02-19,2025-04-12,2025-03-28,Won,23441.49,37
1387,OPP-001387,15945,11,1,Sudeste,Mid-Market,Serviços,2025-03-01,2025-04-17,2025-04-18,Lost,14726.84,48
1388,OPP-001388,15952,3,1,Nordeste,SMB,Varejo,2025-03-04,2025-05-15,2025-05-19,Won,12801.92,76
1389,OPP-001389,15961,5,4,Sul,Mid-Market,Tecnologia,2025-02-17,2025-03-15,2025-03-11,Won,48144.88,22
1390,OPP-001390,15996,3,3,Nordeste,Enterprise,Varejo,2025-03-07,2025-05-15,2025-05-10,Lost,68204.14,64
1391,OPP-001391,16017,6,1,Centro-Oeste,SMB,Varejo,2025-02-07,2025-03-25,2025-03-27,Lost,8205.2,48
1392,OPP-001392,16039,10,3,Sudeste,Mid-Market,Tecnologia,2025-02-15,2025-03-24,2025-04-17,Won,29678.56,61
1393,OPP-001393,16045,7,4,Nordeste,SMB,Varejo,2025-02-19,2025-04-08,2025-04-04,Won,5547.82,44
1394,OPP-001394,16056,1,6,Sudeste,Enterprise,Saúde,2025-02-03,2025-03-14,2025-04-04,Lost,69192.46,60
1395,OPP-001395,16077,8,1,Sudeste,SMB,Serviços,2025-02-03,2025-03-18,2025-03-21,Lost,7691.16,46
1396,OPP-001396,16079,3,1,Sudeste,SMB,Serviços,2025-02-20,2025-03-25,,Open,11137.51,314
1397,OPP-001397,16106,3,2,Centro-Oeste,Enterprise,Saúde,2025-02-13,2025-04-24,2025-04-27,Won,58194.45,73
1398,OPP-001398,16140,2,6,Nordeste,SMB,Varejo,2025-02-19,2025-04-20,2025-05-02,Won,9059.25,72
1399,OPP-001399,16142,4,2,Centro-Oeste,Mid-Market,Varejo,2025-01-13,2025-03-10,2025-02-22,Won,27861.8,40
1400,OPP-001400,16150,11,1,Centro-Oeste,SMB,Indústria,2025-03-06,2025-04-19,2025-04-04,Won,8778.34,29
1401,OPP-001401,16179,3,2,Sul,Enterprise,Educação,2025-02-20,2025-03-23,2025-04-02,Won,100801.59,41
1402,OPP-001402,16195,4,3,Sudeste,Mid-Market,Tecnologia,2025-02-20,2025-04-09,,Open,21212.56,314
1403,OPP-001403,16205,1,3,Sudeste,Enterprise,Varejo,2025-03-05,2025-05-10,,Open,172081.0,301
1404,OPP-001404,16208,5,2,Sul,Mid-Market,Educação,2025-01-25,2025-03-28,2025-03-11,Won,29332.32,45
1405,OPP-001405,16210,9,1,Sudeste,Enterprise,Serviços,2025-02-03,2025-04-17,2025-04-24,Won,72588.48,80
1406,OPP-001406,16224,9,5,Sudeste,Mid-Market,Varejo,2025-02-27,2025-03-21,2025-03-10,Won,28612.42,11
1407,OPP-001407,16230,12,6,Sudeste,Mid-Market,Serviços,2025-02-17,2025-04-27,2025-04-11,Won,19730.57,53
1408,OPP-001408,16235,11,6,Sul,Mid-Market,Saúde,2025-03-13,2025-05-23,2025-05-18,Won,33888.99,66
1409,OPP-001409,16236,3,1,Nordeste,SMB,Educação,2025-02-03,2025-02-28,2025-02-20,Won,16188.68,17
1410,OPP-001410,16251,8,1,Sudeste,Enterprise,Varejo,2025-02-14,2025-04-08,2025-04-11,Won,401339.07,56
1411,OPP-001411,16253,5,3,Sul,Mid-Market,Tecnologia,2025-02-20,2025-05-04,2025-04-21,Won,20112.97,60
1412,OPP-001412,16275,12,2,Nordeste,Enterprise,Varejo,2025-03-04,2025-03-30,2025-04-08,Won,68514.83,35
1413,OPP-001413,16307,5,3,Sudeste,Enterprise,Varejo,2025-03-21,2025-05-02,2025-05-26,Won,55420.18,66
1414,OPP-001414,16312,10,4,Sul,SMB,Educação,2025-02-15,2025-04-12,2025-05-10,Won,4844.03,84
1415,OPP-001415,16315,5,1,Sul,SMB,Educação,2025-02-15,2025-04-23,2025-04-27,Won,8976.67,71
1416,OPP-001416,16344,1,1,Sudeste,Enterprise,Varejo,2025-02-26,2025-05-08,2025-05-25,Lost,74574.45,88
1417,OPP-001417,16346,5,1,Nordeste,Mid-Market,Saúde,2025-02-10,2025-03-23,,Open,21795.1,324
1418,OPP-001418,16350,9,2,Centro-Oeste,Enterprise,Tecnologia,2025-02-27,2025-04-29,2025-05-17,Lost,87774.59,79
1419,OPP-001419,16355,7,4,Sudeste,Enterprise,Indústria,2025-02-05,2025-03-11,2025-03-15,Won,274608.36,38
1420,OPP-001420,16362,5,2,Nordeste,Enterprise,Educação,2025-03-13,2025-04-17,2025-04-19,Lost,151854.09,37
1421,OPP-001421,16402,3,2,Sul,Enterprise,Indústria,2025-02-11,2025-04-11,2025-03-29,Won,49211.22,46
1422,OPP-001422,16409,7,4,Sudeste,SMB,Serviços,2025-01-25,2025-02-28,2025-02-24,Won,14689.32,30
1423,OPP-001423,16411,8,1,Sudeste,SMB,Indústria,2025-02-04,2025-03-10,2025-02-27,Lost,8857.06,23
1424,OPP-001424,16437,3,3,Nordeste,Enterprise,Varejo,2025-02-21,2025-04-24,2025-04-28,Won,132898.51,66
1425,OPP-001425,16462,10,5,Sudeste,SMB,Serviços,2025-03-06,2025-04-05,2025-03-17,Won,10868.01,11
1426,OPP-001426,16477,11,5,Sudeste,SMB,Educação,2025-02-18,2025-04-24,2025-04-12,Lost,7316.04,53
1427,OPP-001427,16478,8,3,Sudeste,SMB,Serviços,2025-02-27,2025-04-04,2025-03-23,Lost,10384.2,24
1428,OPP-001428,16487,4,3,Sudeste,Mid-Market,Varejo,2025-02-09,2025-04-07,2025-04-11,Lost,23846.62,61
1429,OPP-001429,16495,1,1,Sudeste,Enterprise,Tecnologia,2025-03-12,2025-05-08,2025-05-10,Won,42511.19,59
1430,OPP-001430,16497,8,4,Sudeste,Mid-Market,Tecnologia,2025-03-07,2025-04-20,,Open,23975.1,299
1431,OPP-001431,16499,7,6,Nordeste,Enterprise,Indústria,2025-02-12,2025-03-08,2025-03-04,Won,59949.96,20
1432,OPP-001432,16512,3,1,Sudeste,SMB,Educação,2025-03-03,2025-04-18,2025-05-03,Won,7874.75,61
1433,OPP-001433,16519,6,3,Sul,SMB,Indústria,2025-02-28,2025-05-07,2025-04-19,Won,9934.26,50
1434,OPP-001434,16523,7,4,Sul,SMB,Varejo,2025-02-23,2025-04-05,2025-04-05,Won,11223.3,41
1435,OPP-001435,16528,3,1,Sul,Enterprise,Educação,2025-02-21,2025-05-06,2025-04-22,Won,92990.62,60
1436,OPP-001436,16529,4,1,Sudeste,SMB,Educação,2025-03-20,2025-05-09,2025-04-29,Won,7244.43,40
1437,OPP-001437,16533,10,4,Nordeste,SMB,Saúde,2025-02-05,2025-04-12,2025-04-12,Won,9099.68,66
1438,OPP-001438,16556,7,1,Nordeste,Mid-Market,Educação,2025-03-11,2025-05-07,2025-05-17,Won,35582.06,67
1439,OPP-001439,16561,8,4,Sudeste,SMB,Varejo,2025-02-18,2025-04-05,2025-04-13,Lost,6702.92,54
1440,OPP-001440,16588,2,6,Sul,Mid-Market,Serviços,2025-02-24,2025-03-20,2025-03-05,Won,29007.39,9
1441,OPP-001441,16594,1,1,Sudeste,Mid-Market,Serviços,2025-02-16,2025-04-06,2025-04-07,Won,22991.7,50
1442,OPP-001442,16597,3,2,Centro-Oeste,Mid-Market,Serviços,2025-03-15,2025-04-09,2025-03-15,Won,57163.39,5
1443,OPP-001443,16604,9,1,Sul,Enterprise,Saúde,2025-03-20,2025-04-29,2025-05-15,Won,99986.59,56
1444,OPP-001444,16628,2,3,Sudeste,Enterprise,Indústria,2025-03-20,2025-05-29,2025-06-01,Won,265280.91,73
1445,OPP-001445,16633,10,1,Sudeste,SMB,Varejo,2025-03-13,2025-04-12,2025-04-16,Lost,11043.4,34
1446,OPP-001446,16653,2,4,Sudeste,Mid-Market,Varejo,2025-02-12,2025-04-18,,Open,54762.88,322
1447,OPP-001447,16656,4,4,Nordeste,SMB,Serviços,2025-03-05,2025-05-17,2025-04-26,Won,12167.42,52
1448,OPP-001448,16661,10,1,Sudeste,Mid-Market,Indústria,2025-03-08,2025-04-16,2025-04-04,Won,27100.92,27
1449,OPP-001449,16662,12,6,Sudeste,SMB,Indústria,2025-02-14,2025-04-20,2025-04-12,Won,10521.66,57
1450,OPP-001450,16679,6,5,Centro-Oeste,SMB,Serviços,2025-02-06,2025-04-12,2025-03-24,Lost,8615.45,46
1451,OPP-001451,16684,3,3,Sul,Enterprise,Serviços,2025-02-26,2025-03-25,2025-03-25,Won,58956.35,27
1452,OPP-001452,16686,1,4,Sul,Enterprise,Saúde,2025-02-17,2025-03-31,2025-04-05,Won,65058.69,47
1453,OPP-001453,16687,7,6,Sudeste,Mid-Market,Varejo,2025-02-26,2025-04-21,2025-04-28,Won,29343.98,61
1454,OPP-001454,16725,2,4,Sudeste,Enterprise,Serviços,2025-03-17,2025-04-25,2025-04-30,Won,49161.3,44
1455,OPP-001455,16728,3,1,Sudeste,Mid-Market,Tecnologia,2025-02-09,2025-04-08,2025-04-16,Won,43268.68,66
1456,OPP-001456,16742,9,3,Nordeste,Mid-Market,Varejo,2025-03-03,2025-04-04,2025-04-30,Won,45728.54,58
1457,OPP-001457,16744,3,3,Centro-Oeste,SMB,Indústria,2025-02-20,2025-04-28,2025-04-27,Won,11453.1,66
1458,OPP-001458,16765,5,6,Nordeste,Mid-Market,Varejo,2025-02-16,2025-03-09,2025-02-16,Won,32151.15,5
1459,OPP-001459,16766,10,6,Sudeste,SMB,Indústria,2025-03-07,2025-04-30,2025-05-08,Won,12063.16,62
1460,OPP-001460,16779,4,3,Sudeste,Enterprise,Saúde,2025-02-13,2025-04-25,2025-04-24,Won,106249.84,70
1461,OPP-001461,16782,3,5,Nordeste,Mid-Market,Varejo,2025-03-03,2025-04-27,2025-04-30,Lost,17551.03,58
1462,OPP-001462,16796,9,3,Nordeste,Enterprise,Educação,2025-03-05,2025-05-03,2025-04-16,Won,42789.08,42
1463,OPP-001463,16797,12,3,Sul,Enterprise,Saúde,2025-02-03,2025-02-27,2025-03-06,Won,124961.14,31
1464,OPP-001464,16812,6,6,Nordeste,SMB,Serviços,2025-02-21,2025-04-17,2025-05-07,Lost,13127.02,75
1465,OPP-001465,16839,8,2,Nordeste,Mid-Market,Varejo,2025-03-06,2025-04-09,2025-03-24,Lost,47887.28,18
1466,OPP-001466,16844,1,3,Sul,SMB,Indústria,2025-02-25,2025-04-09,2025-04-26,Lost,7481.8,60
1467,OPP-001467,16853,9,1,Sudeste,SMB,Serviços,2025-02-14,2025-04-03,2025-03-30,Won,5306.29,44
1468,OPP-001468,16889,3,1,Sul,SMB,Serviços,2025-02-06,2025-04-16,2025-04-19,Won,9007.98,72
1469,OPP-001469,16890,7,4,Sudeste,Mid-Market,Saúde,2025-03-21,2025-04-24,,Open,32517.82,285
1470,OPP-001470,16900,6,2,Sudeste,Mid-Market,Serviços,2025-02-22,2025-04-11,2025-04-08,Won,40826.82,45
1471,OPP-001471,16909,12,3,Sudeste,SMB,Serviços,2025-02-28,2025-04-07,2025-03-31,Lost,16991.54,31
1472,OPP-001472,16913,3,2,Nordeste,Enterprise,Tecnologia,2025-02-28,2025-03-25,2025-03-09,Lost,20018.13,9
1473,OPP-001473,16917,4,2,Centro-Oeste,Enterprise,Serviços,2025-02-10,2025-03-10,2025-03-05,Won,96138.38,23
1474,OPP-001474,16944,1,6,Sudeste,SMB,Educação,2025-02-28,2025-03-22,2025-03-30,Won,8859.96,30
1475,OPP-001475,16958,1,3,Sudeste,Mid-Market,Serviços,2025-03-28,2025-05-22,2025-05-17,Won,24633.62,50
1476,OPP-001476,16960,10,1,Nordeste,Mid-Market,Educação,2025-03-28,2025-05-28,2025-06-10,Won,41105.71,74
1477,OPP-001477,16974,5,1,Nordeste,SMB,Tecnologia,2025-03-18,2025-05-10,2025-05-23,Won,6034.01,66
1478,OPP-001478,16985,3,3,Centro-Oeste,Mid-Market,Indústria,2025-02-27,2025-04-03,2025-03-31,Won,24210.66,32
1479,OPP-001479,16990,10,4,Sudeste,SMB,Saúde,2025-03-09,2025-05-11,2025-04-17,Won,12733.09,39
1480,OPP-001480,17011,7,1,Sudeste,Mid-Market,Varejo,2025-03-14,2025-04-20,2025-04-24,Won,15796.47,41
1481,OPP-001481,17031,3,4,Centro-Oeste,Mid-Market,Serviços,2025-03-14,2025-05-11,2025-04-29,Won,18087.46,46
1482,OPP-001482,17033,5,3,Sudeste,Mid-Market,Saúde,2025-03-17,2025-05-29,2025-05-26,Won,16466.51,70
1483,OPP-001483,17063,9,4,Sudeste,SMB,Educação,2025-03-06,2025-04-28,2025-05-03,Lost,12870.15,58
1484,OPP-001484,17070,7,1,Sudeste,Enterprise,Educação,2025-03-21,2025-05-08,2025-05-17,Won,76262.44,57
1485,OPP-001485,17087,9,3,Sudeste,Enterprise,Educação,2025-02-25,2025-04-22,2025-05-25,Won,61199.19,89
1486,OPP-001486,17105,9,1,Nordeste,Enterprise,Varejo,2025-03-05,2025-03-29,2025-04-21,Won,40449.06,47
1487,OPP-001487,17122,3,2,Nordeste,Mid-Market,Serviços,2025-04-02,2025-06-03,2025-06-30,Lost,40563.29,89
1488,OPP-001488,17124,1,6,Sul,Mid-Market,Varejo,2025-02-21,2025-04-03,2025-04-01,Won,33731.09,39
1489,OPP-001489,17143,6,3,Sudeste,Mid-Market,Varejo,2025-02-23,2025-05-03,2025-05-08,Lost,42628.99,74
1490,OPP-001490,17147,5,5,Nordeste,Enterprise,Varejo,2025-03-16,2025-04-06,2025-04-16,Won,73728.46,31
1491,OPP-001491,17182,7,2,Sudeste,Enterprise,Tecnologia,2025-03-15,2025-04-10,2025-04-20,Won,116520.8,36
1492,OPP-001492,17206,1,5,Centro-Oeste,Enterprise,Indústria,2025-03-08,2025-05-06,2025-04-22,Won,97483.26,45
1493,OPP-001493,17211,3,4,Sul,SMB,Indústria,2025-03-10,2025-04-09,2025-04-01,Won,16904.65,22
1494,OPP-001494,17221,8,4,Nordeste,Enterprise,Tecnologia,2025-03-25,2025-05-07,2025-05-25,Won,73864.43,61
1495,OPP-001495,17232,3,5,Centro-Oeste,SMB,Tecnologia,2025-02-20,2025-03-17,2025-03-25,Lost,10269.23,33
1496,OPP-001496,17267,4,1,Nordeste,SMB,Educação,2025-02-17,2025-04-30,2025-05-06,Won,4763.38,78
1497,OPP-001497,17271,1,1,Sul,Mid-Market,Tecnologia,2025-04-02,2025-05-09,2025-04-28,Won,39993.05,26
1498,OPP-001498,17285,7,6,Sudeste,Enterprise,Indústria,2025-03-12,2025-04-19,2025-04-10,Lost,58895.94,29
1499,OPP-001499,17287,2,3,Sudeste,Mid-Market,Saúde,2025-03-21,2025-04-14,2025-04-02,Lost,33862.32,12
1500,OPP-001500,17290,1,3,Sudeste,SMB,Saúde,2025-03-10,2025-04-14,2025-04-10,Won,15394.04,31
1501,OPP-001501,17293,1,6,Sul,Enterprise,Varejo,2025-02-20,2025-04-17,2025-04-13,Won,76040.87,52
1502,OPP-001502,17304,3,3,Centro-Oeste,SMB,Varejo,2025-02-26,2025-04-07,2025-04-05,Won,9571.97,38
1503,OPP-001503,17312,4,1,Centro-Oeste,Mid-Market,Serviços,2025-03-09,2025-05-06,2025-05-04,Won,30286.93,56
1504,OPP-001504,17318,3,1,Sul,Mid-Market,Varejo,2025-03-13,2025-05-19,2025-05-22,Won,35975.5,70
1505,OPP-001505,17345,9,1,Sul,SMB,Indústria,2025-03-16,2025-04-07,2025-03-25,Won,3813.65,9
1506,OPP-001506,17352,4,3,Centro-Oeste,SMB,Varejo,2025-03-21,2025-04-24,,Open,12898.51,285
1507,OPP-001507,17353,5,3,Sudeste,SMB,Varejo,2025-02-18,2025-03-26,2025-04-04,Won,6750.49,45
1508,OPP-001508,17369,7,3,Sudeste,Mid-Market,Indústria,2025-03-10,2025-04-10,2025-04-21,Won,33279.68,42
1509,OPP-001509,17376,2,4,Sudeste,Enterprise,Indústria,2025-03-23,2025-05-25,2025-06-12,Won,140281.59,81
1510,OPP-001510,17395,10,3,Sudeste,SMB,Serviços,2025-03-20,2025-04-15,2025-03-24,Won,9616.95,5
1511,OPP-001511,17400,10,1,Nordeste,Enterprise,Varejo,2025-03-30,2025-05-19,2025-06-10,Lost,82259.47,72
1512,OPP-001512,17407,7,1,Sudeste,SMB,Varejo,2025-03-16,2025-04-20,2025-04-07,Lost,13865.65,22
1513,OPP-001513,17420,5,3,Nordeste,Enterprise,Varejo,2025-03-09,2025-04-11,2025-03-28,Won,101392.78,19
1514,OPP-001514,17424,6,1,Nordeste,Mid-Market,Educação,2025-03-05,2025-04-06,2025-04-12,Won,27005.39,38
1515,OPP-001515,17428,1,1,Sudeste,SMB,Saúde,2025-03-05,2025-04-05,2025-03-26,Won,8261.65,21
1516,OPP-001516,17430,6,2,Centro-Oeste,Mid-Market,Educação,2025-04-10,2025-06-07,2025-07-05,Won,24972.07,86
1517,OPP-001517,17439,4,1,Sul,Mid-Market,Indústria,2025-03-08,2025-05-20,2025-06-01,Lost,17974.21,85
1518,OPP-001518,17451,5,2,Sudeste,SMB,Serviços,2025-03-18,2025-04-08,,Open,13034.72,288
1519,OPP-001519,17457,1,4,Sudeste,Enterprise,Varejo,2025-02-17,2025-04-27,2025-04-30,Lost,116202.04,72
1520,OPP-001520,17458,2,3,Nordeste,Mid-Market,Educação,2025-04-07,2025-06-17,2025-06-13,Won,38547.91,67
1521,OPP-001521,17474,5,3,Sudeste,Mid-Market,Varejo,2025-03-04,2025-04-18,2025-04-03,Won,19777.01,30
1522,OPP-001522,17475,3,3,Sudeste,Mid-Market,Serviços,2025-03-31,2025-05-25,2025-05-10,Won,37659.2,40
1523,OPP-001523,17489,10,3,Sul,Mid-Market,Serviços,2025-03-19,2025-04-14,2025-04-11,Lost,36782.58,23
1524,OPP-001524,17490,3,4,Sudeste,Enterprise,Saúde,2025-03-16,2025-04-23,2025-04-30,Won,223224.07,45
1525,OPP-001525,17492,10,4,Sudeste,SMB,Saúde,2025-03-19,2025-05-05,2025-04-21,Lost,6779.04,33
1526,OPP-001526,17515,3,3,Sudeste,SMB,Varejo,2025-02-27,2025-04-02,,Open,7212.26,307
1527,OPP-001527,17526,10,2,Sudeste,Mid-Market,Saúde,2025-03-30,2025-06-04,2025-05-30,Lost,23075.14,61
1528,OPP-001528,17529,7,2,Sudeste,Mid-Market,Saúde,2025-03-25,2025-04-24,2025-04-22,Won,53473.87,28
1529,OPP-001529,17539,10,3,Nordeste,Mid-Market,Serviços,2025-02-26,2025-04-15,,Open,44204.53,308
1530,OPP-001530,17541,1,6,Sudeste,Mid-Market,Varejo,2025-04-07,2025-05-17,,Open,46067.67,268
1531,OPP-001531,17575,10,3,Sudeste,Enterprise,Serviços,2025-03-19,2025-05-11,2025-05-15,Won,47685.01,57
1532,OPP-001532,17579,1,3,Sudeste,SMB,Serviços,2025-03-22,2025-05-14,2025-04-27,Lost,7663.05,36
1533,OPP-001533,17604,8,1,Sul,Enterprise,Serviços,2025-04-05,2025-05-04,2025-04-30,Won,90381.04,25
1534,OPP-001534,17606,9,3,Sul,Mid-Market,Varejo,2025-03-24,2025-05-05,2025-05-22,Won,32901.52,59
1535,OPP-001535,17619,5,6,Sudeste,SMB,Varejo,2025-04-09,2025-06-19,2025-06-17,Won,9730.39,69
1536,OPP-001536,17633,4,1,Nordeste,SMB,Saúde,2025-03-24,2025-06-03,2025-05-30,Won,8348.29,67
1537,OPP-001537,17657,1,3,Sudeste,Enterprise,Tecnologia,2025-04-16,2025-05-29,,Open,88358.19,259
1538,OPP-001538,17662,2,1,Nordeste,Mid-Market,Saúde,2025-04-10,2025-05-23,,Open,25718.0,265
1539,OPP-001539,17676,11,2,Sudeste,Mid-Market,Serviços,2025-03-21,2025-05-08,2025-04-29,Lost,12918.81,39
1540,OPP-001540,17688,1,1,Sul,SMB,Varejo,2025-03-30,2025-05-19,2025-06-08,Won,3884.1,70
1541,OPP-001541,17690,1,2,Sul,SMB,Serviços,2025-03-17,2025-05-29,2025-06-09,Won,10640.79,84
1542,OPP-001542,17692,8,1,Sudeste,SMB,Serviços,2025-04-04,2025-06-16,2025-06-24,Lost,13052.42,81
1543,OPP-001543,17693,9,6,Sudeste,SMB,Educação,2025-03-05,2025-05-16,,Open,10474.54,301
1544,OPP-001544,17696,5,6,Sudeste,Enterprise,Varejo,2025-03-10,2025-04-17,2025-04-16,Won,138967.38,37
1545,OPP-001545,17722,5,1,Sul,Mid-Market,Educação,2025-03-19,2025-05-24,,Open,47984.46,287
1546,OPP-001546,17725,4,2,Nordeste,Enterprise,Tecnologia,2025-04-09,2025-05-12,2025-04-21,Lost,256237.11,12
1547,OPP-001547,17732,7,1,Nordeste,Mid-Market,Saúde,2025-03-25,2025-04-25,2025-04-05,Won,41559.02,11
1548,OPP-001548,17746,4,3,Sul,Mid-Market,Varejo,2025-04-08,2025-06-06,2025-06-12,Won,47056.05,65
1549,OPP-001549,17752,6,2,Centro-Oeste,Enterprise,Varejo,2025-04-13,2025-06-06,2025-05-22,Won,45649.72,39
1550,OPP-001550,17764,12,2,Sul,Enterprise,Varejo,2025-03-21,2025-04-20,2025-04-21,Won,145965.17,31
1551,OPP-001551,17784,1,6,Sudeste,Mid-Market,Tecnologia,2025-03-09,2025-04-28,2025-05-10,Won,35981.16,62
1552,OPP-001552,17787,6,2,Sudeste,Mid-Market,Serviços,2025-04-02,2025-05-29,2025-05-29,Won,29681.59,57
1553,OPP-001553,17791,1,5,Sul,Enterprise,Educação,2025-03-06,2025-05-14,2025-05-01,Lost,82038.91,56
1554,OPP-001554,17799,5,1,Sul,Mid-Market,Tecnologia,2025-04-09,2025-05-22,2025-05-31,Won,33726.63,52
1555,OPP-001555,17811,10,5,Sul,Mid-Market,Varejo,2025-03-27,2025-06-07,2025-06-12,Lost,45222.2,77
1556,OPP-001556,17851,5,3,Sudeste,SMB,Tecnologia,2025-04-03,2025-06-04,2025-06-17,Won,9831.66,75
1557,OPP-001557,17852,1,3,Sul,Enterprise,Tecnologia,2025-03-12,2025-04-12,2025-04-08,Won,48340.77,27
1558,OPP-001558,17856,9,2,Nordeste,SMB,Varejo,2025-04-10,2025-06-22,2025-06-06,Won,7922.99,57
1559,OPP-001559,17878,1,6,Sudeste,SMB,Varejo,2025-04-01,2025-05-21,2025-05-25,Won,8624.24,54
1560,OPP-001560,17884,7,1,Nordeste,SMB,Serviços,2025-03-24,2025-04-20,2025-04-20,Lost,11097.36,27
1561,OPP-001561,17941,1,3,Centro-Oeste,SMB,Varejo,2025-04-09,2025-06-02,2025-05-22,Won,18113.9,43
1562,OPP-001562,17957,2,3,Centro-Oeste,SMB,Indústria,2025-03-28,2025-05-15,2025-05-09,Won,14379.74,42
1563,OPP-001563,17964,8,6,Sul,Mid-Market,Tecnologia,2025-04-22,2025-06-22,2025-06-20,Won,22583.32,59
1564,OPP-001564,17968,4,3,Nordeste,Enterprise,Varejo,2025-03-12,2025-04-03,2025-04-08,Won,107890.04,27
1565,OPP-001565,17974,2,5,Nordeste,Enterprise,Indústria,2025-03-25,2025-05-01,2025-04-30,Won,103624.44,36
1566,OPP-001566,17975,3,6,Sudeste,Mid-Market,Varejo,2025-04-05,2025-06-12,2025-06-07,Won,29987.48,63
1567,OPP-001567,17997,10,3,Centro-Oeste,SMB,Serviços,2025-03-16,2025-04-27,2025-04-16,Lost,8305.22,31
1568,OPP-001568,18005,12,5,Centro-Oeste,SMB,Saúde,2025-04-05,2025-05-19,2025-05-08,Won,9532.27,33
1569,OPP-001569,18006,3,4,Centro-Oeste,SMB,Indústria,2025-04-21,2025-06-27,2025-07-04,Won,7547.0,74
1570,OPP-001570,18012,4,5,Nordeste,Mid-Market,Serviços,2025-03-21,2025-04-29,2025-04-21,Lost,30693.95,31
1571,OPP-001571,18023,5,1,Sudeste,Mid-Market,Tecnologia,2025-03-28,2025-05-15,2025-06-02,Lost,20017.27,66
1572,OPP-001572,18024,7,3,Sudeste,SMB,Indústria,2025-04-13,2025-05-28,2025-05-27,Won,15355.15,44
1573,OPP-001573,18050,5,3,Sudeste,Mid-Market,Serviços,2025-03-18,2025-05-27,2025-06-08,Won,37380.18,82
1574,OPP-001574,18053,8,6,Sudeste,SMB,Tecnologia,2025-04-11,2025-06-16,2025-06-12,Won,10494.67,62
1575,OPP-001575,18057,5,1,Nordeste,Enterprise,Varejo,2025-04-09,2025-05-06,2025-05-07,Won,86867.7,28
1576,OPP-001576,18069,1,6,Nordeste,SMB,Educação,2025-04-12,2025-05-17,2025-05-14,Lost,9109.11,32
1577,OPP-001577,18072,2,6,Sudeste,SMB,Educação,2025-03-25,2025-04-21,2025-04-16,Won,6174.64,22
1578,OPP-001578,18082,8,3,Sudeste,Mid-Market,Varejo,2025-04-06,2025-05-23,2025-05-06,Lost,57169.64,30
1579,OPP-001579,18085,8,6,Sul,Mid-Market,Educação,2025-04-14,2025-05-27,2025-05-11,Won,25874.23,27
1580,OPP-001580,18089,10,2,Sudeste,SMB,Indústria,2025-04-06,2025-05-23,2025-05-15,Lost,12047.48,39
1581,OPP-001581,18107,4,1,Sudeste,Enterprise,Indústria,2025-03-30,2025-04-28,2025-05-04,Lost,59958.9,35
1582,OPP-001582,18141,9,3,Sudeste,Enterprise,Serviços,2025-03-28,2025-06-04,2025-06-26,Won,41003.89,90
1583,OPP-001583,18147,9,4,Sudeste,SMB,Tecnologia,2025-03-22,2025-06-02,2025-06-26,Won,9788.36,96
1584,OPP-001584,18148,2,5,Sul,Mid-Market,Saúde,2025-03-24,2025-05-04,2025-05-11,Won,28812.63,48
1585,OPP-001585,18153,3,1,Sudeste,Enterprise,Indústria,2025-04-12,2025-05-24,2025-05-16,Lost,65969.4,34
1586,OPP-001586,18172,10,4,Sul,Enterprise,Educação,2025-03-27,2025-05-06,2025-05-05,Won,120937.42,39
1587,OPP-001587,18189,11,3,Sudeste,SMB,Varejo,2025-04-03,2025-05-02,2025-05-12,Lost,18613.36,39
1588,OPP-001588,18196,1,2,Sudeste,Mid-Market,Serviços,2025-03-12,2025-04-19,,Open,16814.38,294
1589,OPP-001589,18212,7,4,Sudeste,SMB,Serviços,2025-04-08,2025-06-18,,Open,18621.77,267
1590,OPP-001590,18215,1,5,Centro-Oeste,SMB,Educação,2025-04-20,2025-06-03,2025-06-11,Lost,7809.53,52
1591,OPP-001591,18225,7,3,Sudeste,Mid-Market,Varejo,2025-04-16,2025-06-01,2025-06-06,Lost,36939.52,51
1592,OPP-001592,18226,12,4,Sudeste,Enterprise,Indústria,2025-05-02,2025-06-01,2025-06-12,Lost,126896.93,41
1593,OPP-001593,18257,11,3,Sudeste,Mid-Market,Serviços,2025-04-13,2025-05-24,2025-06-10,Won,9054.12,58
1594,OPP-001594,18269,9,1,Sudeste,Enterprise,Tecnologia,2025-04-10,2025-05-20,2025-06-05,Lost,82080.73,56
1595,OPP-001595,18287,1,2,Sudeste,Mid-Market,Saúde,2025-04-20,2025-06-27,2025-06-21,Won,16723.28,62
1596,OPP-001596,18321,12,5,Sudeste,SMB,Indústria,2025-04-11,2025-05-26,2025-05-24,Lost,8120.79,43
1597,OPP-001597,18323,10,4,Sul,Enterprise,Varejo,2025-03-25,2025-05-22,2025-06-03,Won,90975.92,70
1598,OPP-001598,18332,7,4,Sudeste,Mid-Market,Serviços,2025-05-01,2025-05-21,2025-05-24,Won,34700.31,23
1599,OPP-001599,18338,2,3,Centro-Oeste,Enterprise,Saúde,2025-04-11,2025-05-21,2025-05-13,Won,72353.63,32
1600,OPP-001600,18339,8,4,Nordeste,Mid-Market,Educação,2025-05-08,2025-06-25,2025-07-06,Won,54746.46,59
1601,OPP-001601,18352,2,4,Sudeste,Enterprise,Varejo,2025-04-08,2025-06-01,2025-05-28,Won,84957.42,50
1602,OPP-001602,18438,4,6,Sul,Mid-Market,Indústria,2025-04-16,2025-06-19,2025-06-16,Won,45909.74,61
1603,OPP-001603,18439,10,1,Sudeste,Enterprise,Saúde,2025-03-21,2025-04-16,2025-04-09,Lost,77486.88,19
1604,OPP-001604,18453,10,3,Sudeste,SMB,Serviços,2025-04-30,2025-07-06,2025-07-05,Won,3960.24,66
1605,OPP-001605,18489,12,3,Centro-Oeste,Mid-Market,Indústria,2025-04-05,2025-06-08,2025-06-09,Won,30705.52,65
1606,OPP-001606,18498,2,3,Sudeste,Mid-Market,Serviços,2025-04-13,2025-05-29,2025-07-14,Lost,93222.48,92
1607,OPP-001607,18506,4,3,Nordeste,Mid-Market,Tecnologia,2025-04-19,2025-05-16,2025-05-23,Lost,41383.01,34
1608,OPP-001608,18517,11,4,Sudeste,SMB,Serviços,2025-04-01,2025-06-11,2025-05-23,Lost,5604.11,52
1609,OPP-001609,18523,2,6,Centro-Oeste,Mid-Market,Varejo,2025-04-01,2025-06-01,2025-05-31,Won,43703.49,60
1610,OPP-001610,18535,3,2,Nordeste,SMB,Indústria,2025-03-21,2025-04-15,2025-04-08,Won,11453.07,18
1611,OPP-001611,18540,1,1,Sudeste,SMB,Educação,2025-03-23,2025-04-15,2025-04-05,Won,15024.25,13
1612,OPP-001612,18548,7,4,Sudeste,Enterprise,Varejo,2025-04-19,2025-06-13,2025-06-08,Lost,69732.2,50
1613,OPP-001613,18563,9,2,Sudeste,SMB,Varejo,2025-04-11,2025-05-06,2025-05-16,Won,12559.19,35
1614,OPP-001614,18566,5,3,Centro-Oeste,Mid-Market,Serviços,2025-04-12,2025-05-09,2025-04-27,Won,22673.31,15
1615,OPP-001615,18573,3,2,Nordeste,SMB,Varejo,2025-04-06,2025-06-08,2025-05-25,Lost,8482.68,49
1616,OPP-001616,18589,7,1,Sul,Enterprise,Serviços,2025-04-20,2025-06-10,2025-06-09,Won,57815.85,50
1617,OPP-001617,18596,12,1,Sudeste,Mid-Market,Tecnologia,2025-04-11,2025-05-01,2025-04-28,Won,37903.17,17
1618,OPP-001618,18617,9,1,Sudeste,SMB,Serviços,2025-04-18,2025-05-20,2025-06-07,Won,10806.98,50
1619,OPP-001619,18633,11,4,Sudeste,SMB,Varejo,2025-04-22,2025-05-19,2025-05-15,Won,25325.06,23
1620,OPP-001620,18639,3,3,Centro-Oeste,Mid-Market,Saúde,2025-04-05,2025-06-10,2025-05-29,Won,35333.69,54
1621,OPP-001621,18652,9,4,Sudeste,Enterprise,Varejo,2025-04-29,2025-05-26,2025-05-26,Won,143289.73,27
1622,OPP-001622,18658,10,1,Sudeste,Mid-Market,Varejo,2025-04-09,2025-05-02,2025-05-13,Won,26268.69,34
1623,OPP-001623,18659,2,2,Sudeste,Mid-Market,Varejo,2025-04-30,2025-05-24,2025-06-06,Won,25305.27,37
1624,OPP-001624,18661,7,3,Sudeste,SMB,Varejo,2025-04-26,2025-05-28,2025-06-20,Lost,9080.46,55
1625,OPP-001625,18683,4,1,Sul,Enterprise,Varejo,2025-04-17,2025-06-16,2025-06-21,Lost,63874.05,65
1626,OPP-001626,18695,10,3,Sudeste,SMB,Serviços,2025-04-19,2025-05-28,2025-05-31,Won,9340.01,42
1627,OPP-001627,18725,3,1,Centro-Oeste,SMB,Saúde,2025-04-30,2025-06-05,2025-06-09,Won,6502.89,40
1628,OPP-001628,18743,10,2,Sudeste,SMB,Varejo,2025-04-12,2025-06-13,2025-05-23,Lost,3799.99,41
1629,OPP-001629,18746,3,6,Sul,SMB,Saúde,2025-04-17,2025-05-27,,Open,8032.86,258
1630,OPP-001630,18747,1,2,Nordeste,SMB,Varejo,2025-04-26,2025-05-28,,Open,11967.84,249
1631,OPP-001631,18775,3,3,Centro-Oeste,Enterprise,Varejo,2025-04-24,2025-06-04,2025-05-16,Won,117850.72,22
1632,OPP-001632,18777,10,1,Nordeste,SMB,Tecnologia,2025-04-17,2025-06-12,2025-06-03,Lost,14582.59,47
1633,OPP-001633,18779,8,1,Sul,SMB,Saúde,2025-03-30,2025-06-08,2025-06-09,Won,9812.14,71
1634,OPP-001634,18828,1,2,Sul,Mid-Market,Indústria,2025-05-01,2025-05-26,2025-06-11,Won,28673.79,41
1635,OPP-001635,18836,8,4,Sul,Enterprise,Serviços,2025-04-25,2025-06-05,2025-05-31,Won,206511.68,36
1636,OPP-001636,18846,10,2,Sul,Enterprise,Educação,2025-04-23,2025-06-22,2025-06-18,Lost,84250.75,56
1637,OPP-001637,18857,9,3,Sul,Enterprise,Varejo,2025-04-15,2025-06-15,,Open,45656.13,260
1638,OPP-001638,18860,2,4,Sudeste,Enterprise,Serviços,2025-04-09,2025-06-10,2025-06-14,Won,132424.78,66
1639,OPP-001639,18866,6,1,Centro-Oeste,SMB,Indústria,2025-05-01,2025-05-29,2025-06-12,Lost,11375.84,42
1640,OPP-001640,18880,5,3,Sul,Mid-Market,Indústria,2025-04-25,2025-07-03,,Open,31730.39,250
1641,OPP-001641,18897,4,4,Sul,SMB,Indústria,2025-04-09,2025-05-25,2025-06-11,Won,8366.2,63
1642,OPP-001642,18908,4,1,Sul,SMB,Educação,2025-04-17,2025-05-30,2025-05-28,Lost,7642.1,41
1643,OPP-001643,18911,4,1,Nordeste,Mid-Market,Educação,2025-04-26,2025-07-02,2025-07-01,Lost,35878.92,66
1644,OPP-001644,18928,6,3,Nordeste,SMB,Serviços,2025-04-16,2025-06-03,2025-06-11,Won,7417.03,56
1645,OPP-001645,18935,1,4,Nordeste,Mid-Market,Indústria,2025-04-17,2025-06-15,2025-06-23,Lost,28237.38,67
1646,OPP-001646,18940,1,6,Nordeste,Mid-Market,Serviços,2025-05-07,2025-05-31,2025-05-23,Won,27983.73,16
1647,OPP-001647,18974,6,1,Sudeste,SMB,Saúde,2025-04-22,2025-06-26,2025-07-18,Won,10509.35,87
1648,OPP-001648,18975,10,3,Sudeste,Mid-Market,Varejo,2025-04-02,2025-05-09,2025-04-23,Won,25798.15,21
1649,OPP-001649,18981,2,2,Sudeste,Mid-Market,Serviços,2025-04-18,2025-06-15,,Open,36924.7,257
1650,OPP-001650,18988,7,2,Centro-Oeste,SMB,Tecnologia,2025-04-29,2025-05-29,,Open,5897.54,246
1651,OPP-001651,19006,5,4,Nordeste,Mid-Market,Tecnologia,2025-04-18,2025-06-22,2025-06-23,Won,25356.94,66
1652,OPP-001652,19027,8,1,Sudeste,Enterprise,Indústria,2025-05-04,2025-06-07,2025-06-08,Lost,133093.1,35
1653,OPP-001653,19082,8,1,Nordeste,Enterprise,Varejo,2025-04-27,2025-06-30,2025-06-24,Lost,144534.98,58
1654,OPP-001654,19114,12,3,Sudeste,SMB,Saúde,2025-05-11,2025-06-05,2025-05-30,Won,12189.74,19
1655,OPP-001655,19117,8,3,Sudeste,Enterprise,Serviços,2025-04-12,2025-06-18,2025-06-10,Lost,72785.48,59
1656,OPP-001656,19122,7,1,Nordeste,Enterprise,Saúde,2025-04-23,2025-05-30,2025-05-22,Won,54614.13,29
1657,OPP-001657,19129,6,2,Sudeste,SMB,Saúde,2025-03-30,2025-05-25,2025-05-08,Won,19136.54,39
1658,OPP-001658,19147,8,3,Sudeste,Enterprise,Educação,2025-05-27,2025-08-07,2025-08-11,Lost,109839.57,76
1659,OPP-001659,19172,10,4,Centro-Oeste,SMB,Serviços,2025-04-15,2025-05-15,2025-05-08,Lost,10499.76,23
1660,OPP-001660,19175,8,5,Sudeste,SMB,Indústria,2025-04-10,2025-06-15,2025-06-10,Lost,7315.62,61
1661,OPP-001661,19179,12,4,Nordeste,Enterprise,Saúde,2025-04-30,2025-06-24,2025-06-20,Won,65369.77,51
1662,OPP-001662,19184,10,3,Sudeste,Mid-Market,Serviços,2025-05-14,2025-06-14,2025-05-31,Won,41851.85,17
1663,OPP-001663,19196,5,3,Sul,SMB,Indústria,2025-04-07,2025-05-22,2025-05-12,Won,7274.33,35
1664,OPP-001664,19201,3,4,Sudeste,SMB,Indústria,2025-05-04,2025-07-12,2025-07-08,Won,10957.57,65
1665,OPP-001665,19213,2,6,Sudeste,Enterprise,Indústria,2025-05-16,2025-06-12,2025-06-18,Won,117564.23,33
1666,OPP-001666,19222,5,1,Sudeste,Enterprise,Serviços,2025-04-25,2025-05-21,2025-05-11,Won,51347.69,16
1667,OPP-001667,19227,4,1,Sudeste,Enterprise,Indústria,2025-05-19,2025-07-23,2025-08-18,Won,232646.73,91
1668,OPP-001668,19233,2,3,Centro-Oeste,SMB,Varejo,2025-04-30,2025-06-25,2025-06-21,Lost,7019.5,52
1669,OPP-001669,19235,12,6,Sudeste,SMB,Varejo,2025-04-19,2025-05-31,2025-06-06,Won,10596.54,48
1670,OPP-001670,19241,1,4,Nordeste,Mid-Market,Serviços,2025-05-09,2025-05-30,2025-06-18,Won,38715.15,40
1671,OPP-001671,19259,1,6,Centro-Oeste,Enterprise,Tecnologia,2025-04-18,2025-06-03,2025-06-04,Won,82361.04,47
1672,OPP-001672,19262,3,3,Sudeste,Mid-Market,Varejo,2025-04-17,2025-05-15,2025-05-14,Won,50084.44,27
1673,OPP-001673,19266,12,6,Sudeste,Mid-Market,Serviços,2025-04-13,2025-06-21,2025-06-14,Won,35826.44,62
1674,OPP-001674,19275,2,1,Sudeste,Mid-Market,Serviços,2025-05-10,2025-07-02,2025-07-06,Lost,35766.95,57
1675,OPP-001675,19287,12,3,Sudeste,Mid-Market,Varejo,2025-05-09,2025-06-15,2025-07-03,Won,52336.94,55
1676,OPP-001676,19330,3,6,Sudeste,SMB,Educação,2025-05-25,2025-07-29,,Open,10801.72,220
1677,OPP-001677,19335,4,4,Sudeste,Mid-Market,Tecnologia,2025-05-19,2025-07-15,2025-07-04,Lost,19635.0,46
1678,OPP-001678,19346,11,2,Sudeste,SMB,Varejo,2025-04-24,2025-06-29,,Open,10108.32,251
1679,OPP-001679,19362,8,6,Sudeste,Mid-Market,Indústria,2025-04-22,2025-06-13,2025-06-02,Won,55314.04,41
1680,OPP-001680,19373,9,4,Centro-Oeste,Enterprise,Varejo,2025-04-29,2025-06-29,2025-06-14,Lost,36633.38,46
1681,OPP-001681,19384,6,4,Sudeste,Mid-Market,Varejo,2025-05-12,2025-07-04,2025-06-19,Lost,15964.08,38
1682,OPP-001682,19396,5,4,Centro-Oeste,Mid-Market,Varejo,2025-04-14,2025-05-10,2025-05-20,Won,77332.4,36
1683,OPP-001683,19400,10,2,Sudeste,Enterprise,Varejo,2025-04-10,2025-05-25,2025-05-20,Won,159984.93,40
1684,OPP-001684,19412,6,1,Sudeste,Mid-Market,Serviços,2025-04-14,2025-06-13,2025-06-08,Won,47722.03,55
1685,OPP-001685,19420,3,5,Sudeste,SMB,Serviços,2025-05-08,2025-06-22,2025-06-17,Won,9926.3,40
1686,OPP-001686,19428,11,3,Nordeste,Enterprise,Tecnologia,2025-05-16,2025-07-03,2025-07-11,Won,153819.27,56
1687,OPP-001687,19447,4,2,Sudeste,SMB,Saúde,2025-04-22,2025-06-09,2025-06-10,Lost,13661.73,49
1688,OPP-001688,19466,11,6,Sul,Mid-Market,Tecnologia,2025-05-10,2025-07-12,2025-07-08,Lost,28527.48,59
1689,OPP-001689,19474,11,1,Sudeste,SMB,Saúde,2025-04-21,2025-06-14,2025-06-20,Won,13649.55,60
1690,OPP-001690,19489,10,1,Sul,Mid-Market,Serviços,2025-05-11,2025-06-05,2025-06-05,Won,19940.06,25
1691,OPP-001691,19492,4,4,Sudeste,Mid-Market,Educação,2025-04-25,2025-06-02,2025-06-22,Lost,52265.48,58
1692,OPP-001692,19502,7,1,Sul,Mid-Market,Educação,2025-05-23,2025-06-28,2025-06-25,Won,27161.07,33
1693,OPP-001693,19506,6,3,Sudeste,SMB,Varejo,2025-05-03,2025-06-03,2025-06-12,Won,12703.4,40
1694,OPP-001694,19530,6,3,Sudeste,SMB,Varejo,2025-05-30,2025-06-30,2025-07-06,Won,5385.04,37
1695,OPP-001695,19540,3,3,Sudeste,SMB,Tecnologia,2025-04-20,2025-05-10,2025-05-21,Won,15583.57,31
1696,OPP-001696,19542,6,4,Nordeste,Enterprise,Saúde,2025-04-12,2025-06-17,2025-05-26,Won,71954.31,44
1697,OPP-001697,19592,5,6,Sudeste,Mid-Market,Indústria,2025-05-14,2025-06-09,2025-05-27,Won,29946.64,13
1698,OPP-001698,19595,8,3,Sudeste,Enterprise,Tecnologia,2025-05-21,2025-06-28,2025-06-10,Lost,49186.18,20
1699,OPP-001699,19596,8,5,Sul,Enterprise,Saúde,2025-04-29,2025-07-03,2025-07-06,Lost,136828.21,68
1700,OPP-001700,19599,9,3,Sudeste,Enterprise,Saúde,2025-04-16,2025-05-18,2025-05-20,Won,70104.61,34
1701,OPP-001701,19615,9,2,Nordeste,Mid-Market,Educação,2025-04-26,2025-06-15,2025-07-01,Won,48234.21,66
1702,OPP-001702,19621,1,3,Centro-Oeste,Enterprise,Saúde,2025-05-25,2025-06-20,2025-06-21,Won,92448.41,27
1703,OPP-001703,19629,12,2,Nordeste,Mid-Market,Serviços,2025-05-20,2025-07-18,2025-06-22,Won,26438.78,33
1704,OPP-001704,19630,10,4,Sudeste,Enterprise,Varejo,2025-05-22,2025-06-30,2025-06-08,Won,145006.13,17
1705,OPP-001705,19634,7,1,Nordeste,SMB,Educação,2025-05-02,2025-06-25,2025-06-17,Won,7948.62,46
1706,OPP-001706,19637,3,4,Sul,Mid-Market,Indústria,2025-05-06,2025-05-29,2025-06-09,Won,19220.19,34
1707,OPP-001707,19656,2,3,Nordeste,SMB,Varejo,2025-05-12,2025-07-05,2025-07-12,Won,12900.61,61
1708,OPP-001708,19671,12,1,Sudeste,Enterprise,Indústria,2025-05-09,2025-06-24,2025-06-03,Won,182081.54,25
1709,OPP-001709,19676,3,1,Sudeste,SMB,Indústria,2025-05-17,2025-07-20,2025-07-23,Lost,13449.66,67
1710,OPP-001710,19682,7,5,Nordeste,Mid-Market,Tecnologia,2025-05-04,2025-06-12,2025-06-13,Won,31785.99,40
1711,OPP-001711,19684,10,1,Sudeste,Mid-Market,Educação,2025-05-06,2025-07-09,2025-07-09,Lost,35867.22,64
1712,OPP-001712,19685,2,2,Sudeste,SMB,Tecnologia,2025-05-08,2025-06-06,2025-07-01,Lost,7353.76,54
1713,OPP-001713,19689,2,1,Sul,SMB,Varejo,2025-05-14,2025-07-07,2025-07-17,Lost,6338.46,64
1714,OPP-001714,19691,11,3,Centro-Oeste,Mid-Market,Varejo,2025-05-04,2025-06-05,2025-06-05,Won,49060.32,32
1715,OPP-001715,19695,12,4,Nordeste,Mid-Market,Saúde,2025-05-18,2025-07-22,2025-07-21,Lost,37767.26,64
1716,OPP-001716,19697,3,3,Sudeste,SMB,Saúde,2025-05-23,2025-07-17,2025-07-21,Lost,7556.53,59
1717,OPP-001717,19703,7,3,Nordeste,SMB,Varejo,2025-04-12,2025-06-04,2025-06-21,Won,8067.23,70
1718,OPP-001718,19705,9,2,Nordeste,SMB,Varejo,2025-04-21,2025-05-14,2025-05-27,Won,12430.52,36
1719,OPP-001719,19737,8,3,Sul,Mid-Market,Tecnologia,2025-04-20,2025-06-07,2025-06-11,Lost,40749.79,52
1720,OPP-001720,19751,7,1,Sul,Mid-Market,Indústria,2025-05-20,2025-07-24,2025-07-17,Won,20800.06,58
1721,OPP-001721,19769,11,4,Sudeste,Enterprise,Serviços,2025-05-23,2025-06-19,2025-06-02,Won,150087.18,10
1722,OPP-001722,19779,9,1,Nordeste,Mid-Market,Varejo,2025-05-03,2025-06-14,2025-06-30,Lost,18385.03,58
1723,OPP-001723,19789,2,4,Nordeste,SMB,Indústria,2025-05-31,2025-07-27,2025-08-03,Won,8665.58,64
1724,OPP-001724,19790,11,3,Sudeste,Mid-Market,Serviços,2025-05-30,2025-06-30,2025-06-21,Lost,16461.13,22
1725,OPP-001725,19792,3,3,Sudeste,SMB,Varejo,2025-05-09,2025-07-08,2025-07-10,Won,10430.75,62
1726,OPP-001726,19807,9,1,Centro-Oeste,Mid-Market,Varejo,2025-04-14,2025-06-03,,Open,36163.51,261
1727,OPP-001727,19813,1,3,Nordeste,Mid-Market,Varejo,2025-05-19,2025-07-24,2025-08-20,Lost,38361.66,93
1728,OPP-001728,19820,8,6,Sul,Enterprise,Varejo,2025-05-15,2025-06-24,,Open,110302.13,230
1729,OPP-001729,19849,5,4,Sul,Enterprise,Indústria,2025-04-25,2025-05-21,2025-05-10,Won,70594.24,15
1730,OPP-001730,19858,8,4,Sudeste,Mid-Market,Varejo,2025-05-19,2025-07-14,2025-07-29,Lost,30151.97,71
1731,OPP-001731,19868,12,1,Sul,Enterprise,Serviços,2025-04-30,2025-07-08,2025-07-08,Won,85372.42,69
1732,OPP-001732,19888,7,3,Sudeste,Mid-Market,Varejo,2025-05-11,2025-07-12,2025-07-15,Lost,45402.33,65
1733,OPP-001733,19905,1,3,Sudeste,Enterprise,Educação,2025-04-30,2025-06-27,2025-07-09,Won,124305.43,70
1734,OPP-001734,19923,7,5,Sudeste,Enterprise,Tecnologia,2025-05-03,2025-05-23,2025-05-30,Won,117726.89,27
1735,OPP-001735,19929,1,3,Sudeste,Enterprise,Varejo,2025-06-07,2025-08-01,2025-07-22,Lost,29762.29,45
1736,OPP-001736,19934,4,1,Sudeste,Mid-Market,Serviços,2025-05-05,2025-05-25,2025-05-10,Won,27716.58,5
1737,OPP-001737,19936,12,6,Sudeste,SMB,Educação,2025-05-15,2025-07-08,2025-07-14,Lost,10888.57,60
1738,OPP-001738,19940,2,2,Sudeste,Mid-Market,Saúde,2025-05-21,2025-07-30,2025-07-29,Won,20062.54,69
1739,OPP-001739,19963,11,6,Sul,Mid-Market,Serviços,2025-04-15,2025-05-22,2025-05-12,Won,42954.45,27
1740,OPP-001740,19971,1,6,Nordeste,Enterprise,Indústria,2025-04-13,2025-05-17,,Open,70553.64,262
1741,OPP-001741,19973,9,6,Nordeste,SMB,Educação,2025-05-26,2025-08-03,2025-07-30,Won,8022.82,65
1742,OPP-001742,19978,11,2,Sul,Mid-Market,Tecnologia,2025-05-04,2025-06-30,2025-06-16,Won,66979.5,43
1743,OPP-001743,19993,9,3,Sul,SMB,Serviços,2025-05-14,2025-07-24,2025-08-20,Won,9203.5,98
1744,OPP-001744,20015,7,1,Centro-Oeste,SMB,Tecnologia,2025-05-13,2025-06-09,2025-06-07,Won,8796.94,25
1745,OPP-001745,20033,2,4,Sudeste,SMB,Varejo,2025-06-06,2025-08-06,2025-07-28,Won,12168.26,52
1746,OPP-001746,20058,5,6,Sudeste,Enterprise,Serviços,2025-05-25,2025-07-26,2025-08-08,Won,66949.92,75
1747,OPP-001747,20080,1,1,Sul,Enterprise,Varejo,2025-05-24,2025-06-19,2025-06-11,Lost,138758.02,18
1748,OPP-001748,20089,11,2,Nordeste,Enterprise,Varejo,2025-05-18,2025-06-20,2025-06-24,Won,68612.08,37
1749,OPP-001749,20090,3,2,Nordeste,SMB,Varejo,2025-05-28,2025-06-22,2025-06-30,Won,9068.08,33
1750,OPP-001750,20104,9,6,Sudeste,Mid-Market,Varejo,2025-05-28,2025-06-25,2025-06-15,Lost,24679.21,18
1751,OPP-001751,20126,9,6,Sudeste,Enterprise,Indústria,2025-05-24,2025-06-25,2025-07-07,Won,70774.26,44
1752,OPP-001752,20162,12,1,Centro-Oeste,Enterprise,Varejo,2025-04-19,2025-05-31,2025-05-27,Won,72039.84,38
1753,OPP-001753,20184,2,6,Centro-Oeste,Mid-Market,Varejo,2025-06-12,2025-08-22,2025-08-03,Lost,26161.19,52
1754,OPP-001754,20187,2,1,Sudeste,Mid-Market,Serviços,2025-06-13,2025-07-27,2025-07-28,Won,19711.45,45
1755,OPP-001755,20214,9,6,Sudeste,Enterprise,Serviços,2025-05-12,2025-07-23,2025-06-28,Won,104347.33,47
1756,OPP-001756,20216,7,2,Nordeste,Mid-Market,Serviços,2025-05-26,2025-06-30,2025-06-18,Lost,32267.35,23
1757,OPP-001757,20219,8,5,Sudeste,Mid-Market,Tecnologia,2025-06-03,2025-08-01,2025-07-18,Won,24763.48,45
1758,OPP-001758,20229,8,2,Sul,SMB,Serviços,2025-06-05,2025-08-03,2025-08-10,Lost,7254.04,66
1759,OPP-001759,20236,4,3,Nordeste,Mid-Market,Indústria,2025-06-07,2025-06-29,2025-07-04,Lost,14360.11,27
1760,OPP-001760,20243,11,1,Sudeste,Enterprise,Saúde,2025-05-04,2025-07-13,2025-07-17,Won,92204.42,74
1761,OPP-001761,20245,9,4,Nordeste,SMB,Varejo,2025-06-02,2025-06-27,2025-07-08,Lost,7450.75,36
1762,OPP-001762,20271,4,4,Sudeste,Mid-Market,Indústria,2025-05-19,2025-06-21,2025-06-15,Won,51869.59,27
1763,OPP-001763,20273,11,1,Nordeste,Mid-Market,Varejo,2025-05-22,2025-06-24,2025-06-19,Won,29986.41,28
1764,OPP-001764,20276,2,1,Sul,Enterprise,Varejo,2025-05-17,2025-07-29,2025-08-02,Lost,46071.85,77
1765,OPP-001765,20295,2,1,Nordeste,Enterprise,Serviços,2025-05-13,2025-06-27,2025-06-22,Won,137382.67,40
1766,OPP-001766,20321,7,2,Sudeste,SMB,Varejo,2025-05-18,2025-07-30,2025-07-22,Won,4247.75,65
1767,OPP-001767,20360,10,4,Centro-Oeste,Mid-Market,Varejo,2025-06-08,2025-08-08,2025-08-15,Won,15105.7,68
1768,OPP-001768,20370,6,2,Sul,SMB,Saúde,2025-05-13,2025-07-01,2025-06-23,Lost,7998.15,41
1769,OPP-001769,20374,11,3,Centro-Oeste,Mid-Market,Varejo,2025-05-29,2025-07-21,2025-07-11,Won,46263.97,43
1770,OPP-001770,20406,3,6,Sul,Enterprise,Educação,2025-06-08,2025-08-15,2025-08-22,Won,145215.32,75
1771,OPP-001771,20409,11,3,Sul,Mid-Market,Serviços,2025-05-16,2025-06-29,2025-07-03,Won,41503.27,48
1772,OPP-001772,20415,6,1,Nordeste,Enterprise,Tecnologia,2025-05-26,2025-07-23,2025-07-25,Won,70347.43,60
1773,OPP-001773,20421,2,3,Sudeste,Mid-Market,Saúde,2025-05-10,2025-07-18,2025-08-03,Won,19731.74,85
1774,OPP-001774,20429,1,3,Nordeste,SMB,Indústria,2025-06-12,2025-07-25,2025-07-19,Lost,11121.3,37
1775,OPP-001775,20435,12,2,Nordeste,Mid-Market,Tecnologia,2025-05-15,2025-06-17,2025-06-29,Won,39329.82,45
1776,OPP-001776,20436,11,3,Centro-Oeste,Enterprise,Varejo,2025-05-26,2025-08-06,2025-07-26,Won,75975.01,61
1777,OPP-001777,20446,5,2,Sudeste,Mid-Market,Serviços,2025-05-15,2025-06-10,2025-06-09,Won,30651.24,25
1778,OPP-001778,20461,5,4,Nordeste,Enterprise,Indústria,2025-05-22,2025-07-20,2025-07-09,Lost,151417.28,48
1779,OPP-001779,20465,11,1,Sudeste,Mid-Market,Tecnologia,2025-06-04,2025-07-18,2025-07-25,Lost,30510.05,51
1780,OPP-001780,20472,8,6,Sul,Mid-Market,Saúde,2025-06-20,2025-07-29,2025-07-28,Won,26564.4,38
1781,OPP-001781,20475,2,5,Sul,SMB,Varejo,2025-06-15,2025-08-16,2025-09-10,Won,6057.87,87
1782,OPP-001782,20479,12,3,Sudeste,SMB,Varejo,2025-06-04,2025-08-05,2025-08-10,Won,11737.98,67
1783,OPP-001783,20483,8,1,Centro-Oeste,SMB,Indústria,2025-05-29,2025-06-27,2025-06-25,Won,7698.59,27
1784,OPP-001784,20499,12,1,Sudeste,Mid-Market,Educação,2025-05-14,2025-06-21,2025-06-13,Won,25012.81,30
1785,OPP-001785,20505,9,4,Sudeste,Mid-Market,Varejo,2025-06-20,2025-07-16,2025-07-07,Won,43966.64,17
1786,OPP-001786,20551,9,1,Sudeste,SMB,Educação,2025-06-05,2025-06-26,2025-06-05,Lost,10312.74,5
1787,OPP-001787,20565,3,5,Centro-Oeste,Enterprise,Varejo,2025-06-05,2025-08-07,2025-07-28,Won,54542.1,53
1788,OPP-001788,20572,1,1,Sudeste,Enterprise,Indústria,2025-05-26,2025-06-30,2025-07-05,Won,83395.34,40
1789,OPP-001789,20583,7,1,Sudeste,SMB,Tecnologia,2025-05-25,2025-08-02,2025-07-28,Won,9835.95,64
1790,OPP-001790,20593,1,3,Sudeste,Enterprise,Educação,2025-06-03,2025-08-02,2025-07-29,Lost,135971.42,56
1791,OPP-001791,20595,6,2,Sul,SMB,Tecnologia,2025-05-14,2025-06-11,2025-06-06,Won,10291.43,23
1792,OPP-001792,20599,10,4,Sul,SMB,Educação,2025-05-23,2025-07-13,2025-08-15,Won,8708.68,84
1793,OPP-001793,20610,9,6,Nordeste,SMB,Varejo,2025-06-15,2025-08-07,2025-08-13,Lost,9697.89,59
1794,OPP-001794,20619,2,5,Sudeste,Mid-Market,Serviços,2025-06-23,2025-08-06,2025-08-05,Lost,33175.49,43
1795,OPP-001795,20621,12,2,Nordeste,SMB,Tecnologia,2025-05-16,2025-07-03,,Open,6527.16,229
1796,OPP-001796,20625,11,3,Sul,Mid-Market,Varejo,2025-06-10,2025-07-06,2025-07-13,Won,19948.25,33
1797,OPP-001797,20628,2,6,Centro-Oeste,Mid-Market,Tecnologia,2025-06-27,2025-09-09,2025-09-14,Lost,29707.68,79
1798,OPP-001798,20632,9,3,Centro-Oeste,Mid-Market,Indústria,2025-06-22,2025-08-07,2025-08-09,Won,36700.38,48
1799,OPP-001799,20647,7,4,Sudeste,Mid-Market,Serviços,2025-04-27,2025-07-08,,Open,26850.54,248
1800,OPP-001800,20683,8,3,Nordeste,Enterprise,Tecnologia,2025-05-20,2025-07-26,2025-07-23,Won,84191.39,64
1801,OPP-001801,20687,6,6,Sudeste,Mid-Market,Varejo,2025-06-03,2025-08-10,2025-08-11,Won,31172.27,69
1802,OPP-001802,20689,11,3,Centro-Oeste,Enterprise,Indústria,2025-06-03,2025-08-15,2025-08-01,Won,153597.08,59
1803,OPP-001803,20702,2,6,Sul,Mid-Market,Indústria,2025-05-16,2025-07-21,2025-07-14,Lost,21763.78,59
1804,OPP-001804,20713,7,3,Sul,SMB,Saúde,2025-05-31,2025-07-20,2025-07-16,Won,8839.46,46
1805,OPP-001805,20746,5,6,Sul,Enterprise,Varejo,2025-06-04,2025-07-19,2025-08-07,Lost,162936.66,64
1806,OPP-001806,20747,6,1,Sudeste,Enterprise,Tecnologia,2025-05-15,2025-07-19,2025-07-20,Won,60152.62,66
1807,OPP-001807,20761,12,1,Centro-Oeste,Enterprise,Varejo,2025-06-08,2025-07-19,2025-07-31,Lost,46612.79,53
1808,OPP-001808,20765,9,1,Nordeste,Enterprise,Saúde,2025-06-14,2025-08-22,,Open,98210.34,200
1809,OPP-001809,20782,5,3,Sul,Enterprise,Serviços,2025-06-14,2025-07-18,2025-07-06,Won,116611.16,22
1810,OPP-001810,20789,12,6,Sudeste,SMB,Serviços,2025-05-18,2025-07-11,2025-07-15,Won,9694.54,58
1811,OPP-001811,20794,10,4,Sudeste,SMB,Indústria,2025-06-27,2025-08-12,2025-08-26,Won,15249.89,60
1812,OPP-001812,20803,8,6,Nordeste,Mid-Market,Saúde,2025-06-18,2025-08-07,2025-08-15,Lost,34630.13,58
1813,OPP-001813,20809,2,1,Sul,SMB,Varejo,2025-06-05,2025-07-19,2025-07-11,Lost,7601.07,36
1814,OPP-001814,20812,7,6,Sudeste,Mid-Market,Serviços,2025-06-05,2025-07-23,2025-07-09,Won,39473.65,34
1815,OPP-001815,20820,7,5,Sudeste,Mid-Market,Educação,2025-05-19,2025-07-24,2025-07-19,Won,89646.74,61
1816,OPP-001816,20834,1,3,Nordeste,SMB,Serviços,2025-05-29,2025-07-18,2025-06-23,Won,8576.2,25
1817,OPP-001817,20888,3,2,Sul,Mid-Market,Serviços,2025-05-27,2025-06-20,2025-06-08,Lost,29255.14,12
1818,OPP-001818,20891,3,3,Sudeste,Mid-Market,Saúde,2025-06-07,2025-07-13,2025-07-15,Won,18130.88,38
1819,OPP-001819,20918,12,1,Sudeste,Enterprise,Indústria,2025-07-08,2025-09-03,2025-08-25,Won,36913.69,48
1820,OPP-001820,20944,7,4,Sudeste,Mid-Market,Serviços,2025-06-08,2025-07-21,2025-07-13,Lost,53123.9,35
1821,OPP-001821,20950,2,1,Sudeste,Mid-Market,Indústria,2025-06-04,2025-07-12,2025-07-12,Lost,20177.86,38
1822,OPP-001822,20957,10,1,Sul,Enterprise,Tecnologia,2025-06-20,2025-08-14,2025-08-26,Lost,71514.33,67
1823,OPP-001823,20980,7,4,Nordeste,Enterprise,Varejo,2025-05-30,2025-07-08,2025-07-07,Lost,311315.99,38
1824,OPP-001824,20981,1,6,Centro-Oeste,Enterprise,Saúde,2025-06-17,2025-08-06,2025-08-14,Won,70720.11,58
1825,OPP-001825,20995,8,2,Sul,Mid-Market,Serviços,2025-06-29,2025-08-18,2025-08-11,Won,25802.11,43
1826,OPP-001826,21012,11,6,Centro-Oeste,SMB,Varejo,2025-07-03,2025-07-25,2025-08-02,Lost,7259.56,30
1827,OPP-001827,21044,6,1,Sudeste,Mid-Market,Serviços,2025-06-11,2025-07-19,2025-07-14,Won,51906.85,33
1828,OPP-001828,21063,1,3,Sul,SMB,Varejo,2025-06-11,2025-07-14,2025-07-23,Won,8631.66,42
1829,OPP-001829,21086,8,2,Nordeste,Enterprise,Educação,2025-06-11,2025-08-02,2025-07-26,Lost,78850.76,45
1830,OPP-001830,21097,11,6,Sudeste,Mid-Market,Serviços,2025-07-03,2025-09-06,2025-09-20,Won,34277.08,79
1831,OPP-001831,21122,5,2,Sul,Enterprise,Tecnologia,2025-06-09,2025-06-30,2025-07-06,Won,142804.0,27
1832,OPP-001832,21144,3,2,Sudeste,SMB,Saúde,2025-07-08,2025-09-15,2025-09-10,Won,19652.04,64
1833,OPP-001833,21183,7,4,Sudeste,SMB,Tecnologia,2025-06-23,2025-08-31,2025-09-01,Lost,7208.28,70
1834,OPP-001834,21196,5,3,Sudeste,SMB,Saúde,2025-06-23,2025-08-08,2025-08-14,Won,9172.07,52
1835,OPP-001835,21197,1,1,Centro-Oeste,Mid-Market,Saúde,2025-06-06,2025-08-02,2025-07-31,Won,32449.25,55
1836,OPP-001836,21207,8,1,Nordeste,Mid-Market,Saúde,2025-06-29,2025-08-15,2025-09-02,Won,39094.72,65
1837,OPP-001837,21210,6,1,Sudeste,Mid-Market,Educação,2025-06-23,2025-07-18,2025-07-22,Won,28792.94,29
1838,OPP-001838,21216,6,4,Sudeste,SMB,Varejo,2025-06-19,2025-07-26,2025-07-14,Lost,4942.33,25
1839,OPP-001839,21230,5,2,Sul,SMB,Serviços,2025-06-20,2025-07-25,2025-08-16,Lost,8224.04,57
1840,OPP-001840,21231,3,1,Sudeste,Mid-Market,Varejo,2025-06-17,2025-08-30,2025-08-28,Lost,29493.84,72
1841,OPP-001841,21272,5,6,Nordeste,Mid-Market,Serviços,2025-06-25,2025-08-16,,Open,11569.76,189
1842,OPP-001842,21277,11,1,Sudeste,SMB,Educação,2025-06-26,2025-08-12,2025-08-14,Lost,8080.05,49
1843,OPP-001843,21281,7,3,Sul,SMB,Educação,2025-06-04,2025-08-05,2025-08-03,Lost,9757.22,60
1844,OPP-001844,21290,9,3,Nordeste,SMB,Saúde,2025-06-18,2025-08-08,2025-07-14,Won,13440.19,26
1845,OPP-001845,21293,9,1,Nordeste,Enterprise,Varejo,2025-05-31,2025-07-21,2025-07-09,Won,144521.84,39
1846,OPP-001846,21324,7,1,Sudeste,Mid-Market,Serviços,2025-06-24,2025-08-21,2025-08-21,Won,58794.12,58
1847,OPP-001847,21355,9,1,Sudeste,SMB,Indústria,2025-06-09,2025-07-23,,Open,9065.28,205
1848,OPP-001848,21379,7,3,Nordeste,Enterprise,Varejo,2025-06-05,2025-07-25,2025-08-12,Won,57844.37,68
1849,OPP-001849,21391,2,2,Centro-Oeste,Mid-Market,Serviços,2025-06-26,2025-07-26,,Open,22292.08,188
1850,OPP-001850,21401,12,3,Sul,Enterprise,Varejo,2025-07-03,2025-08-01,2025-08-06,Won,54047.49,34
1851,OPP-001851,21407,7,3,Sudeste,SMB,Tecnologia,2025-06-30,2025-08-31,2025-09-02,Lost,6812.44,64
1852,OPP-001852,21416,11,3,Centro-Oeste,SMB,Varejo,2025-06-20,2025-08-12,2025-08-04,Won,9486.07,45
1853,OPP-001853,21426,9,3,Nordeste,Enterprise,Serviços,2025-06-23,2025-08-16,2025-08-16,Won,38756.45,54
1854,OPP-001854,21431,5,4,Sudeste,Mid-Market,Indústria,2025-06-20,2025-08-13,2025-09-01,Won,59859.13,73
1855,OPP-001855,21435,12,2,Centro-Oeste,SMB,Saúde,2025-07-02,2025-08-01,2025-07-31,Lost,12822.59,29
1856,OPP-001856,21444,8,4,Sudeste,Mid-Market,Saúde,2025-05-30,2025-07-29,2025-07-21,Won,23515.71,52
1857,OPP-001857,21487,2,4,Sudeste,Enterprise,Indústria,2025-06-18,2025-08-26,2025-08-27,Won,56258.82,70
1858,OPP-001858,21503,4,3,Centro-Oeste,SMB,Educação,2025-06-23,2025-08-07,2025-07-26,Lost,11839.44,33
1859,OPP-001859,21518,1,4,Sudeste,Enterprise,Serviços,2025-06-15,2025-08-20,2025-08-22,Won,136229.2,68
1860,OPP-001860,21520,9,5,Nordeste,Mid-Market,Varejo,2025-06-02,2025-06-24,,Open,33891.32,212
1861,OPP-001861,21554,3,1,Sudeste,SMB,Serviços,2025-07-05,2025-08-10,2025-08-27,Won,10187.47,53
1862,OPP-001862,21559,8,3,Sul,SMB,Serviços,2025-07-03,2025-09-15,2025-09-09,Won,9321.11,68
1863,OPP-001863,21563,8,1,Nordeste,Enterprise,Indústria,2025-06-18,2025-08-17,2025-08-24,Lost,122619.48,67
1864,OPP-001864,21597,6,3,Sul,Enterprise,Serviços,2025-06-18,2025-08-01,2025-07-27,Won,73865.33,39
1865,OPP-001865,21603,3,5,Sudeste,SMB,Serviços,2025-05-22,2025-08-02,2025-07-30,Lost,9844.98,69
1866,OPP-001866,21645,10,1,Sul,SMB,Varejo,2025-06-13,2025-07-13,2025-07-17,Lost,10220.09,34
1867,OPP-001867,21654,5,5,Sudeste,Mid-Market,Indústria,2025-07-04,2025-08-28,2025-09-12,Won,49375.07,70
1868,OPP-001868,21675,7,2,Sudeste,SMB,Varejo,2025-06-12,2025-08-03,2025-07-15,Won,8778.81,33
1869,OPP-001869,21678,6,1,Sudeste,Mid-Market,Serviços,2025-06-02,2025-07-21,2025-07-11,Lost,28687.68,39
1870,OPP-001870,21682,1,5,Sul,Mid-Market,Saúde,2025-06-24,2025-08-27,2025-09-04,Won,46154.14,72
1871,OPP-001871,21697,10,1,Sul,SMB,Varejo,2025-07-06,2025-09-02,2025-08-31,Won,9204.68,56
1872,OPP-001872,21712,12,4,Sudeste,Enterprise,Educação,2025-06-10,2025-07-07,2025-07-15,Won,58279.0,35
1873,OPP-001873,21719,10,3,Sudeste,Mid-Market,Varejo,2025-06-23,2025-08-11,2025-08-16,Won,21555.11,54
1874,OPP-001874,21738,6,1,Sudeste,Mid-Market,Tecnologia,2025-07-08,2025-09-01,2025-08-19,Won,21479.29,42
1875,OPP-001875,21740,7,6,Sudeste,Mid-Market,Varejo,2025-06-19,2025-08-06,2025-08-10,Won,26147.97,52
1876,OPP-001876,21753,5,5,Nordeste,Mid-Market,Indústria,2025-06-15,2025-07-06,,Open,19696.68,199
1877,OPP-001877,21755,2,3,Centro-Oeste,SMB,Varejo,2025-06-20,2025-07-20,2025-07-18,Won,6982.38,28
1878,OPP-001878,21764,5,1,Centro-Oeste,SMB,Tecnologia,2025-07-13,2025-08-27,,Open,9587.91,171
1879,OPP-001879,21770,10,3,Sudeste,Mid-Market,Tecnologia,2025-06-29,2025-07-22,2025-07-19,Won,26694.03,20
1880,OPP-001880,21792,10,3,Sudeste,Enterprise,Varejo,2025-07-06,2025-08-28,2025-09-15,Won,79472.99,71
1881,OPP-001881,21795,10,2,Sudeste,Mid-Market,Varejo,2025-06-16,2025-08-11,2025-08-14,Lost,24358.8,59
1882,OPP-001882,21808,3,3,Sudeste,Enterprise,Indústria,2025-06-05,2025-08-06,2025-08-25,Won,52618.36,81
1883,OPP-001883,21813,10,4,Sul,SMB,Saúde,2025-06-19,2025-07-17,2025-07-02,Won,9425.65,13
1884,OPP-001884,21818,9,4,Sudeste,Mid-Market,Indústria,2025-07-14,2025-08-12,2025-08-09,Lost,26868.62,26
1885,OPP-001885,21819,9,1,Sudeste,Enterprise,Serviços,2025-07-11,2025-08-16,2025-08-24,Won,197964.27,44
1886,OPP-001886,21846,11,4,Nordeste,SMB,Saúde,2025-06-22,2025-08-07,2025-08-07,Won,8659.71,46
1887,OPP-001887,21849,7,1,Nordeste,Mid-Market,Varejo,2025-06-22,2025-07-31,2025-08-18,Won,37475.48,57
1888,OPP-001888,21862,12,5,Sudeste,Enterprise,Educação,2025-07-12,2025-08-20,2025-08-21,Won,98228.37,40
1889,OPP-001889,21868,8,4,Sul,Enterprise,Varejo,2025-07-06,2025-09-01,2025-09-15,Lost,270710.52,71
1890,OPP-001890,21874,12,4,Sudeste,SMB,Saúde,2025-07-16,2025-08-28,2025-08-18,Won,12294.45,33
1891,OPP-001891,21898,6,6,Sudeste,SMB,Varejo,2025-07-13,2025-08-24,2025-09-02,Won,5045.67,51
1892,OPP-001892,21899,12,6,Sul,SMB,Serviços,2025-06-07,2025-07-27,2025-07-23,Won,14530.06,46
1893,OPP-001893,21900,6,4,Sul,Enterprise,Saúde,2025-06-04,2025-07-10,,Open,82561.26,210
1894,OPP-001894,21902,7,1,Sudeste,Enterprise,Serviços,2025-06-12,2025-08-16,2025-07-27,Won,58681.98,45
1895,OPP-001895,21933,6,4,Sul,Enterprise,Varejo,2025-06-28,2025-09-01,2025-08-29,Lost,56493.51,62
1896,OPP-001896,21936,8,4,Sudeste,Enterprise,Tecnologia,2025-07-08,2025-08-10,2025-07-28,Won,59280.72,20
1897,OPP-001897,21952,1,2,Sudeste,Mid-Market,Indústria,2025-06-03,2025-08-13,2025-07-29,Lost,40822.53,56
1898,OPP-001898,21960,7,4,Sul,Enterprise,Educação,2025-07-10,2025-08-17,2025-08-15,Won,34336.18,36
1899,OPP-001899,21971,6,2,Nordeste,Enterprise,Serviços,2025-06-16,2025-08-05,2025-08-15,Won,131997.35,60
1900,OPP-001900,21986,9,1,Sudeste,Mid-Market,Indústria,2025-07-23,2025-08-31,2025-09-07,Lost,51047.79,46
1901,OPP-001901,21992,10,1,Sudeste,Mid-Market,Varejo,2025-07-14,2025-09-25,2025-09-09,Won,39092.47,57
1902,OPP-001902,22006,9,3,Nordeste,Mid-Market,Saúde,2025-07-30,2025-08-20,2025-08-16,Won,25651.78,17
1903,OPP-001903,22013,6,3,Nordeste,SMB,Saúde,2025-06-07,2025-08-01,2025-08-04,Won,4286.42,58
1904,OPP-001904,22020,7,3,Sudeste,SMB,Serviços,2025-06-13,2025-08-07,2025-08-01,Won,3973.13,49
1905,OPP-001905,22028,10,2,Sudeste,SMB,Serviços,2025-06-30,2025-07-31,2025-07-10,Won,22430.06,10
1906,OPP-001906,22051,3,4,Sudeste,SMB,Varejo,2025-06-20,2025-08-23,2025-09-10,Lost,10615.28,82
1907,OPP-001907,22058,2,4,Sul,Mid-Market,Serviços,2025-06-16,2025-07-22,2025-07-20,Won,63609.14,34
1908,OPP-001908,22071,12,2,Sudeste,Mid-Market,Varejo,2025-07-22,2025-09-02,2025-08-20,Lost,28445.51,29
1909,OPP-001909,22095,11,4,Nordeste,Mid-Market,Varejo,2025-07-04,2025-07-25,2025-07-22,Lost,18887.09,18
1910,OPP-001910,22103,9,6,Nordeste,Enterprise,Varejo,2025-07-18,2025-08-09,2025-09-07,Lost,106456.07,51
1911,OPP-001911,22114,1,2,Nordeste,Enterprise,Varejo,2025-07-18,2025-08-23,2025-08-09,Won,66421.8,22
1912,OPP-001912,22127,1,1,Nordeste,SMB,Saúde,2025-07-27,2025-09-30,2025-09-16,Lost,19906.44,51
1913,OPP-001913,22138,2,1,Nordeste,Mid-Market,Tecnologia,2025-07-13,2025-09-09,2025-09-17,Won,78983.81,66
1914,OPP-001914,22147,2,4,Sudeste,Mid-Market,Varejo,2025-06-27,2025-07-27,2025-07-31,Won,24721.48,34
1915,OPP-001915,22153,11,2,Sudeste,Enterprise,Varejo,2025-07-11,2025-08-09,2025-08-18,Lost,125066.22,38
1916,OPP-001916,22161,6,1,Sudeste,Mid-Market,Serviços,2025-07-22,2025-08-26,2025-08-31,Won,24914.62,40
1917,OPP-001917,22169,1,6,Centro-Oeste,Mid-Market,Saúde,2025-07-03,2025-08-16,,Open,63463.64,181
1918,OPP-001918,22170,8,2,Nordeste,SMB,Tecnologia,2025-06-25,2025-08-31,2025-08-14,Won,6669.09,50
1919,OPP-001919,22179,10,1,Sul,SMB,Saúde,2025-06-14,2025-07-30,,Open,18381.34,200
1920,OPP-001920,22195,5,1,Sudeste,Mid-Market,Indústria,2025-07-08,2025-08-14,2025-08-26,Won,20864.4,49
1921,OPP-001921,22197,12,3,Sudeste,Mid-Market,Serviços,2025-07-05,2025-09-05,2025-09-19,Lost,30629.92,76
1922,OPP-001922,22201,5,4,Nordeste,SMB,Indústria,2025-07-18,2025-09-07,,Open,12728.95,166
1923,OPP-001923,22233,4,5,Sudeste,Mid-Market,Saúde,2025-07-14,2025-09-15,2025-09-14,Won,31450.17,62
1924,OPP-001924,22236,5,2,Sul,SMB,Saúde,2025-07-17,2025-08-18,2025-08-09,Won,22879.32,23
1925,OPP-001925,22248,4,2,Sul,SMB,Varejo,2025-06-20,2025-07-15,2025-07-19,Won,15675.6,29
1926,OPP-001926,22263,5,4,Centro-Oeste,Mid-Market,Indústria,2025-06-21,2025-08-26,2025-09-01,Won,59371.57,72
1927,OPP-001927,22288,1,1,Sudeste,Mid-Market,Educação,2025-06-30,2025-08-28,,Open,35239.12,184
1928,OPP-001928,22290,7,5,Sul,Mid-Market,Serviços,2025-07-24,2025-08-24,2025-08-31,Won,44906.61,38
1929,OPP-001929,22320,3,3,Sul,Enterprise,Indústria,2025-07-13,2025-08-03,,Open,45139.63,171
1930,OPP-001930,22327,9,5,Sudeste,Enterprise,Varejo,2025-06-30,2025-07-22,2025-07-01,Won,58339.6,5
1931,OPP-001931,22335,10,3,Sul,Mid-Market,Tecnologia,2025-06-29,2025-08-26,2025-08-25,Won,30681.47,57
1932,OPP-001932,22336,7,2,Sudeste,SMB,Varejo,2025-07-05,2025-08-01,2025-07-28,Won,9220.73,23
1933,OPP-001933,22348,9,6,Sul,SMB,Serviços,2025-07-12,2025-08-24,2025-08-24,Won,9687.96,43
1934,OPP-001934,22350,11,4,Sul,SMB,Varejo,2025-06-13,2025-07-04,2025-06-13,Won,7298.5,5
1935,OPP-001935,22354,12,5,Centro-Oeste,Enterprise,Tecnologia,2025-07-24,2025-10-03,2025-10-05,Lost,183036.16,73
1936,OPP-001936,22359,12,3,Centro-Oeste,Mid-Market,Educação,2025-07-21,2025-08-26,2025-09-09,Lost,29485.54,50
1937,OPP-001937,22377,4,2,Sudeste,SMB,Saúde,2025-07-13,2025-09-05,2025-09-18,Won,8500.97,67
1938,OPP-001938,22417,10,5,Sudeste,Enterprise,Saúde,2025-07-01,2025-08-31,2025-09-02,Won,187589.81,63
1939,OPP-001939,22424,6,3,Nordeste,Mid-Market,Saúde,2025-07-11,2025-09-04,2025-09-16,Won,35851.69,67
1940,OPP-001940,22426,4,5,Sul,SMB,Varejo,2025-06-24,2025-08-04,2025-08-17,Won,7859.48,54
1941,OPP-001941,22429,3,3,Centro-Oeste,Enterprise,Serviços,2025-07-01,2025-09-06,2025-09-18,Won,51586.37,79
1942,OPP-001942,22432,7,5,Sudeste,Mid-Market,Indústria,2025-07-04,2025-08-05,2025-09-02,Won,66693.77,60
1943,OPP-001943,22438,5,1,Sul,SMB,Educação,2025-07-18,2025-08-18,2025-08-18,Lost,7862.25,31
1944,OPP-001944,22442,2,5,Sudeste,Mid-Market,Varejo,2025-07-26,2025-09-08,,Open,37542.71,158
1945,OPP-001945,22447,10,2,Centro-Oeste,Mid-Market,Indústria,2025-07-03,2025-08-01,2025-07-25,Lost,65902.71,22
1946,OPP-001946,22507,7,3,Centro-Oeste,SMB,Indústria,2025-06-21,2025-08-27,,Open,13078.98,193
1947,OPP-001947,22512,2,6,Sudeste,SMB,Varejo,2025-07-07,2025-09-15,2025-09-10,Won,8665.14,65
1948,OPP-001948,22549,6,5,Sudeste,Enterprise,Tecnologia,2025-07-30,2025-09-05,2025-09-04,Won,88624.59,36
1949,OPP-001949,22550,4,3,Sudeste,Enterprise,Varejo,2025-07-19,2025-09-17,2025-09-03,Won,46163.94,46
1950,OPP-001950,22558,7,6,Sudeste,Mid-Market,Varejo,2025-06-24,2025-08-16,2025-08-22,Lost,42440.07,59
1951,OPP-001951,22569,9,6,Centro-Oeste,Enterprise,Tecnologia,2025-07-23,2025-09-01,2025-09-03,Won,46191.91,42
1952,OPP-001952,22585,1,1,Sudeste,Mid-Market,Educação,2025-07-20,2025-09-13,2025-09-10,Won,41934.19,52
1953,OPP-001953,22617,10,3,Sudeste,Enterprise,Indústria,2025-07-03,2025-08-21,2025-09-04,Won,122389.09,63
1954,OPP-001954,22648,9,2,Sudeste,Mid-Market,Educação,2025-07-17,2025-09-24,,Open,55872.23,167
1955,OPP-001955,22664,9,2,Nordeste,SMB,Saúde,2025-08-01,2025-09-12,2025-09-01,Lost,13661.74,31
1956,OPP-001956,22665,6,1,Sudeste,SMB,Serviços,2025-07-26,2025-10-03,2025-10-09,Won,8475.68,75
1957,OPP-001957,22684,5,1,Sul,SMB,Serviços,2025-07-20,2025-09-18,2025-09-22,Won,22676.23,64
1958,OPP-001958,22692,12,3,Sudeste,Enterprise,Educação,2025-07-26,2025-09-17,2025-09-30,Lost,114388.78,66
1959,OPP-001959,22708,1,2,Nordeste,Enterprise,Serviços,2025-07-06,2025-09-07,2025-08-15,Lost,42660.18,40
1960,OPP-001960,22714,12,2,Sul,Enterprise,Educação,2025-07-15,2025-08-14,2025-09-09,Won,54117.38,56
1961,OPP-001961,22728,9,6,Nordeste,Mid-Market,Indústria,2025-08-08,2025-09-07,2025-08-31,Won,28246.91,23
1962,OPP-001962,22730,2,4,Sudeste,SMB,Indústria,2025-07-01,2025-08-22,2025-09-07,Won,4540.13,68
1963,OPP-001963,22735,11,6,Centro-Oeste,Enterprise,Indústria,2025-08-03,2025-08-30,2025-08-22,Won,96306.66,19
1964,OPP-001964,22745,2,6,Sudeste,Enterprise,Varejo,2025-07-10,2025-08-22,2025-09-04,Lost,57887.79,56
1965,OPP-001965,22748,11,3,Sudeste,Enterprise,Serviços,2025-07-07,2025-09-01,2025-08-25,Won,90091.84,49
1966,OPP-001966,22755,7,1,Centro-Oeste,Mid-Market,Indústria,2025-07-09,2025-08-21,2025-09-10,Won,47002.85,63
1967,OPP-001967,22772,1,1,Sudeste,Mid-Market,Varejo,2025-06-20,2025-09-02,2025-08-10,Won,31421.88,51
1968,OPP-001968,22774,10,1,Sudeste,Mid-Market,Serviços,2025-07-06,2025-09-17,2025-09-24,Lost,19729.83,80
1969,OPP-001969,22775,5,3,Nordeste,SMB,Educação,2025-07-23,2025-09-07,,Open,10461.93,161
1970,OPP-001970,22777,9,3,Sudeste,Mid-Market,Saúde,2025-07-12,2025-08-22,2025-08-24,Won,23148.45,43
1971,OPP-001971,22780,9,3,Sudeste,Mid-Market,Serviços,2025-07-30,2025-10-01,2025-09-27,Won,30727.4,59
1972,OPP-001972,22786,5,3,Centro-Oeste,SMB,Varejo,2025-07-06,2025-09-14,2025-09-16,Lost,10260.75,72
1973,OPP-001973,22802,3,3,Nordeste,Mid-Market,Educação,2025-07-18,2025-08-09,2025-08-10,Lost,25720.33,23
1974,OPP-001974,22829,2,3,Sul,Mid-Market,Serviços,2025-08-06,2025-09-11,2025-09-05,Won,21113.62,30
1975,OPP-001975,22840,11,3,Sudeste,Enterprise,Educação,2025-07-23,2025-09-16,2025-09-26,Won,122971.11,65
1976,OPP-001976,22858,5,5,Sul,Enterprise,Varejo,2025-07-10,2025-08-02,2025-08-17,Won,71137.7,38
1977,OPP-001977,22871,11,6,Nordeste,SMB,Serviços,2025-07-21,2025-09-08,2025-09-05,Won,8095.74,46
1978,OPP-001978,22884,9,1,Sul,SMB,Indústria,2025-07-16,2025-09-15,2025-09-12,Lost,8176.76,58
1979,OPP-001979,22893,5,3,Centro-Oeste,SMB,Tecnologia,2025-07-09,2025-08-06,2025-07-21,Won,8258.64,12
1980,OPP-001980,22901,5,1,Nordeste,SMB,Serviços,2025-07-16,2025-09-08,,Open,7206.5,168
1981,OPP-001981,22916,3,1,Nordeste,Mid-Market,Varejo,2025-06-29,2025-08-12,2025-07-27,Won,21008.61,28
1982,OPP-001982,22920,1,1,Centro-Oeste,SMB,Varejo,2025-07-29,2025-09-24,,Open,9604.85,155
1983,OPP-001983,22930,4,3,Sul,Enterprise,Varejo,2025-07-19,2025-08-11,2025-08-21,Won,144988.86,33
1984,OPP-001984,22940,11,1,Sudeste,SMB,Saúde,2025-07-23,2025-08-13,2025-08-20,Lost,9475.26,28
1985,OPP-001985,22947,1,2,Sul,Mid-Market,Tecnologia,2025-08-02,2025-10-01,,Open,30673.61,151
1986,OPP-001986,22980,7,1,Sul,Mid-Market,Indústria,2025-08-03,2025-08-25,2025-08-21,Won,43635.74,18
1987,OPP-001987,22990,1,2,Nordeste,Mid-Market,Serviços,2025-07-14,2025-09-26,2025-09-07,Lost,24261.43,55
1988,OPP-001988,23011,11,1,Nordeste,Enterprise,Varejo,2025-08-16,2025-10-07,2025-09-21,Won,62030.69,36
1989,OPP-001989,23012,7,1,Nordeste,Mid-Market,Educação,2025-07-15,2025-08-30,2025-09-11,Won,30116.73,58
1990,OPP-001990,23036,7,1,Sul,Enterprise,Tecnologia,2025-08-11,2025-09-11,2025-09-12,Won,102628.24,32
1991,OPP-001991,23039,8,1,Nordeste,Mid-Market,Tecnologia,2025-08-15,2025-10-22,2025-10-10,Lost,36170.99,56
1992,OPP-001992,23041,3,1,Nordeste,SMB,Varejo,2025-07-29,2025-10-11,2025-09-24,Lost,6421.38,57
1993,OPP-001993,23058,4,3,Sudeste,SMB,Serviços,2025-07-12,2025-09-21,2025-09-08,Won,9233.72,58
1994,OPP-001994,23061,1,2,Sudeste,SMB,Educação,2025-07-28,2025-08-22,2025-07-28,Won,15413.05,5
1995,OPP-001995,23070,10,3,Centro-Oeste,SMB,Tecnologia,2025-07-02,2025-09-03,2025-08-21,Won,12624.49,50
1996,OPP-001996,23081,4,3,Nordeste,SMB,Saúde,2025-07-10,2025-08-19,,Open,7291.32,174
1997,OPP-001997,23094,5,2,Sul,Enterprise,Varejo,2025-07-13,2025-09-16,2025-08-19,Won,114120.36,37
1998,OPP-001998,23149,11,3,Sudeste,SMB,Serviços,2025-07-20,2025-09-02,2025-08-26,Lost,12095.34,37
1999,OPP-001999,23175,7,3,Sudeste,Mid-Market,Saúde,2025-08-05,2025-09-21,2025-09-30,Won,32139.71,56
2000,OPP-002000,23185,8,3,Sul,Mid-Market,Varejo,2025-08-25,2025-10-06,2025-09-21,Lost,21887.11,27
2001,OPP-002001,23188,12,4,Sudeste,Enterprise,Indústria,2025-07-22,2025-08-19,2025-08-05,Lost,114535.62,14
2002,OPP-002002,23189,5,3,Nordeste,Enterprise,Tecnologia,2025-08-02,2025-10-07,2025-09-06,Won,101552.44,35
2003,OPP-002003,23199,6,4,Sudeste,SMB,Indústria,2025-08-13,2025-09-05,2025-09-05,Won,13069.29,23
2004,OPP-002004,23203,3,1,Sudeste,Mid-Market,Indústria,2025-08-04,2025-09-05,2025-09-08,Lost,56473.96,35
2005,OPP-002005,23208,7,5,Sudeste,Enterprise,Varejo,2025-07-12,2025-09-19,,Open,65344.83,172
2006,OPP-002006,23217,11,2,Sudeste,SMB,Varejo,2025-07-30,2025-09-24,2025-09-08,Won,10424.58,40
2007,OPP-002007,23250,5,5,Centro-Oeste,SMB,Tecnologia,2025-07-09,2025-09-19,2025-09-12,Lost,11768.1,65
2008,OPP-002008,23251,8,2,Nordeste,Mid-Market,Indústria,2025-08-11,2025-09-16,2025-09-03,Lost,47432.08,23
2009,OPP-002009,23274,10,4,Sudeste,Mid-Market,Serviços,2025-07-21,2025-10-03,2025-10-01,Lost,29597.2,72
2010,OPP-002010,23276,9,1,Sul,Mid-Market,Varejo,2025-08-12,2025-09-29,2025-09-13,Lost,25640.94,32
2011,OPP-002011,23287,1,1,Nordeste,Mid-Market,Tecnologia,2025-08-07,2025-10-11,2025-10-16,Lost,37325.3,70
2012,OPP-002012,23290,9,1,Nordeste,Enterprise,Saúde,2025-08-15,2025-09-07,2025-09-06,Won,141459.05,22
2013,OPP-002013,23296,7,4,Sudeste,SMB,Tecnologia,2025-07-23,2025-09-14,2025-09-26,Lost,13663.85,65
2014,OPP-002014,23305,11,1,Nordeste,Enterprise,Indústria,2025-08-04,2025-08-30,2025-09-15,Won,213188.13,42
2015,OPP-002015,23311,4,1,Sudeste,Enterprise,Varejo,2025-08-19,2025-10-13,2025-10-10,Won,128959.76,52
2016,OPP-002016,23321,10,3,Sudeste,SMB,Tecnologia,2025-08-07,2025-10-14,2025-10-08,Lost,9471.03,62
2017,OPP-002017,23326,10,2,Sudeste,Enterprise,Serviços,2025-07-22,2025-09-17,2025-09-14,Won,188682.42,54
2018,OPP-002018,23339,9,4,Sudeste,Mid-Market,Tecnologia,2025-07-22,2025-08-29,,Open,21038.63,162
2019,OPP-002019,23340,10,5,Sul,Mid-Market,Varejo,2025-07-08,2025-08-03,2025-07-17,Won,32248.0,9
2020,OPP-002020,23341,11,4,Nordeste,SMB,Serviços,2025-07-23,2025-08-18,,Open,10118.59,161
2021,OPP-002021,23346,9,5,Sudeste,SMB,Varejo,2025-08-23,2025-10-30,2025-11-02,Won,11138.15,71
2022,OPP-002022,23349,1,1,Sul,Enterprise,Educação,2025-07-12,2025-09-11,2025-09-07,Won,67579.72,57
2023,OPP-002023,23354,6,1,Sudeste,Mid-Market,Indústria,2025-08-02,2025-09-20,2025-09-23,Won,29284.5,52
2024,OPP-002024,23355,10,5,Sul,Mid-Market,Tecnologia,2025-07-26,2025-10-07,2025-10-05,Won,30895.59,71
2025,OPP-002025,23386,3,1,Sul,Mid-Market,Indústria,2025-07-28,2025-09-21,2025-09-04,Won,23066.8,38
2026,OPP-002026,23387,1,3,Nordeste,SMB,Varejo,2025-07-30,2025-09-25,2025-09-06,Won,9204.43,38
2027,OPP-002027,23410,2,6,Sudeste,SMB,Educação,2025-08-06,2025-09-25,2025-10-03,Lost,14517.41,58
2028,OPP-002028,23428,10,1,Centro-Oeste,Mid-Market,Serviços,2025-07-17,2025-09-13,,Open,63647.62,167
2029,OPP-002029,23429,11,2,Sul,SMB,Serviços,2025-07-06,2025-08-23,,Open,8157.89,178
2030,OPP-002030,23459,4,1,Sul,Mid-Market,Tecnologia,2025-07-26,2025-09-05,,Open,32101.5,158
2031,OPP-002031,23472,8,2,Nordeste,Enterprise,Varejo,2025-08-02,2025-09-21,2025-09-06,Won,37115.67,35
2032,OPP-002032,23482,1,5,Sudeste,Enterprise,Serviços,2025-08-04,2025-10-11,,Open,42505.52,149
2033,OPP-002033,23487,5,1,Nordeste,Mid-Market,Tecnologia,2025-08-20,2025-09-16,2025-09-02,Won,16454.43,13
2034,OPP-002034,23490,12,1,Sul,Enterprise,Saúde,2025-07-27,2025-10-03,2025-10-10,Won,25558.06,75
2035,OPP-002035,23496,7,1,Centro-Oeste,SMB,Educação,2025-08-08,2025-09-17,2025-09-07,Won,18974.48,30
2036,OPP-002036,23555,10,3,Centro-Oeste,Enterprise,Indústria,2025-08-13,2025-10-20,2025-10-20,Lost,95723.78,68
2037,OPP-002037,23565,2,5,Sul,Mid-Market,Saúde,2025-08-02,2025-10-11,2025-09-30,Won,42245.72,59
2038,OPP-002038,23567,12,1,Nordeste,Enterprise,Tecnologia,2025-07-30,2025-09-05,2025-08-25,Won,102526.46,26
2039,OPP-002039,23573,8,4,Nordeste,Enterprise,Serviços,2025-08-14,2025-10-17,2025-10-09,Won,108181.25,56
2040,OPP-002040,23607,3,2,Sul,Enterprise,Varejo,2025-08-14,2025-10-22,2025-10-19,Lost,60644.07,66
2041,OPP-002041,23608,4,2,Sul,Enterprise,Varejo,2025-08-20,2025-10-28,2025-11-05,Won,67483.07,77
2042,OPP-002042,23613,6,5,Centro-Oeste,Enterprise,Educação,2025-08-18,2025-10-07,2025-09-12,Won,26351.75,25
2043,OPP-002043,23638,6,4,Sul,Enterprise,Indústria,2025-08-11,2025-10-05,,Open,101958.23,142
2044,OPP-002044,23656,11,1,Nordeste,Enterprise,Educação,2025-07-28,2025-09-19,,Open,144413.57,156
2045,OPP-002045,23674,4,6,Sul,SMB,Saúde,2025-08-06,2025-09-25,2025-09-29,Won,22341.04,54
2046,OPP-002046,23682,3,1,Sudeste,SMB,Serviços,2025-08-08,2025-09-16,2025-09-16,Won,13511.78,39
2047,OPP-002047,23713,1,3,Centro-Oeste,SMB,Varejo,2025-08-10,2025-09-18,2025-09-12,Won,10087.95,33
2048,OPP-002048,23723,3,2,Sul,Enterprise,Serviços,2025-08-03,2025-08-28,2025-08-08,Lost,115653.02,5
2049,OPP-002049,23732,10,1,Sul,Mid-Market,Indústria,2025-08-12,2025-09-15,2025-08-28,Lost,79087.07,16
2050,OPP-002050,23803,5,3,Sudeste,SMB,Varejo,2025-07-26,2025-08-25,2025-08-12,Won,10692.37,17
2051,OPP-002051,23817,5,4,Sul,SMB,Tecnologia,2025-08-10,2025-10-14,2025-10-12,Won,4978.52,63
2052,OPP-002052,23825,10,6,Sudeste,SMB,Varejo,2025-08-14,2025-09-30,2025-10-22,Lost,5963.09,69
2053,OPP-002053,23829,8,2,Centro-Oeste,Enterprise,Saúde,2025-08-15,2025-10-28,2025-11-03,Won,55963.9,80
2054,OPP-002054,23858,7,3,Sudeste,Enterprise,Serviços,2025-08-18,2025-09-08,2025-08-27,Won,63897.51,9
2055,OPP-002055,23874,12,1,Sudeste,Mid-Market,Indústria,2025-07-27,2025-09-15,,Open,54959.05,157
2056,OPP-002056,23899,9,2,Nordeste,Mid-Market,Tecnologia,2025-08-01,2025-08-31,2025-09-07,Lost,25462.67,37
2057,OPP-002057,23907,11,4,Sul,Enterprise,Varejo,2025-08-12,2025-10-19,2025-11-03,Won,156815.19,83
2058,OPP-002058,23916,7,6,Sudeste,Enterprise,Varejo,2025-07-22,2025-09-29,2025-10-14,Won,175124.0,84
2059,OPP-002059,23938,3,2,Nordeste,Mid-Market,Varejo,2025-09-04,2025-11-02,,Open,26696.02,118
2060,OPP-002060,23993,6,5,Centro-Oeste,Enterprise,Indústria,2025-08-10,2025-09-17,2025-08-31,Won,41238.66,21
2061,OPP-002061,24001,3,4,Sudeste,SMB,Serviços,2025-08-17,2025-10-15,2025-10-15,Won,8526.61,59
2062,OPP-002062,24005,6,2,Sudeste,Mid-Market,Indústria,2025-08-27,2025-10-12,,Open,20280.95,126
2063,OPP-002063,24014,12,1,Sul,SMB,Indústria,2025-07-31,2025-10-01,2025-10-07,Won,7770.49,68
2064,OPP-002064,24015,9,3,Sudeste,Mid-Market,Tecnologia,2025-08-26,2025-10-16,2025-10-18,Won,54500.44,53
2065,OPP-002065,24024,9,2,Sudeste,Mid-Market,Saúde,2025-07-24,2025-09-19,2025-09-17,Lost,51722.34,55
2066,OPP-002066,24036,2,1,Sudeste,Enterprise,Saúde,2025-08-11,2025-10-07,2025-09-21,Won,71142.52,41
2067,OPP-002067,24049,2,2,Nordeste,Enterprise,Serviços,2025-08-24,2025-10-15,2025-10-26,Won,178236.38,63
2068,OPP-002068,24069,3,1,Nordeste,SMB,Saúde,2025-08-15,2025-10-14,2025-10-21,Won,8732.27,67
2069,OPP-002069,24085,5,2,Sudeste,Enterprise,Indústria,2025-08-19,2025-10-07,2025-10-07,Won,90809.03,49
2070,OPP-002070,24092,8,5,Sudeste,Enterprise,Serviços,2025-08-24,2025-10-13,2025-10-02,Won,128214.16,39
2071,OPP-002071,24094,8,3,Sudeste,Mid-Market,Indústria,2025-08-31,2025-11-03,2025-10-30,Won,27417.47,60
2072,OPP-002072,24100,1,6,Centro-Oeste,Mid-Market,Tecnologia,2025-08-26,2025-09-29,2025-09-25,Won,17918.48,30
2073,OPP-002073,24108,3,2,Sudeste,Mid-Market,Varejo,2025-08-15,2025-10-16,2025-09-26,Won,35079.31,42
2074,OPP-002074,24116,1,4,Nordeste,Enterprise,Varejo,2025-08-04,2025-10-01,2025-09-30,Won,118652.26,57
2075,OPP-002075,24139,5,2,Sudeste,SMB,Serviços,2025-09-02,2025-11-04,2025-11-13,Won,8413.3,72
2076,OPP-002076,24163,5,1,Sul,SMB,Saúde,2025-08-24,2025-09-30,2025-10-19,Won,8696.31,56
2077,OPP-002077,24173,9,3,Sudeste,SMB,Indústria,2025-08-27,2025-09-20,2025-10-03,Won,8267.05,37
2078,OPP-002078,24259,5,1,Sudeste,SMB,Saúde,2025-08-04,2025-10-12,2025-10-17,Won,9266.71,74
2079,OPP-002079,24276,10,4,Sudeste,Mid-Market,Varejo,2025-08-25,2025-10-13,2025-10-07,Won,48176.5,43
2080,OPP-002080,24282,2,2,Nordeste,SMB,Serviços,2025-08-18,2025-09-08,2025-09-25,Won,11176.5,38
2081,OPP-002081,24286,4,2,Nordeste,SMB,Varejo,2025-08-13,2025-09-09,2025-09-09,Lost,16823.18,27
2082,OPP-002082,24312,3,6,Sul,Enterprise,Indústria,2025-09-05,2025-11-14,2025-11-16,Won,68931.49,72
2083,OPP-002083,24330,9,3,Sudeste,SMB,Varejo,2025-08-19,2025-10-02,2025-09-25,Won,10856.81,37
2084,OPP-002084,24334,3,1,Sudeste,SMB,Varejo,2025-08-23,2025-10-16,2025-10-27,Lost,24623.33,65
2085,OPP-002085,24357,2,6,Sul,Mid-Market,Serviços,2025-09-04,2025-10-29,2025-10-17,Lost,41365.51,43
2086,OPP-002086,24381,7,3,Nordeste,Enterprise,Varejo,2025-08-25,2025-10-06,2025-10-04,Lost,108639.94,40
2087,OPP-002087,24385,2,3,Sul,SMB,Educação,2025-08-28,2025-10-21,2025-10-12,Won,11412.49,45
2088,OPP-002088,24389,10,1,Sudeste,Mid-Market,Serviços,2025-07-30,2025-09-03,2025-09-16,Lost,18387.75,48
2089,OPP-002089,24422,3,6,Sul,SMB,Varejo,2025-09-18,2025-11-24,2025-11-24,Won,18553.8,67
2090,OPP-002090,24431,2,3,Nordeste,Mid-Market,Saúde,2025-08-31,2025-10-25,2025-10-27,Won,35218.01,57
2091,OPP-002091,24439,5,4,Sudeste,Mid-Market,Saúde,2025-09-08,2025-11-16,2025-11-02,Won,31949.58,55
2092,OPP-002092,24445,1,4,Sul,SMB,Varejo,2025-09-13,2025-10-25,2025-10-19,Won,8546.13,36
2093,OPP-002093,24467,7,1,Nordeste,Enterprise,Tecnologia,2025-09-23,2025-11-22,2025-11-08,Won,53332.96,46
2094,OPP-002094,24490,10,1,Sudeste,Enterprise,Varejo,2025-09-02,2025-09-28,2025-10-03,Won,38113.52,31
2095,OPP-002095,24515,6,5,Sudeste,SMB,Tecnologia,2025-08-12,2025-10-18,2025-10-05,Won,8184.71,54
2096,OPP-002096,24534,9,6,Sudeste,Mid-Market,Serviços,2025-08-12,2025-09-01,2025-09-05,Won,32799.34,24
2097,OPP-002097,24535,9,3,Sul,SMB,Varejo,2025-08-20,2025-10-09,2025-10-11,Won,9335.74,52
2098,OPP-002098,24563,5,3,Sul,Enterprise,Saúde,2025-09-09,2025-10-01,2025-09-09,Lost,36820.62,5
2099,OPP-002099,24566,12,1,Centro-Oeste,SMB,Educação,2025-09-09,2025-11-16,,Open,11217.73,113
2100,OPP-002100,24574,3,2,Sudeste,Enterprise,Indústria,2025-08-16,2025-09-09,2025-08-25,Won,86311.57,9
2101,OPP-002101,24583,5,4,Sul,SMB,Varejo,2025-09-07,2025-10-14,2025-09-30,Lost,15446.72,23
2102,OPP-002102,24587,10,2,Nordeste,SMB,Varejo,2025-09-07,2025-11-18,2025-11-20,Lost,12007.43,74
2103,OPP-002103,24594,1,6,Sudeste,Mid-Market,Serviços,2025-09-11,2025-10-16,2025-10-23,Won,44133.68,42
2104,OPP-002104,24607,3,4,Centro-Oeste,Mid-Market,Serviços,2025-08-06,2025-09-30,2025-10-05,Won,30193.59,60
2105,OPP-002105,24618,11,3,Sudeste,SMB,Serviços,2025-09-12,2025-10-25,2025-10-23,Lost,12413.77,41
2106,OPP-002106,24634,9,5,Sul,Mid-Market,Educação,2025-08-12,2025-10-08,2025-09-25,Won,30826.82,44
2107,OPP-002107,24685,1,2,Sudeste,Mid-Market,Serviços,2025-08-14,2025-09-12,2025-09-15,Won,44092.47,32
2108,OPP-002108,24709,5,3,Sul,Mid-Market,Varejo,2025-08-19,2025-10-05,2025-09-24,Won,20862.17,36
2109,OPP-002109,24711,6,5,Sudeste,Enterprise,Tecnologia,2025-08-12,2025-09-01,2025-09-01,Won,80282.0,20
2110,OPP-002110,24712,3,6,Nordeste,Mid-Market,Serviços,2025-09-05,2025-11-15,2025-11-13,Won,33088.17,69
2111,OPP-002111,24720,1,2,Sudeste,Mid-Market,Varejo,2025-09-05,2025-11-14,2025-11-15,Lost,59013.04,71
2112,OPP-002112,24751,2,1,Sudeste,SMB,Varejo,2025-09-11,2025-10-03,2025-10-24,Lost,9601.48,43
2113,OPP-002113,24753,9,4,Centro-Oeste,SMB,Indústria,2025-08-11,2025-09-13,2025-09-06,Won,8915.54,26
2114,OPP-002114,24764,6,5,Sudeste,Mid-Market,Educação,2025-09-07,2025-10-07,2025-10-03,Won,56067.47,26
2115,OPP-002115,24784,10,2,Sul,SMB,Varejo,2025-08-05,2025-09-17,2025-09-28,Won,12493.46,54
2116,OPP-002116,24800,11,1,Sul,Enterprise,Indústria,2025-08-24,2025-09-16,2025-09-18,Won,73311.01,25
2117,OPP-002117,24811,12,6,Nordeste,Enterprise,Serviços,2025-09-12,2025-10-31,2025-10-26,Won,112290.05,44
2118,OPP-002118,24817,2,3,Sudeste,Mid-Market,Saúde,2025-08-28,2025-09-19,2025-09-16,Won,37114.18,19
2119,OPP-002119,24825,6,6,Nordeste,SMB,Indústria,2025-09-14,2025-10-21,2025-09-28,Lost,20907.25,14
2120,OPP-002120,24858,5,2,Centro-Oeste,SMB,Serviços,2025-09-03,2025-11-06,2025-11-10,Lost,10894.1,68
2121,OPP-002121,24873,12,4,Sul,Mid-Market,Varejo,2025-09-04,2025-09-24,2025-09-27,Lost,45356.08,23
2122,OPP-002122,24880,3,1,Sul,SMB,Tecnologia,2025-09-17,2025-10-27,2025-11-14,Lost,6988.9,58
2123,OPP-002123,24883,7,4,Sudeste,SMB,Varejo,2025-08-27,2025-11-07,2025-10-17,Lost,7271.98,51
2124,OPP-002124,24894,11,5,Sudeste,SMB,Saúde,2025-08-25,2025-09-17,2025-09-09,Lost,17765.36,15
2125,OPP-002125,24914,3,3,Sudeste,Mid-Market,Serviços,2025-09-19,2025-10-14,2025-10-11,Won,34692.18,22
2126,OPP-002126,24928,10,3,Sudeste,SMB,Varejo,2025-09-10,2025-10-08,2025-09-30,Won,18020.03,20
2127,OPP-002127,24937,6,4,Sudeste,Enterprise,Saúde,2025-09-11,2025-11-01,2025-10-26,Won,93269.11,45
2128,OPP-002128,24956,8,3,Sul,SMB,Varejo,2025-09-20,2025-10-21,2025-10-04,Won,9102.17,14
2129,OPP-002129,24959,12,3,Sudeste,SMB,Serviços,2025-08-08,2025-09-13,2025-09-20,Won,4556.45,43
2130,OPP-002130,24961,1,1,Nordeste,Enterprise,Serviços,2025-08-28,2025-10-15,2025-10-19,Won,73835.85,52
2131,OPP-002131,24968,5,6,Sudeste,Mid-Market,Indústria,2025-09-06,2025-11-19,2025-11-13,Won,23322.52,68
2132,OPP-002132,24972,3,2,Sudeste,Mid-Market,Indústria,2025-08-21,2025-09-20,2025-09-05,Won,47223.39,15
2133,OPP-002133,24979,4,3,Nordeste,SMB,Tecnologia,2025-09-11,2025-10-13,2025-10-25,Lost,6608.49,44
2134,OPP-002134,24988,1,4,Centro-Oeste,SMB,Varejo,2025-09-07,2025-10-21,2025-10-21,Lost,6525.43,44
2135,OPP-002135,24992,1,4,Sudeste,SMB,Varejo,2025-09-22,2025-10-18,2025-10-21,Won,7701.83,29
2136,OPP-002136,25000,8,3,Sul,SMB,Varejo,2025-08-29,2025-10-10,2025-09-30,Lost,8788.35,32
2137,OPP-002137,25001,2,6,Sul,Enterprise,Serviços,2025-08-21,2025-09-24,2025-09-06,Won,86630.64,16
2138,OPP-002138,25022,1,3,Centro-Oeste,Mid-Market,Saúde,2025-09-04,2025-10-25,2025-10-28,Lost,19811.66,54
2139,OPP-002139,25030,12,1,Sudeste,Enterprise,Indústria,2025-08-19,2025-10-27,2025-11-12,Won,182003.29,85
2140,OPP-002140,25053,12,3,Sudeste,Mid-Market,Indústria,2025-09-01,2025-10-05,2025-10-08,Won,37063.68,37
2141,OPP-002141,25062,10,6,Sudeste,Enterprise,Varejo,2025-08-23,2025-10-09,2025-10-05,Won,44953.35,43
2142,OPP-002142,25093,6,2,Nordeste,Enterprise,Indústria,2025-09-20,2025-11-26,2025-12-09,Won,131428.05,80
2143,OPP-002143,25097,5,3,Sul,SMB,Indústria,2025-08-11,2025-10-08,2025-10-08,Won,10976.14,58
2144,OPP-002144,25098,10,2,Sul,Mid-Market,Tecnologia,2025-09-09,2025-10-20,,Open,39767.27,113
2145,OPP-002145,25102,8,3,Sudeste,SMB,Serviços,2025-09-01,2025-10-05,2025-09-18,Won,10380.35,17
2146,OPP-002146,25114,6,3,Centro-Oeste,Mid-Market,Saúde,2025-09-09,2025-11-20,2025-12-04,Won,32852.12,86
2147,OPP-002147,25117,5,2,Sudeste,Mid-Market,Tecnologia,2025-08-30,2025-09-30,2025-09-22,Lost,17101.2,23
2148,OPP-002148,25144,5,3,Sudeste,SMB,Indústria,2025-08-21,2025-10-31,2025-10-31,Lost,9245.86,71
2149,OPP-002149,25162,5,4,Sul,Mid-Market,Saúde,2025-08-11,2025-09-17,2025-10-03,Won,44689.69,53
2150,OPP-002150,25167,1,4,Sudeste,SMB,Varejo,2025-08-23,2025-09-19,2025-09-25,Lost,12137.56,33
2151,OPP-002151,25172,9,2,Sudeste,SMB,Varejo,2025-08-12,2025-09-02,2025-08-27,Lost,8856.77,15
2152,OPP-002152,25174,4,6,Nordeste,Mid-Market,Indústria,2025-09-23,2025-10-18,2025-10-12,Lost,27744.74,19
2153,OPP-002153,25192,4,1,Nordeste,SMB,Varejo,2025-08-27,2025-10-20,2025-10-24,Won,5000.3,58
2154,OPP-002154,25225,7,5,Sul,SMB,Varejo,2025-08-31,2025-10-14,2025-10-27,Won,7663.44,57
2155,OPP-002155,25228,9,3,Sudeste,Enterprise,Varejo,2025-09-13,2025-11-22,2025-11-10,Won,95513.48,58
2156,OPP-002156,25234,4,3,Sudeste,SMB,Varejo,2025-08-29,2025-11-09,2025-11-13,Won,12579.58,76
2157,OPP-002157,25248,4,6,Sul,SMB,Tecnologia,2025-09-27,2025-12-02,2025-12-05,Won,10128.79,69
2158,OPP-002158,25276,7,4,Centro-Oeste,SMB,Tecnologia,2025-09-29,2025-11-10,2025-12-01,Won,4625.74,63
2159,OPP-002159,25281,6,3,Sudeste,Mid-Market,Varejo,2025-09-02,2025-10-23,2025-09-29,Won,32889.74,27
2160,OPP-002160,25291,2,3,Sudeste,Mid-Market,Serviços,2025-09-08,2025-11-11,2025-11-23,Lost,70807.82,76
2161,OPP-002161,25307,7,4,Nordeste,Mid-Market,Tecnologia,2025-09-29,2025-11-13,2025-11-10,Won,31417.17,42
2162,OPP-002162,25322,5,6,Sudeste,Enterprise,Varejo,2025-09-25,2025-10-29,2025-10-19,Won,65395.87,24
2163,OPP-002163,25327,5,2,Sul,SMB,Varejo,2025-09-14,2025-10-15,2025-10-21,Won,7830.53,37
2164,OPP-002164,25336,6,4,Centro-Oeste,SMB,Saúde,2025-09-08,2025-11-01,2025-10-15,Won,8984.66,37
2165,OPP-002165,25341,9,4,Sudeste,Mid-Market,Varejo,2025-09-26,2025-11-11,2025-11-13,Won,76837.21,48
2166,OPP-002166,25349,5,3,Sul,Mid-Market,Varejo,2025-08-30,2025-10-30,2025-11-08,Won,52237.78,70
2167,OPP-002167,25394,2,3,Sul,Enterprise,Varejo,2025-09-23,2025-10-16,2025-10-10,Won,68598.8,17
2168,OPP-002168,25399,1,2,Nordeste,Enterprise,Varejo,2025-09-21,2025-10-24,2025-10-30,Lost,60841.74,39
2169,OPP-002169,25437,4,1,Sudeste,Enterprise,Varejo,2025-09-28,2025-11-24,2025-11-09,Won,240562.88,42
2170,OPP-002170,25447,3,5,Sul,Enterprise,Varejo,2025-09-06,2025-09-29,2025-09-24,Won,47794.85,18
2171,OPP-002171,25457,6,4,Sudeste,Mid-Market,Educação,2025-09-22,2025-11-02,2025-11-08,Lost,24003.8,47
2172,OPP-002172,25477,1,2,Sudeste,SMB,Tecnologia,2025-09-03,2025-10-17,2025-10-26,Lost,6501.99,53
2173,OPP-002173,25478,3,1,Sudeste,Mid-Market,Indústria,2025-08-28,2025-10-25,2025-11-02,Won,17014.41,66
2174,OPP-002174,25485,12,1,Sul,SMB,Varejo,2025-10-12,2025-12-13,2025-12-14,Won,6339.94,63
2175,OPP-002175,25512,6,3,Sudeste,Enterprise,Tecnologia,2025-08-24,2025-11-02,2025-11-05,Lost,134772.72,73
2176,OPP-002176,25513,9,3,Sudeste,SMB,Serviços,2025-10-02,2025-11-21,2025-11-04,Lost,12043.62,33
2177,OPP-002177,25547,9,2,Centro-Oeste,SMB,Serviços,2025-09-20,2025-11-26,2025-11-26,Won,5273.98,67
2178,OPP-002178,25553,8,3,Nordeste,SMB,Varejo,2025-08-22,2025-10-23,2025-10-25,Won,8542.78,64
2179,OPP-002179,25558,9,4,Centro-Oeste,Enterprise,Saúde,2025-08-28,2025-10-28,2025-10-14,Won,121447.55,47
2180,OPP-002180,25567,10,1,Centro-Oeste,Mid-Market,Indústria,2025-09-25,2025-12-03,2025-11-24,Lost,25504.68,60
2181,OPP-002181,25568,11,2,Sul,Enterprise,Indústria,2025-09-26,2025-11-25,2025-11-10,Lost,103562.11,45
2182,OPP-002182,25594,12,3,Sudeste,Enterprise,Serviços,2025-09-17,2025-10-30,2025-11-22,Lost,104727.2,66
2183,OPP-002183,25614,12,3,Sudeste,Mid-Market,Indústria,2025-09-27,2025-12-08,2025-12-10,Lost,20330.83,74
2184,OPP-002184,25617,6,2,Sudeste,SMB,Educação,2025-09-25,2025-11-15,2025-11-11,Won,7380.5,47
2185,OPP-002185,25660,10,4,Sul,SMB,Varejo,2025-09-12,2025-11-04,,Open,14520.48,110
2186,OPP-002186,25686,6,2,Sudeste,SMB,Tecnologia,2025-10-03,2025-10-23,2025-10-29,Won,7050.42,26
2187,OPP-002187,25709,2,2,Sudeste,SMB,Varejo,2025-09-15,2025-10-08,2025-10-03,Won,11529.18,18
2188,OPP-002188,25710,4,5,Centro-Oeste,SMB,Tecnologia,2025-10-01,2025-11-21,2025-12-05,Lost,12644.13,65
2189,OPP-002189,25713,2,2,Nordeste,Enterprise,Serviços,2025-10-14,2025-12-04,2025-12-05,Lost,130408.47,52
2190,OPP-002190,25721,9,2,Centro-Oeste,SMB,Indústria,2025-09-14,2025-10-27,2025-10-23,Lost,7563.69,39
2191,OPP-002191,25727,8,2,Sudeste,Mid-Market,Serviços,2025-10-01,2025-11-16,2025-11-19,Lost,24940.71,49
2192,OPP-002192,25731,7,2,Centro-Oeste,SMB,Indústria,2025-09-30,2025-11-16,,Open,4320.6,92
2193,OPP-002193,25753,4,3,Sul,SMB,Varejo,2025-09-26,2025-11-08,,Open,15186.03,96
2194,OPP-002194,25786,1,3,Sul,Mid-Market,Educação,2025-10-08,2025-11-09,2025-11-14,Won,45627.84,37
2195,OPP-002195,25812,5,1,Nordeste,SMB,Serviços,2025-09-28,2025-12-04,2025-12-10,Won,7245.7,73
2196,OPP-002196,25820,11,3,Sudeste,Enterprise,Educação,2025-10-09,2025-12-20,2025-12-03,Won,16966.21,55
2197,OPP-002197,25821,2,4,Sudeste,SMB,Varejo,2025-08-25,2025-10-26,2025-10-31,Won,5736.04,67
2198,OPP-002198,25826,8,1,Sudeste,Mid-Market,Educação,2025-09-23,2025-10-26,2025-10-23,Won,29631.23,30
2199,OPP-002199,25830,11,3,Sudeste,SMB,Tecnologia,2025-09-11,2025-11-19,2025-11-16,Won,14556.2,66
2200,OPP-002200,25836,2,3,Sudeste,SMB,Saúde,2025-09-27,2025-11-15,2025-12-08,Won,11383.11,72
2201,OPP-002201,25857,8,3,Sul,Mid-Market,Indústria,2025-09-06,2025-11-03,2025-11-15,Won,21577.74,70
2202,OPP-002202,25866,4,6,Sudeste,Mid-Market,Varejo,2025-09-13,2025-10-07,2025-10-08,Lost,51308.82,25
2203,OPP-002203,25867,10,3,Sul,Enterprise,Tecnologia,2025-09-16,2025-11-27,2025-12-08,Won,53163.12,83
2204,OPP-002204,25955,4,2,Nordeste,Enterprise,Varejo,2025-09-29,2025-11-10,2025-12-02,Won,141897.96,64
2205,OPP-002205,25958,11,3,Sudeste,Mid-Market,Varejo,2025-10-09,2025-11-19,2025-11-09,Lost,72750.43,31
2206,OPP-002206,25968,11,3,Sul,Mid-Market,Educação,2025-10-25,2025-11-15,2025-11-15,Lost,34829.98,21
2207,OPP-002207,25990,1,2,Sudeste,SMB,Varejo,2025-10-14,2025-11-12,,Open,4871.04,78
2208,OPP-002208,25996,4,1,Sudeste,Enterprise,Indústria,2025-09-28,2025-12-01,2025-12-20,Won,99409.41,83
2209,OPP-002209,26028,11,1,Sudeste,Mid-Market,Varejo,2025-10-19,2025-11-28,2025-11-23,Lost,35303.37,35
2210,OPP-002210,26035,9,2,Sudeste,SMB,Varejo,2025-10-24,2025-12-20,,Open,5671.96,68
2211,OPP-002211,26043,4,5,Sul,Enterprise,Indústria,2025-09-06,2025-10-17,2025-10-17,Won,44537.47,41
2212,OPP-002212,26057,8,4,Sul,Mid-Market,Varejo,2025-10-07,2025-11-09,2025-11-14,Won,10117.08,38
2213,OPP-002213,26062,5,2,Sudeste,SMB,Indústria,2025-09-17,2025-11-13,2025-11-27,Won,5965.9,71
2214,OPP-002214,26070,9,5,Sudeste,Mid-Market,Saúde,2025-09-20,2025-11-20,2025-12-05,Lost,20000.25,76
2215,OPP-002215,26086,7,2,Nordeste,Mid-Market,Serviços,2025-10-05,2025-12-15,2025-12-31,Lost,23558.14,87
2216,OPP-002216,26087,3,1,Nordeste,Mid-Market,Serviços,2025-09-11,2025-10-02,2025-09-30,Won,31748.18,19
2217,OPP-002217,26097,11,5,Nordeste,SMB,Serviços,2025-09-26,2025-12-02,2025-11-19,Won,10101.2,54
2218,OPP-002218,26110,9,1,Sul,Enterprise,Indústria,2025-09-22,2025-10-12,2025-10-22,Won,103934.79,30
2219,OPP-002219,26117,1,4,Sul,Enterprise,Educação,2025-09-28,2025-11-03,2025-10-19,Won,57753.74,21
2220,OPP-002220,26122,11,2,Nordeste,SMB,Serviços,2025-09-19,2025-11-10,2025-11-15,Won,13192.62,57
2221,OPP-002221,26123,5,6,Sudeste,Enterprise,Tecnologia,2025-10-25,2025-12-31,,Open,66012.22,67
2222,OPP-002222,26168,12,3,Sul,SMB,Saúde,2025-10-09,2025-11-28,2025-11-18,Lost,7811.28,40
2223,OPP-002223,26171,3,2,Sudeste,Mid-Market,Serviços,2025-10-03,2025-11-19,2025-11-16,Won,18496.14,44
2224,OPP-002224,26173,3,6,Sudeste,SMB,Varejo,2025-09-22,2025-11-15,2025-10-31,Won,21796.84,39
2225,OPP-002225,26177,9,5,Sudeste,Enterprise,Saúde,2025-10-03,2025-11-29,2025-11-17,Won,93672.39,45
2226,OPP-002226,26196,1,2,Sul,Mid-Market,Serviços,2025-10-01,2025-11-28,,Open,35793.82,91
2227,OPP-002227,26206,1,1,Sul,Enterprise,Saúde,2025-10-11,2025-12-14,2025-12-14,Won,90913.65,64
2228,OPP-002228,26209,11,3,Nordeste,Enterprise,Indústria,2025-10-07,2025-10-28,2025-10-31,Won,43843.72,24
2229,OPP-002229,26216,1,1,Nordeste,Enterprise,Saúde,2025-09-27,2025-11-29,2025-11-09,Won,171624.84,43
2230,OPP-002230,26227,12,6,Nordeste,Enterprise,Educação,2025-09-23,2025-11-12,2025-11-19,Won,70123.08,57
2231,OPP-002231,26232,7,1,Sudeste,Enterprise,Varejo,2025-10-27,2025-12-27,,Open,266668.49,65
2232,OPP-002232,26236,10,2,Nordeste,Enterprise,Tecnologia,2025-10-04,2025-11-01,2025-10-19,Won,119040.12,15
2233,OPP-002233,26247,7,2,Sul,Enterprise,Tecnologia,2025-10-04,2025-11-07,2025-11-20,Won,130840.07,47
2234,OPP-002234,26253,3,1,Nordeste,Enterprise,Serviços,2025-09-21,2025-11-16,2025-11-05,Won,64014.75,45
2235,OPP-002235,26254,11,3,Nordeste,Enterprise,Varejo,2025-09-23,2025-10-14,2025-10-18,Won,91477.32,25
2236,OPP-002236,26256,1,1,Sudeste,Enterprise,Varejo,2025-10-18,2025-11-10,2025-11-22,Lost,47414.69,35
2237,OPP-002237,26260,2,3,Sudeste,SMB,Varejo,2025-09-29,2025-11-03,2025-10-17,Won,15200.21,18
2238,OPP-002238,26261,5,3,Sul,SMB,Tecnologia,2025-09-27,2025-11-21,2025-11-30,Lost,9555.83,64
2239,OPP-002239,26281,9,5,Sudeste,SMB,Saúde,2025-10-08,2025-12-03,2025-11-30,Lost,11858.35,53
2240,OPP-002240,26283,2,4,Sudeste,Mid-Market,Tecnologia,2025-10-30,2025-12-17,2025-12-12,Won,17793.05,43
2241,OPP-002241,26293,3,1,Sudeste,SMB,Tecnologia,2025-10-24,2025-11-18,2025-11-08,Lost,13420.43,15
2242,OPP-002242,26294,4,2,Nordeste,Enterprise,Saúde,2025-10-03,2025-11-16,2025-11-27,Won,64339.23,55
2243,OPP-002243,26324,2,1,Sul,Mid-Market,Educação,2025-10-23,2025-12-28,2025-12-31,Won,32151.54,69
2244,OPP-002244,26328,8,3,Nordeste,Enterprise,Varejo,2025-09-21,2025-11-10,2025-11-07,Lost,90282.55,47
2245,OPP-002245,26335,5,4,Centro-Oeste,Enterprise,Serviços,2025-10-01,2025-10-23,2025-11-02,Won,53096.69,32
2246,OPP-002246,26358,7,2,Centro-Oeste,Mid-Market,Varejo,2025-10-21,2025-11-30,,Open,61469.05,71
2247,OPP-002247,26361,10,2,Sul,Enterprise,Saúde,2025-10-20,2025-12-01,2025-12-22,Won,75908.61,63
2248,OPP-002248,26362,6,3,Sudeste,Mid-Market,Tecnologia,2025-09-08,2025-10-22,,Open,36810.81,114
2249,OPP-002249,26372,8,1,Sudeste,Mid-Market,Educação,2025-10-04,2025-12-09,2025-12-13,Won,31529.6,70
2250,OPP-002250,26392,2,5,Sudeste,Mid-Market,Indústria,2025-10-12,2025-12-23,2025-12-15,Lost,19451.25,64
2251,OPP-002251,26395,5,4,Sul,Mid-Market,Saúde,2025-10-05,2025-12-16,2025-12-14,Won,50519.3,70
2252,OPP-002252,26402,1,5,Sul,Mid-Market,Tecnologia,2025-10-05,2025-11-17,2025-11-09,Won,38301.96,35
2253,OPP-002253,26409,1,3,Sul,Mid-Market,Tecnologia,2025-10-11,2025-12-24,2025-12-08,Won,32008.27,58
2254,OPP-002254,26416,3,6,Nordeste,Enterprise,Serviços,2025-10-08,2025-10-31,2025-10-29,Won,111324.84,21
2255,OPP-002255,26418,3,1,Sul,SMB,Tecnologia,2025-10-13,2025-11-24,2025-12-06,Lost,6472.34,54
2256,OPP-002256,26425,9,3,Sudeste,Mid-Market,Varejo,2025-10-12,2025-12-22,2025-12-31,Won,18281.29,80
2257,OPP-002257,26447,1,6,Nordeste,SMB,Tecnologia,2025-10-17,2025-11-12,2025-11-14,Lost,10280.58,28
2258,OPP-002258,26449,4,3,Sul,Mid-Market,Varejo,2025-10-17,2025-12-02,2025-11-24,Won,38952.79,38
2259,OPP-002259,26456,12,1,Sudeste,Mid-Market,Indústria,2025-10-12,2025-11-24,2025-11-16,Lost,60429.35,35
2260,OPP-002260,26457,11,5,Sudeste,Mid-Market,Varejo,2025-09-19,2025-11-30,2025-11-16,Lost,61605.29,58
2261,OPP-002261,26469,1,1,Nordeste,Mid-Market,Serviços,2025-10-20,2025-11-30,2025-12-17,Won,52759.39,58
2262,OPP-002262,26478,5,4,Centro-Oeste,Mid-Market,Educação,2025-10-16,2025-12-20,2025-12-31,Won,19145.05,76
2263,OPP-002263,26481,5,3,Nordeste,Mid-Market,Educação,2025-09-29,2025-10-19,2025-10-27,Won,42149.13,28
2264,OPP-002264,26494,6,4,Sul,Enterprise,Indústria,2025-10-11,2025-12-04,,Open,171726.96,81
2265,OPP-002265,26525,7,1,Sudeste,SMB,Serviços,2025-10-01,2025-11-23,2025-12-09,Won,10641.12,69
2266,OPP-002266,26531,6,4,Sudeste,SMB,Saúde,2025-10-21,2025-12-15,2025-11-30,Won,11806.4,40
2267,OPP-002267,26533,1,2,Sudeste,SMB,Serviços,2025-09-20,2025-10-30,2025-11-16,Won,7354.77,57
2268,OPP-002268,26535,11,4,Sul,Mid-Market,Serviços,2025-09-27,2025-11-01,2025-10-23,Won,26743.48,26
2269,OPP-002269,26561,4,6,Sul,Mid-Market,Serviços,2025-10-01,2025-11-01,2025-11-16,Lost,19980.05,46
2270,OPP-002270,26570,1,1,Sudeste,Enterprise,Varejo,2025-10-18,2025-11-25,2025-11-28,Won,55746.03,41
2271,OPP-002271,26574,4,2,Sudeste,Mid-Market,Tecnologia,2025-09-23,2025-12-06,2025-12-15,Won,16200.58,83
2272,OPP-002272,26576,10,4,Sul,Enterprise,Varejo,2025-10-16,2025-11-08,2025-11-09,Won,43486.77,24
2273,OPP-002273,26579,12,4,Nordeste,Mid-Market,Indústria,2025-09-29,2025-11-30,2025-12-03,Won,47841.72,65
2274,OPP-002274,26603,4,6,Sudeste,Mid-Market,Saúde,2025-09-18,2025-11-25,2025-11-30,Won,22848.32,73
2275,OPP-002275,26611,3,1,Sudeste,Mid-Market,Varejo,2025-09-30,2025-11-11,,Open,19535.62,92
2276,OPP-002276,26621,3,2,Sudeste,Mid-Market,Educação,2025-10-13,2025-12-09,2025-12-20,Won,33102.37,68
2277,OPP-002277,26624,8,5,Nordeste,Mid-Market,Varejo,2025-09-24,2025-11-22,2025-11-06,Won,35134.27,43
2278,OPP-002278,26626,5,1,Sudeste,SMB,Saúde,2025-10-13,2025-12-23,2025-12-19,Won,4213.77,67
2279,OPP-002279,26633,1,5,Sudeste,Enterprise,Educação,2025-10-15,2025-12-11,2025-12-08,Lost,57178.95,54
2280,OPP-002280,26634,4,6,Sudeste,Enterprise,Serviços,2025-09-26,2025-11-13,2025-11-28,Won,105457.74,63
2281,OPP-002281,26646,9,4,Centro-Oeste,SMB,Serviços,2025-10-12,2025-12-25,2025-12-17,Lost,11015.29,66
2282,OPP-002282,26658,9,6,Nordeste,Mid-Market,Indústria,2025-10-15,2025-11-24,,Open,46864.32,77
2283,OPP-002283,26690,10,4,Sudeste,SMB,Varejo,2025-09-23,2025-11-22,2025-11-07,Lost,11777.57,45
2284,OPP-002284,26704,10,2,Centro-Oeste,SMB,Varejo,2025-10-13,2025-11-28,2025-11-25,Won,8064.58,43
2285,OPP-002285,26710,8,4,Sudeste,SMB,Educação,2025-10-20,2025-12-20,2025-11-28,Won,11206.49,39
2286,OPP-002286,26716,6,1,Nordeste,SMB,Educação,2025-10-02,2025-11-29,2025-11-28,Lost,17460.37,57
2287,OPP-002287,26722,1,1,Sudeste,Enterprise,Tecnologia,2025-10-08,2025-10-29,2025-10-21,Won,37980.22,13
2288,OPP-002288,26727,4,3,Sudeste,Enterprise,Indústria,2025-10-18,2025-12-27,2025-12-24,Won,22972.48,67
2289,OPP-002289,26742,5,4,Centro-Oeste,SMB,Educação,2025-10-24,2025-11-25,,Open,7168.16,68
2290,OPP-002290,26755,3,1,Sudeste,SMB,Indústria,2025-09-28,2025-11-27,2025-11-28,Won,4553.6,61
2291,OPP-002291,26771,6,3,Sul,Enterprise,Varejo,2025-09-29,2025-10-20,2025-10-11,Won,144344.32,12
2292,OPP-002292,26804,8,4,Sudeste,SMB,Indústria,2025-10-10,2025-12-21,2025-12-19,Won,6697.78,70
2293,OPP-002293,26827,2,4,Sul,SMB,Serviços,2025-11-03,2025-12-31,2025-12-31,Won,9371.41,58
2294,OPP-002294,26848,5,6,Nordeste,Mid-Market,Saúde,2025-10-28,2025-12-14,2025-12-14,Won,15556.1,47
2295,OPP-002295,26856,10,1,Sudeste,Enterprise,Varejo,2025-10-03,2025-12-06,2025-12-12,Won,139168.83,70
2296,OPP-002296,26860,1,4,Sudeste,Enterprise,Educação,2025-10-12,2025-11-30,2025-12-12,Won,80006.42,61
2297,OPP-002297,26862,9,5,Nordeste,Enterprise,Saúde,2025-10-05,2025-11-10,2025-11-13,Won,81683.33,39
2298,OPP-002298,26872,5,3,Sudeste,SMB,Varejo,2025-11-03,2025-12-28,2025-12-17,Won,14903.69,44
2299,OPP-002299,26877,6,4,Nordeste,Enterprise,Serviços,2025-11-03,2025-12-31,2025-12-31,Won,178391.31,58
2300,OPP-002300,26883,11,4,Nordeste,Enterprise,Indústria,2025-10-07,2025-10-28,2025-11-14,Won,154978.21,38
2301,OPP-002301,26888,2,4,Sudeste,Enterprise,Saúde,2025-11-06,2025-12-31,2025-12-29,Lost,70319.4,53
2302,OPP-002302,26901,1,2,Sudeste,Enterprise,Serviços,2025-10-23,2025-12-31,2025-12-31,Won,103714.12,69
2303,OPP-002303,26902,5,3,Centro-Oeste,Mid-Market,Varejo,2025-10-24,2025-12-12,,Open,27776.69,68
2304,OPP-002304,26926,11,3,Sul,Enterprise,Serviços,2025-10-03,2025-11-01,2025-10-25,Lost,109221.86,22
2305,OPP-002305,26935,9,1,Centro-Oeste,SMB,Saúde,2025-10-16,2025-11-19,2025-12-12,Won,12417.64,57
2306,OPP-002306,26945,4,4,Sul,Enterprise,Saúde,2025-10-25,2025-12-22,2025-12-26,Lost,122225.22,62
2307,OPP-002307,26962,5,2,Sul,Enterprise,Varejo,2025-11-02,2025-12-01,2025-12-08,Won,204702.67,36
2308,OPP-002308,26969,9,1,Sul,Enterprise,Indústria,2025-10-31,2025-12-31,2025-12-31,Lost,62616.36,61
2309,OPP-002309,26987,10,1,Sudeste,SMB,Serviços,2025-10-15,2025-11-30,2025-12-10,Lost,9103.98,56
2310,OPP-002310,27005,4,1,Centro-Oeste,SMB,Indústria,2025-10-05,2025-12-12,2025-12-29,Lost,12765.25,85
2311,OPP-002311,27009,2,3,Sudeste,Mid-Market,Varejo,2025-10-22,2025-11-18,,Open,29782.13,70
2312,OPP-002312,27011,1,3,Sul,SMB,Indústria,2025-10-17,2025-11-26,2025-11-21,Won,6592.3,35
2313,OPP-002313,27029,5,3,Centro-Oeste,Mid-Market,Varejo,2025-11-06,2025-12-01,2025-12-11,Lost,26191.72,35
2314,OPP-002314,27036,5,1,Nordeste,Mid-Market,Tecnologia,2025-09-29,2025-10-22,2025-10-03,Lost,36487.56,5
2315,OPP-002315,27039,10,1,Sudeste,Enterprise,Tecnologia,2025-10-23,2025-12-24,2025-12-22,Won,93435.7,60
2316,OPP-002316,27075,2,6,Nordeste,Mid-Market,Varejo,2025-10-15,2025-11-10,2025-11-18,Won,62163.61,34
2317,OPP-002317,27086,8,3,Sudeste,Mid-Market,Saúde,2025-10-06,2025-11-30,2025-12-01,Lost,31216.99,56
2318,OPP-002318,27101,11,1,Sudeste,Mid-Market,Educação,2025-09-23,2025-11-24,2025-11-03,Lost,42895.63,41
2319,OPP-002319,27131,4,5,Sul,Enterprise,Serviços,2025-10-08,2025-12-04,2025-12-13,Won,151478.09,66
2320,OPP-002320,27137,4,1,Sul,Mid-Market,Educação,2025-10-22,2025-11-14,2025-11-08,Lost,14937.93,17
2321,OPP-002321,27138,6,1,Centro-Oeste,Enterprise,Tecnologia,2025-10-26,2025-12-13,2025-12-29,Won,111847.04,64
2322,OPP-002322,27168,4,5,Sudeste,SMB,Tecnologia,2025-10-21,2025-12-31,2025-12-31,Won,7661.94,71
2323,OPP-002323,27175,2,1,Sul,Mid-Market,Serviços,2025-10-23,2025-12-11,2025-12-16,Lost,37419.45,54
2324,OPP-002324,27182,8,3,Sul,Mid-Market,Serviços,2025-10-14,2025-11-12,2025-11-20,Won,21390.61,37
2325,OPP-002325,27209,8,4,Sudeste,Mid-Market,Tecnologia,2025-10-19,2025-12-25,2025-12-31,Won,32669.39,73
2326,OPP-002326,27222,8,3,Sudeste,SMB,Saúde,2025-11-03,2025-12-31,2025-12-24,Lost,5543.63,51
2327,OPP-002327,27225,5,2,Sudeste,Mid-Market,Serviços,2025-10-29,2025-12-09,2025-11-30,Won,73855.83,32
2328,OPP-002328,27230,5,1,Sul,Enterprise,Varejo,2025-11-05,2025-12-31,2025-12-31,Lost,104367.88,56
2329,OPP-002329,27235,8,2,Sudeste,SMB,Varejo,2025-10-12,2025-12-05,2025-12-19,Lost,10808.17,68
2330,OPP-002330,27251,8,3,Sul,SMB,Educação,2025-11-11,2025-12-21,2025-12-28,Won,7576.78,47
2331,OPP-002331,27257,4,2,Nordeste,Enterprise,Tecnologia,2025-10-17,2025-11-15,2025-11-15,Won,43875.0,29
2332,OPP-002332,27280,2,3,Sudeste,SMB,Varejo,2025-10-21,2025-12-11,2025-12-18,Lost,12219.23,58
2333,OPP-002333,27288,6,3,Sul,Mid-Market,Serviços,2025-11-02,2025-12-24,2025-12-14,Lost,131322.26,42
2334,OPP-002334,27291,1,2,Centro-Oeste,Enterprise,Varejo,2025-10-31,2025-12-24,2025-12-31,Lost,79443.6,61
2335,OPP-002335,27292,7,2,Nordeste,Mid-Market,Indústria,2025-11-20,2025-12-19,2025-12-07,Lost,44279.28,17
2336,OPP-002336,27303,2,3,Centro-Oeste,SMB,Indústria,2025-10-20,2025-11-17,2025-11-16,Won,4572.23,27
2337,OPP-002337,27307,3,3,Nordeste,SMB,Varejo,2025-10-16,2025-11-19,2025-12-07,Won,7235.7,52
2338,OPP-002338,27328,10,3,Sudeste,SMB,Serviços,2025-10-26,2025-12-25,2025-12-24,Won,12909.33,59
2339,OPP-002339,27344,1,6,Sudeste,Enterprise,Educação,2025-10-19,2025-11-16,2025-11-14,Lost,84198.5,26
2340,OPP-002340,27356,11,3,Sudeste,Enterprise,Tecnologia,2025-10-21,2025-12-31,2025-12-30,Lost,66295.15,70
2341,OPP-002341,27364,11,5,Nordeste,Enterprise,Serviços,2025-10-19,2025-11-22,2025-11-25,Won,38523.8,37
2342,OPP-002342,27380,10,4,Nordeste,Mid-Market,Varejo,2025-11-03,2025-12-01,2025-12-03,Won,53152.15,30
2343,OPP-002343,27381,10,1,Sul,SMB,Educação,2025-11-06,2025-12-14,2025-12-04,Won,14977.13,28
2344,OPP-002344,27384,11,5,Sudeste,SMB,Serviços,2025-10-24,2025-12-18,2025-12-08,Won,12628.53,45
2345,OPP-002345,27407,10,2,Sudeste,SMB,Varejo,2025-11-03,2025-12-31,,Open,6374.11,58
2346,OPP-002346,27408,5,1,Nordeste,SMB,Varejo,2025-11-07,2025-12-21,2025-12-28,Won,16390.96,51
2347,OPP-002347,27411,5,2,Sudeste,SMB,Varejo,2025-11-08,2025-12-23,2025-12-31,Won,27780.15,53
2348,OPP-002348,27432,12,3,Nordeste,SMB,Varejo,2025-11-02,2025-12-10,2025-12-31,Lost,16039.42,59
2349,OPP-002349,27452,3,3,Sul,Enterprise,Serviços,2025-10-31,2025-12-23,,Open,139552.15,61
2350,OPP-002350,27456,7,5,Centro-Oeste,Enterprise,Saúde,2025-11-30,2025-12-31,2025-12-31,Lost,171788.7,31
2351,OPP-002351,27497,2,1,Nordeste,Enterprise,Varejo,2025-10-25,2025-12-28,2025-12-29,Lost,147009.7,65
2352,OPP-002352,27502,9,1,Sul,SMB,Saúde,2025-10-30,2025-12-03,2025-12-11,Won,8968.36,42
2353,OPP-002353,27505,2,3,Sudeste,Mid-Market,Indústria,2025-10-25,2025-11-21,,Open,14151.17,67
2354,OPP-002354,27528,1,5,Sudeste,Mid-Market,Saúde,2025-10-28,2025-12-10,2025-12-08,Won,30550.25,41
2355,OPP-002355,27553,5,3,Sul,SMB,Educação,2025-10-20,2025-12-24,2025-12-25,Won,11192.45,66
2356,OPP-002356,27573,9,2,Sudeste,Enterprise,Serviços,2025-11-24,2025-12-31,2025-12-23,Won,76272.51,29
2357,OPP-002357,27579,2,3,Sudeste,Mid-Market,Serviços,2025-11-19,2025-12-31,2025-12-31,Won,17201.85,42
2358,OPP-002358,27584,11,1,Centro-Oeste,Enterprise,Varejo,2025-11-05,2025-11-26,2025-11-21,Lost,62825.55,16
2359,OPP-002359,27587,2,1,Nordeste,Enterprise,Varejo,2025-11-02,2025-12-06,2025-12-21,Won,100202.78,49
2360,OPP-002360,27607,1,1,Nordeste,SMB,Indústria,2025-10-31,2025-12-11,2025-11-25,Won,7886.42,25
2361,OPP-002361,27618,3,1,Sudeste,Mid-Market,Tecnologia,2025-10-25,2025-12-31,2025-12-31,Lost,12652.7,67
2362,OPP-002362,27622,12,3,Nordeste,SMB,Tecnologia,2025-10-23,2025-12-09,2025-12-04,Lost,10356.21,42
2363,OPP-002363,27624,1,2,Centro-Oeste,SMB,Indústria,2025-10-21,2025-12-09,2025-12-06,Won,12789.82,46
2364,OPP-002364,27627,11,1,Sudeste,Enterprise,Tecnologia,2025-10-18,2025-12-28,2025-12-31,Won,89955.2,74
2365,OPP-002365,27635,3,2,Centro-Oeste,Enterprise,Serviços,2025-10-18,2025-12-26,2025-12-31,Lost,158243.7,74
2366,OPP-002366,27644,5,5,Sudeste,SMB,Indústria,2025-10-16,2025-11-08,2025-11-12,Lost,7798.07,27
2367,OPP-002367,27663,9,6,Nordeste,Mid-Market,Educação,2025-10-21,2025-11-27,2025-12-01,Won,22759.32,41
2368,OPP-002368,27674,5,4,Sul,Mid-Market,Indústria,2025-11-15,2025-12-08,2025-12-04,Won,28592.14,19
2369,OPP-002369,27689,4,6,Nordeste,Enterprise,Varejo,2025-10-31,2025-12-31,2025-12-31,Won,81556.26,61
2370,OPP-002370,27700,8,5,Centro-Oeste,Mid-Market,Serviços,2025-11-07,2025-12-31,2025-12-22,Lost,46677.66,45
2371,OPP-002371,27718,2,4,Nordeste,SMB,Varejo,2025-11-13,2025-12-06,2025-11-13,Won,5389.66,5
2372,OPP-002372,27729,1,5,Sudeste,Enterprise,Serviços,2025-11-20,2025-12-30,,Open,125547.16,41
2373,OPP-002373,27736,11,4,Nordeste,Enterprise,Serviços,2025-11-11,2025-12-04,2025-11-11,Won,115913.73,5
2374,OPP-002374,27745,8,5,Sudeste,Mid-Market,Tecnologia,2025-11-19,2025-12-31,,Open,58584.51,42
2375,OPP-002375,27751,11,4,Nordeste,SMB,Educação,2025-11-26,2025-12-28,2025-12-09,Lost,9937.2,13
2376,OPP-002376,27783,2,1,Nordeste,Enterprise,Tecnologia,2025-12-04,2025-12-31,,Open,51469.86,27
2377,OPP-002377,27838,9,3,Sudeste,SMB,Varejo,2025-11-16,2025-12-31,2025-12-31,Won,7701.3,45
2378,OPP-002378,27841,7,4,Centro-Oeste,SMB,Indústria,2025-10-18,2025-12-02,2025-12-23,Won,5512.45,66
2379,OPP-002379,27846,9,6,Centro-Oeste,SMB,Serviços,2025-11-11,2025-12-31,2025-12-18,Lost,13799.13,37
2380,OPP-002380,27855,4,3,Nordeste,SMB,Saúde,2025-12-02,2025-12-31,2025-12-18,Won,8192.65,16
2381,OPP-002381,27863,8,3,Sudeste,Enterprise,Varejo,2025-11-26,2025-12-31,2025-12-31,Won,98960.12,35
2382,OPP-002382,27865,9,1,Sul,Mid-Market,Serviços,2025-11-20,2025-12-31,2025-12-29,Won,53517.74,39
2383,OPP-002383,27900,6,1,Nordeste,Mid-Market,Saúde,2025-12-05,2025-12-31,,Open,22868.65,26
2384,OPP-002384,27901,7,4,Sudeste,Enterprise,Serviços,2025-11-15,2025-12-18,2025-12-08,Lost,91957.67,23
2385,OPP-002385,27932,3,1,Sudeste,SMB,Serviços,2025-11-02,2025-12-22,2025-12-31,Won,14916.04,59
2386,OPP-002386,27985,1,3,Sul,SMB,Tecnologia,2025-11-21,2025-12-31,,Open,11772.23,40
2387,OPP-002387,27997,7,1,Sudeste,SMB,Varejo,2025-11-20,2025-12-22,2025-12-21,Won,11631.95,31
2388,OPP-002388,28045,11,2,Centro-Oeste,SMB,Varejo,2025-12-06,2025-12-31,2025-12-31,Lost,6103.62,25
2389,OPP-002389,28069,12,3,Sudeste,Mid-Market,Serviços,2025-12-11,2025-12-31,2025-12-31,Lost,10548.21,20
2390,OPP-002390,28072,3,3,Sudeste,SMB,Tecnologia,2025-11-11,2025-12-08,2025-11-30,Won,4605.51,19
2391,OPP-002391,28074,12,1,Nordeste,SMB,Saúde,2025-11-25,2025-12-17,,Open,9547.78,36
2392,OPP-002392,28075,3,3,Centro-Oeste,Enterprise,Indústria,2025-11-14,2025-12-29,2025-12-31,Won,61907.07,47
2393,OPP-002393,28094,9,2,Sudeste,SMB,Indústria,2025-10-30,2025-12-15,2025-12-21,Lost,12650.96,52
2394,OPP-002394,28104,4,1,Nordeste,Enterprise,Saúde,2025-12-06,2025-12-31,2025-12-27,Won,44066.63,21
2395,OPP-002395,28119,7,1,Centro-Oeste,SMB,Serviços,2025-11-13,2025-12-25,2025-12-19,Lost,11540.73,36
2396,OPP-002396,28141,11,1,Centro-Oeste,Enterprise,Varejo,2025-12-03,2025-12-31,2025-12-26,Won,64713.63,23
2397,OPP-002397,28158,9,6,Sudeste,Enterprise,Varejo,2025-11-17,2025-12-31,2025-12-26,Won,45424.82,39
2398,OPP-002398,28160,9,1,Sudeste,Enterprise,Varejo,2025-11-02,2025-12-22,2025-12-31,Won,141031.13,59
2399,OPP-002399,28208,10,6,Nordeste,SMB,Educação,2025-11-27,2025-12-31,2025-12-31,Won,10336.98,34
2400,OPP-002400,28209,8,6,Sudeste,Mid-Market,Indústria,2025-11-24,2025-12-31,2025-12-28,Won,59963.76,34
2401,OPP-002401,28215,11,3,Sul,SMB,Indústria,2025-10-26,2025-12-20,2025-12-22,Lost,11650.96,57
2402,OPP-002402,28251,7,2,Nordeste,SMB,Varejo,2025-12-07,2025-12-31,2025-12-31,Won,9238.68,24
2403,OPP-002403,28276,11,3,Sudeste,Enterprise,Serviços,2025-11-29,2025-12-22,,Open,61724.97,32
2404,OPP-002404,28286,11,2,Sul,Enterprise,Serviços,2025-11-24,2025-12-28,2025-12-31,Won,90474.31,37
2405,OPP-002405,28298,5,3,Sudeste,Enterprise,Varejo,2025-11-11,2025-12-13,,Open,86616.17,50
2406,OPP-002406,28315,7,6,Centro-Oeste,SMB,Serviços,2025-11-13,2025-12-19,2025-11-30,Lost,5926.56,17
2407,OPP-002407,28343,10,3,Nordeste,SMB,Serviços,2025-12-13,2025-12-31,2025-12-25,Lost,3950.26,12
2408,OPP-002408,28344,3,4,Nordeste,SMB,Tecnologia,2025-11-29,2025-12-31,2025-12-26,Lost,10602.9,27
2409,OPP-002409,28346,5,1,Sudeste,SMB,Tecnologia,2025-12-02,2025-12-31,,Open,10400.17,29
2410,OPP-002410,28369,6,3,Sul,Mid-Market,Varejo,2025-10-30,2025-12-22,2025-12-26,Won,34274.18,57
2411,OPP-002411,28379,7,2,Nordeste,SMB,Serviços,2025-12-15,2025-12-31,2025-12-22,Lost,18046.57,7
2412,OPP-002412,28389,6,3,Nordeste,Enterprise,Educação,2025-11-24,2025-12-28,2025-12-31,Lost,102195.61,37
2413,OPP-002413,28391,9,6,Nordeste,Mid-Market,Serviços,2025-11-19,2025-12-27,2025-12-31,Won,17664.82,42
2414,OPP-002414,28395,4,4,Sudeste,SMB,Educação,2025-11-18,2025-12-10,2025-12-31,Won,9721.31,43
2415,OPP-002415,28433,6,3,Sudeste,Mid-Market,Varejo,2025-11-05,2025-12-27,2025-12-23,Won,11778.69,48
2416,OPP-002416,28452,1,2,Sudeste,Enterprise,Tecnologia,2025-11-17,2025-12-31,2025-12-31,Won,112148.24,44
2417,OPP-002417,28455,6,1,Sudeste,Mid-Market,Varejo,2025-11-15,2025-12-24,2025-12-26,Lost,44024.34,41
2418,OPP-002418,28466,6,2,Nordeste,Mid-Market,Tecnologia,2025-12-04,2025-12-31,2025-12-23,Lost,63264.59,19
2419,OPP-002419,28498,8,4,Sudeste,Enterprise,Serviços,2025-11-23,2025-12-31,2025-12-31,Won,196662.45,38
2420,OPP-002420,28522,1,2,Nordeste,Enterprise,Tecnologia,2025-11-14,2025-12-31,2025-12-24,Won,132231.42,40
2421,OPP-002421,28531,10,5,Sul,Mid-Market,Serviços,2025-12-22,2025-12-31,2025-12-31,Won,15587.2,9
2422,OPP-002422,28537,2,1,Sul,SMB,Serviços,2025-12-03,2025-12-31,2025-12-31,Won,7351.78,28
2423,OPP-002423,28562,5,3,Sudeste,Mid-Market,Serviços,2025-11-09,2025-12-14,2025-12-20,Won,88001.08,41
2424,OPP-002424,28583,3,1,Centro-Oeste,SMB,Tecnologia,2025-11-15,2025-12-31,2025-12-29,Lost,17299.59,44
2425,OPP-002425,28594,9,4,Sul,SMB,Tecnologia,2025-11-29,2025-12-31,2025-12-30,Won,12749.74,31
2426,OPP-002426,28610,4,5,Sudeste,Mid-Market,Tecnologia,2025-11-01,2025-12-31,2025-12-27,Won,29328.66,56
2427,OPP-002427,28625,3,3,Sudeste,SMB,Serviços,2025-11-25,2025-12-31,2025-12-31,Lost,16326.81,36
2428,OPP-002428,28643,7,4,Sudeste,Mid-Market,Varejo,2025-11-09,2025-12-13,2025-11-21,Won,26215.52,12
2429,OPP-002429,28676,6,6,Sudeste,Mid-Market,Varejo,2025-12-04,2025-12-31,2025-12-31,Won,26606.63,27
2430,OPP-002430,28690,2,3,Sul,Enterprise,Saúde,2025-12-06,2025-12-31,2025-12-12,Won,37209.38,6
2431,OPP-002431,28709,11,1,Centro-Oeste,Enterprise,Varejo,2025-11-16,2025-12-31,2025-12-31,Won,90586.22,45
2432,OPP-002432,28713,2,3,Sudeste,Enterprise,Varejo,2025-12-11,2025-12-31,2025-12-31,Won,87936.42,20
2433,OPP-002433,28714,3,3,Sudeste,SMB,Varejo,2025-11-16,2025-12-18,2025-12-02,Won,11227.72,16
2434,OPP-002434,28747,10,6,Sudeste,SMB,Serviços,2025-12-21,2025-12-31,,Open,9277.94,10
2435,OPP-002435,28751,6,2,Nordeste,Enterprise,Serviços,2025-12-20,2025-12-31,2025-12-31,Lost,92344.99,11
2436,OPP-002436,28757,4,5,Sudeste,SMB,Serviços,2025-11-25,2025-12-31,2025-12-31,Won,6657.07,36
2437,OPP-002437,28763,6,4,Nordeste,Mid-Market,Tecnologia,2025-12-03,2025-12-31,2025-12-24,Lost,48474.7,21
2438,OPP-002438,28772,4,6,Nordeste,Enterprise,Serviços,2025-12-18,2025-12-31,2025-12-31,Won,93768.84,13
2439,OPP-002439,28791,1,4,Sudeste,SMB,Educação,2025-11-08,2025-12-07,2025-11-24,Won,6610.26,16
2440,OPP-002440,28797,8,3,Sudeste,Enterprise,Varejo,2025-12-07,2025-12-31,2025-12-31,Won,110494.01,24
2441,OPP-002441,28810,3,1,Centro-Oeste,SMB,Serviços,2025-11-08,2025-12-31,,Open,8644.26,53
2442,OPP-002442,28812,2,1,Sudeste,Enterprise,Varejo,2025-12-23,2025-12-31,2025-12-23,Won,94549.36,5
2443,OPP-002443,28829,8,3,Sudeste,Enterprise,Saúde,2025-12-15,2025-12-31,2025-12-28,Won,91848.23,13
2444,OPP-002444,28831,6,6,Sudeste,SMB,Serviços,2025-12-01,2025-12-31,2025-12-29,Won,10367.57,28
2445,OPP-002445,28867,7,6,Sudeste,Enterprise,Tecnologia,2025-11-26,2025-12-31,2025-12-31,Lost,139199.54,35
2446,OPP-002446,28872,3,2,Sudeste,Mid-Market,Serviços,2025-11-30,2025-12-23,2025-12-18,Won,29110.55,18
2447,OPP-002447,28875,10,1,Sudeste,Mid-Market,Varejo,2025-12-07,2025-12-31,2025-12-31,Lost,15860.45,24
2448,OPP-002448,28883,9,2,Sul,Mid-Market,Serviços,2025-12-02,2025-12-31,,Open,51768.77,29
2449,OPP-002449,28887,8,2,Sul,Mid-Market,Indústria,2025-11-23,2025-12-20,2025-12-31,Lost,37759.3,38
2450,OPP-002450,28889,11,3,Sudeste,Enterprise,Serviços,2025-11-28,2025-12-23,2025-12-13,Won,60839.09,15
2451,OPP-002451,28890,11,2,Sul,SMB,Serviços,2025-12-13,2025-12-31,,Open,5062.25,18
2452,OPP-002452,28897,10,3,Nordeste,Mid-Market,Tecnologia,2025-12-11,2025-12-31,2025-12-27,Won,16063.58,16
2453,OPP-002453,28946,5,1,Sudeste,SMB,Varejo,2025-12-06,2025-12-31,2025-12-31,Lost,8328.55,25
2454,OPP-002454,28952,10,2,Nordeste,Mid-Market,Saúde,2025-12-11,2025-12-31,,Open,16386.63,20
2455,OPP-002455,28956,1,1,Sudeste,Enterprise,Varejo,2025-12-23,2025-12-31,2025-12-31,Won,49519.45,8
2456,OPP-002456,28966,9,5,Nordeste,Enterprise,Indústria,2025-11-13,2025-12-30,2025-12-23,Won,57397.52,40
2457,OPP-002457,28971,5,4,Sudeste,Enterprise,Varejo,2025-12-27,2025-12-31,2025-12-29,Won,81309.62,5
2458,OPP-002458,28972,9,6,Sul,Mid-Market,Serviços,2025-12-16,2025-12-31,2025-12-31,Lost,12803.89,15
2459,OPP-002459,29001,1,4,Sul,SMB,Tecnologia,2025-11-27,2025-12-31,2025-12-31,Lost,4780.06,34
2460,OPP-002460,29006,10,5,Sudeste,Enterprise,Serviços,2025-12-10,2025-12-31,2025-12-31,Won,51897.73,21
2461,OPP-002461,29013,9,4,Sul,Enterprise,Varejo,2025-12-06,2025-12-26,2025-12-30,Won,195198.35,24
2462,OPP-002462,29015,2,3,Sudeste,Enterprise,Varejo,2025-11-07,2025-12-31,2025-12-11,Lost,106737.94,34
2463,OPP-002463,29019,10,1,Sul,Mid-Market,Indústria,2025-12-11,2025-12-31,2025-12-31,Won,26874.21,20
2464,OPP-002464,29030,9,2,Nordeste,Mid-Market,Serviços,2025-11-25,2025-12-31,2025-12-31,Lost,45089.07,36
2465,OPP-002465,29046,1,6,Nordeste,Enterprise,Tecnologia,2025-11-23,2025-12-31,2025-12-31,Lost,153743.22,38
2466,OPP-002466,29050,10,3,Sul,Mid-Market,Serviços,2025-12-09,2025-12-31,2025-12-31,Lost,22938.57,22
2467,OPP-002467,29054,3,6,Nordeste,SMB,Varejo,2025-11-26,2025-12-27,2025-12-31,Lost,8445.28,35
2468,OPP-002468,29090,9,6,Sudeste,SMB,Tecnologia,2025-11-12,2025-12-31,2025-12-31,Won,7836.06,49
2469,OPP-002469,29101,3,4,Sudeste,Mid-Market,Varejo,2025-12-13,2025-12-31,2025-12-31,Won,63931.22,18
2470,OPP-002470,29111,8,6,Sudeste,Enterprise,Serviços,2025-11-27,2025-12-31,2025-12-31,Won,41053.87,34
2471,OPP-002471,29127,5,3,Nordeste,Enterprise,Educação,2025-11-27,2025-12-31,2025-12-21,Lost,147328.25,24
2472,OPP-002472,29147,5,2,Sudeste,SMB,Serviços,2025-12-25,2025-12-31,2025-12-25,Lost,13365.04,5
2473,OPP-002473,29157,9,1,Sudeste,SMB,Varejo,2025-12-02,2025-12-31,2025-12-31,Lost,14392.18,29
2474,OPP-002474,29167,4,1,Nordeste,SMB,Varejo,2025-12-18,2025-12-31,2025-12-31,Lost,7950.2,13
2475,OPP-002475,29173,5,3,Sul,Enterprise,Serviços,2025-12-05,2025-12-31,2025-12-19,Won,62695.54,14
2476,OPP-002476,29175,8,6,Sudeste,Mid-Market,Serviços,2025-12-11,2025-12-31,2025-12-12,Won,27414.76,5
2477,OPP-002477,29194,11,4,Centro-Oeste,Mid-Market,Saúde,2025-12-22,2025-12-31,2025-12-31,Won,32003.76,9
2478,OPP-002478,29196,11,5,Sudeste,Mid-Market,Tecnologia,2025-11-28,2025-12-31,2025-12-31,Won,49387.01,33
2479,OPP-002479,29208,8,2,Sudeste,SMB,Serviços,2025-12-20,2025-12-31,2025-12-31,Won,10969.22,11
2480,OPP-002480,29212,2,4,Sudeste,Enterprise,Educação,2025-12-18,2025-12-31,2025-12-31,Won,84747.78,13
2481,OPP-002481,29214,4,2,Sudeste,Mid-Market,Tecnologia,2025-12-06,2025-12-31,,Open,42310.92,25
2482,OPP-002482,29219,8,4,Sudeste,Enterprise,Educação,2025-12-16,2025-12-31,2025-12-31,Won,51756.55,15
2483,OPP-002483,29224,3,5,Sul,Enterprise,Varejo,2025-12-03,2025-12-31,2025-12-14,Won,40193.07,11
2484,OPP-002484,29250,12,1,Sul,Enterprise,Indústria,2025-12-30,2025-12-31,2025-12-31,Won,147310.18,5
2485,OPP-002485,29258,3,4,Nordeste,Enterprise,Indústria,2025-12-08,2025-12-31,2025-12-31,Lost,37270.54,23
2486,OPP-002486,29271,9,5,Nordeste,Mid-Market,Varejo,2025-12-28,2025-12-31,,Open,22104.65,5
2487,OPP-002487,29274,4,6,Nordeste,Enterprise,Saúde,2025-12-13,2025-12-31,2025-12-29,Won,210485.46,16
2488,OPP-002488,29275,2,1,Sudeste,Mid-Market,Serviços,2025-12-14,2025-12-31,2025-12-29,Lost,71147.96,15
2489,OPP-002489,29286,7,4,Centro-Oeste,Enterprise,Educação,2025-11-15,2025-12-20,2025-12-22,Lost,201412.67,37
2490,OPP-002490,29288,9,3,Sudeste,Mid-Market,Saúde,2025-12-16,2025-12-31,2025-12-29,Won,44089.54,13
2491,OPP-002491,29301,1,1,Sudeste,SMB,Saúde,2025-12-22,2025-12-31,2025-12-22,Lost,9453.18,5
2492,OPP-002492,29302,10,1,Nordeste,SMB,Serviços,2025-12-21,2025-12-31,2025-12-31,Won,8510.23,10
2493,OPP-002493,29312,6,1,Sudeste,SMB,Serviços,2025-12-08,2025-12-31,2025-12-21,Won,13637.45,13
2494,OPP-002494,29316,10,1,Nordeste,SMB,Varejo,2025-12-24,2025-12-31,2025-12-31,Won,6625.44,7
2495,OPP-002495,29325,4,6,Sudeste,Enterprise,Varejo,2025-12-08,2025-12-31,2025-12-18,Lost,87094.97,10
2496,OPP-002496,29333,7,3,Sudeste,Mid-Market,Varejo,2025-11-26,2025-12-31,2025-12-22,Lost,27020.69,26
2497,OPP-002497,29348,8,2,Sudeste,SMB,Serviços,2025-11-25,2025-12-31,2025-12-31,Won,9591.98,36
2498,OPP-002498,29356,6,1,Sul,SMB,Indústria,2025-12-31,2025-12-31,2025-12-31,Won,5690.27,5
2499,OPP-002499,29358,12,3,Sudeste,Mid-Market,Serviços,2025-12-03,2025-12-31,2025-12-31,Won,41100.18,28
2500,OPP-002500,29361,3,3,Sudeste,Enterprise,Indústria,2025-12-31,2025-12-31,2025-12-31,Lost,100487.8,5
2501,OPP-002501,29440,5,2,Sudeste,SMB,Tecnologia,2025-12-18,2025-12-31,2025-12-31,Won,7012.82,13
2502,OPP-002502,29443,7,3,Sul,Mid-Market,Educação,2025-12-24,2025-12-31,2025-12-31,Won,25606.56,7
2503,OPP-002503,29449,7,3,Sudeste,SMB,Tecnologia,2025-12-25,2025-12-31,2025-12-31,Won,8095.74,6
2504,OPP-002504,29468,11,3,Sudeste,Mid-Market,Varejo,2025-12-15,2025-12-31,2025-12-31,Won,20621.88,16
2505,OPP-002505,29489,1,2,Sudeste,Mid-Market,Serviços,2025-12-12,2025-12-31,2025-12-14,Lost,49895.04,5
2506,OPP-002506,29504,4,2,Nordeste,Enterprise,Educação,2025-12-29,2025-12-31,2025-12-29,Lost,101434.13,5
2507,OPP-002507,29536,5,1,Sul,Mid-Market,Tecnologia,2025-12-19,2025-12-31,2025-12-19,Won,21109.3,5
2508,OPP-002508,29559,11,3,Nordeste,SMB,Indústria,2025-12-15,2025-12-31,2025-12-31,Won,8072.89,16
2509,OPP-002509,29592,10,3,Centro-Oeste,Mid-Market,Indústria,2025-12-20,2025-12-31,2025-12-31,Won,78073.5,11
2510,OPP-002510,29598,6,6,Nordeste,Enterprise,Varejo,2025-12-31,2025-12-31,2025-12-31,Won,80594.58,5
2511,OPP-002511,29600,3,3,Centro-Oeste,Enterprise,Varejo,2025-12-07,2025-12-31,2025-12-31,Lost,183807.19,24
2512,OPP-002512,29618,4,1,Sul,SMB,Educação,2025-12-31,2025-12-31,2025-12-31,Lost,10829.53,5
2513,OPP-002513,29625,9,2,Sudeste,SMB,Serviços,2025-12-31,2025-12-31,2025-12-31,Won,9413.74,5
2514,OPP-002514,29628,12,1,Sudeste,SMB,Tecnologia,2025-12-12,2025-12-31,,Open,15099.03,19
2515,OPP-002515,29649,5,1,Sul,Mid-Market,Serviços,2025-11-23,2025-12-31,2025-12-29,Won,16494.1,36
2516,OPP-002516,29655,12,6,Sul,Enterprise,Serviços,2025-12-18,2025-12-31,2025-12-31,Won,70536.91,13
2517,OPP-002517,29669,7,3,Sul,Enterprise,Saúde,2025-12-30,2025-12-31,2025-12-31,Won,162597.51,5
2518,OPP-002518,29678,9,3,Sul,SMB,Educação,2025-12-18,2025-12-31,,Open,6196.1,13
2519,OPP-002519,29735,12,1,Sudeste,SMB,Tecnologia,2025-12-26,2025-12-31,2025-12-31,Won,10807.95,5
2520,OPP-002520,29736,5,2,Sudeste,Mid-Market,Saúde,2025-12-22,2025-12-31,2025-12-22,Won,28614.49,5
2521,OPP-002521,29740,4,3,Sudeste,Mid-Market,Serviços,2025-12-31,2025-12-31,2025-12-31,Lost,41309.72,5
2522,OPP-002522,29743,1,3,Nordeste,SMB,Educação,2025-12-04,2025-12-26,2025-12-31,Won,20191.82,27
2523,OPP-002523,29756,8,3,Centro-Oeste,Mid-Market,Varejo,2025-11-26,2025-12-19,2025-12-16,Lost,30950.53,20
2524,OPP-002524,29758,12,1,Sudeste,SMB,Varejo,2025-12-25,2025-12-31,2025-12-25,Won,16762.3,5
2525,OPP-002525,29764,5,1,Sul,Mid-Market,Indústria,2025-12-31,2025-12-31,2025-12-31,Won,17767.2,5
2526,OPP-002526,29768,2,4,Sudeste,Mid-Market,Educação,2025-12-29,2025-12-31,2025-12-31,Won,31768.69,5
2527,OPP-002527,29771,10,4,Sul,SMB,Serviços,2025-12-05,2025-12-31,2025-12-31,Won,10971.93,26
2528,OPP-002528,29782,11,2,Sudeste,SMB,Tecnologia,2025-12-19,2025-12-31,2025-12-19,Won,7001.33,5
2529,OPP-002529,29802,7,1,Centro-Oeste,SMB,Varejo,2025-12-09,2025-12-31,2025-12-31,Won,12109.7,22
2530,OPP-002530,29805,7,2,Nordeste,Mid-Market,Varejo,2025-12-28,2025-12-31,2025-12-31,Lost,47616.21,5
2531,OPP-002531,29808,1,2,Sul,SMB,Saúde,2025-12-10,2025-12-31,2025-12-15,Won,13031.37,5
2532,OPP-002532,29840,5,1,Nordeste,Enterprise,Saúde,2025-12-27,2025-12-31,2025-12-27,Won,89883.92,5
2533,OPP-002533,29844,5,6,Centro-Oeste,SMB,Tecnologia,2025-12-14,2025-12-31,2025-12-23,Lost,10283.5,9
2534,OPP-002534,29846,5,4,Centro-Oeste,Enterprise,Serviços,2025-12-19,2025-12-31,2025-12-31,Lost,55962.7,12
2535,OPP-002535,29863,9,3,Sudeste,Enterprise,Varejo,2025-12-31,2025-12-31,2025-12-31,Lost,47619.66,5
2536,OPP-002536,29884,11,1,Sudeste,Enterprise,Tecnologia,2025-12-27,2025-12-31,2025-12-31,Won,141400.11,5
2537,OPP-002537,29887,9,1,Sul,Enterprise,Varejo,2025-12-31,2025-12-31,2025-12-31,Won,52509.6,5
2538,OPP-002538,29904,6,2,Sudeste,SMB,Tecnologia,2025-12-30,2025-12-31,2025-12-30,Won,9305.64,5
2539,OPP-002539,29909,9,1,Sul,Enterprise,Saúde,2025-12-19,2025-12-31,2025-12-28,Won,58108.78,9
2540,OPP-002540,29914,1,1,Sudeste,SMB,Varejo,2025-12-17,2025-12-31,,Open,9411.95,14
2541,OPP-002541,29955,1,6,Sudeste,Mid-Market,Educação,2025-12-16,2025-12-31,2025-12-16,Lost,31179.47,5
2542,OPP-002542,29957,12,2,Sudeste,Mid-Market,Indústria,2025-12-31,2025-12-31,,Open,29664.13,5
2543,OPP-002543,29965,1,2,Sudeste,Enterprise,Indústria,2025-12-15,2025-12-31,2025-12-31,Won,103116.81,16
2544,OPP-002544,29969,10,1,Sudeste,SMB,Varejo,2025-11-27,2025-12-22,2025-12-14,Lost,5896.34,17
2545,OPP-002545,29972,3,3,Sudeste,SMB,Varejo,2025-12-31,2025-12-31,2025-12-31,Lost,7057.47,5
2546,OPP-002546,29977,4,1,Nordeste,Mid-Market,Educação,2025-12-10,2025-12-31,2025-12-31,Lost,67118.11,21
2547,OPP-002547,29995,6,6,Sudeste,SMB,Serviços,2025-12-24,2025-12-31,2025-12-24,Won,6199.6,5
